"DateTime","weir_runoff_m3s","wetland_runoff_m3s"
2013-05-15,0,0
2013-05-16,0,0
2013-05-17,0.00104599576438802,0.00219699496458333
2013-05-18,0.00318744016468099,0.00669485501770833
2013-05-19,0.00427791114433594,0.00898526510625
2013-05-20,0.00351460978248698,0.00738203753541667
2013-05-21,0.00137814303844401,0.00289463248229167
2013-05-22,0.00474989809970703,0.009976619946875
2013-05-23,0.00547151663219401,0.0114922974822917
2013-05-24,0.000723399157486979,0.00151941753541667
2013-05-25,1.780625e-06,3.74e-06
2013-05-26,0,0
2013-05-27,0,0
2013-05-28,0,0
2013-05-29,0,0
2013-05-30,0,0
2013-05-31,0,0
2013-06-01,5.147625e-05,0.00010812
2013-06-02,0.00311661976787109,0.006546104840625
2013-06-03,0.00320577242412109,0.006733359840625
2013-06-04,0.00014062890625,0.000295375
2013-06-05,3.9113046875e-05,8.21525e-05
2013-06-06,0.00834101405406901,0.0175193499822917
2013-06-07,0.00974309438343099,0.0204642600177083
2013-06-08,0.00238615893154297,0.005011855053125
2013-06-09,0.00189851049404297,0.003987605053125
2013-06-10,0.00218438172718099,0.00458804501770833
2013-06-11,0.00183491384498698,0.00385402753541667
2013-06-12,0.000760691119042969,0.001597745053125
2013-06-13,0.00133917167434896,0.00281277757083333
2013-06-14,0.00118255761184896,0.00248382757083333
2013-06-15,0,0
2013-06-16,8.8120703125e-05,0.0001850875
2013-06-17,0.000444164765625,0.0009329175
2013-06-18,0.00232932058902995,0.00489247258854167
2013-06-19,0.00379803270683594,0.00797733510625
2013-06-20,0.00182475618030599,0.00383269251770833
2013-06-21,0.0001460921875,0.00030685
2013-06-22,0.000148702421875,0.0003123325
2013-06-23,2.610234375e-06,5.4825e-06
2013-06-24,0.00026725561656901,0.000561339982291667
2013-06-25,0.00026725561656901,0.000561339982291667
2013-06-26,0.00214927504440104,0.00451430742916667
2013-06-27,0.00223842770065104,0.00470156242916667
2013-06-28,0.00013269703125,0.000278715
2013-06-29,0.000835740407486979,0.00175537753541667
2013-06-30,0.00206841854934896,0.00434447757083333
2013-07-01,0.00137759673561198,0.00289348503541667
2013-07-02,0.0110471797021159,0.0232033426947917
2013-07-03,0.020807149469987,0.0437030475354167
2013-07-04,0.0191360124033203,0.04019301446875
2013-07-05,0.00942875318232422,0.019804022128125
2013-07-06,0.0003115284375,0.00065433
2013-07-07,0.00140545942783203,0.002952007446875
2013-07-08,0.00125117231845703,0.002627944946875
2013-07-09,3.1565625e-06,6.63e-06
2013-07-10,0.00838223127360026,0.0176059220572917
2013-07-11,0.00941932397200521,0.0197842171458333
2013-07-12,0.00110797371402995,0.00232717258854167
2013-07-13,0.00165183318626302,0.00346948746458333
2013-07-14,0.00192817405406901,0.00404990998229167
2013-07-15,0.00039374071155599,0.000827007517708333
2013-07-16,0.000826554001236979,0.00173608253541667
2013-07-17,0.000783191735611979,0.00164500503541667
2013-07-18,3.1565625e-06,6.63e-06
2013-07-19,4.7490078125e-05,9.97475e-05
2013-07-20,4.8299453125e-05,0.0001014475
2013-07-21,0.00010509734375,0.000220745
2013-07-22,0.000783292907486979,0.00164521753541667
2013-07-23,0.000725503532486979,0.00152383753541667
2013-07-24,4.649859375e-05,9.7665e-05
2013-07-25,0.000164242421875,0.0003449725
2013-07-26,0.000164242421875,0.0003449725
2013-07-27,0.00250622971279297,0.005264050053125
2013-07-28,0.00250622971279297,0.005264050053125
2013-07-29,0,0
2013-07-30,0,0
2013-07-31,0.00013763421875,0.000289085
2013-08-01,0.00151276232688802,0.00317738496458333
2013-08-02,0.00137512810813802,0.00288829996458333
2013-08-03,1.0521875e-06,2.21e-06
2013-08-04,1.0521875e-06,2.21e-06
2013-08-05,0,0
2013-08-06,0.00222800704811198,0.00467967503541667
2013-08-07,0.00245728275966797,0.005161242553125
2013-08-08,0.00393538363590495,0.00826582508854167
2013-08-09,0.00486377719593099,0.0102158100177083
2013-08-10,0.00115912614658203,0.002434612446875
2013-08-11,0.00129671994716797,0.002723612553125
2013-08-12,0.00157134088466797,0.003300422553125
2013-08-13,0.00113955953968099,0.00239351501770833
2013-08-14,0.00086348172718099,0.00181364501770833
2013-08-15,0,0
2013-08-16,0,0
2013-08-17,0.00486351410690104,0.0102152574291667
2013-08-18,0.00534830949752604,0.0112335149291667
2013-08-19,0.001644022734375,0.0034530825
2013-08-20,0.00115922734375,0.002434825
2013-08-21,0.000812106640625,0.0017057375
2013-08-22,0.000883898203125,0.0018565275
2013-08-23,0.0003099096875,0.00065093
2013-08-24,0.000238118125,0.00050014
2013-08-25,0,0
2013-08-26,0,0
2013-08-27,0,0
2013-08-28,0.00033629532093099,0.000706350017708333
2013-08-29,0.000803567734375,0.0016878025
2013-08-30,0.00046727241344401,0.000981452482291667
2013-08-31,0.000979262795638021,0.00205682996458333
2013-09-01,0.00103383490501302,0.00217145246458333
2013-09-02,5.4572109375e-05,0.0001146225
2013-09-03,0,0
2013-09-04,1.323328125e-05,2.7795e-05
2013-09-05,1.323328125e-05,2.7795e-05
2013-09-06,0,0
2013-09-07,0,0
2013-09-08,0,0
2013-09-09,0,0
2013-09-10,7.4158984375e-05,0.0001557625
2013-09-11,0.000270796640625,0.0005687775
2013-09-12,0.00022189015625,0.000466055
2013-09-13,2.52525e-05,5.304e-05
2013-09-14,0,0
2013-09-15,0,0
2013-09-16,1.800859375e-06,3.7825e-06
2013-09-17,1.800859375e-06,3.7825e-06
2013-09-18,0,0
2013-09-19,0,0
2013-09-20,0.00283234716839193,0.00594902262395833
2013-09-21,0.00503018472965495,0.0105653300885417
2013-09-22,0.00219992170188802,0.00462068496458333
2013-09-23,2.084140625e-06,4.3775e-06
2013-09-24,0,0
2013-09-25,4.6033203125e-05,9.66875e-05
2013-09-26,4.60534375e-05,9.673e-05
2013-09-27,2.0234375e-08,4.25e-08
2013-09-28,0,0
2013-09-29,0,0
2013-09-30,0,0
2013-10-01,0,0
2013-10-02,0,0
2013-10-03,0,0
2013-10-04,0,0
2013-10-05,0,0
2013-10-06,0,0
2013-10-07,0.00862508442783203,0.018116007446875
2013-10-08,0.00865159145908203,0.018171682446875
2013-10-09,7.296515625e-05,0.000153255
2013-10-10,0.00081526319469401,0.00171236748229167
2013-10-11,0.000768805069694011,0.00161478748229167
2013-10-12,0.000551123671875,0.0011575725
2013-10-13,0.00064406015625,0.001352775
2013-10-14,0.00178829384498698,0.00375610753541667
2013-10-15,0.00174948431373698,0.00367459253541667
2013-10-16,5.64134375e-05,0.00011849
2013-10-17,0.00027555171875,0.000578765
2013-10-18,0.000273265234375,0.0005739625
2013-10-19,0,0
2013-10-20,0,0
2013-10-21,0,0
2013-10-22,0,0
2013-10-23,0.0001156596875,0.00024293
2013-10-24,0.0001156596875,0.00024293
2013-10-25,2.428125e-07,5.1e-07
2013-10-26,3.84453125e-07,8.075e-07
2013-10-27,1.41640625e-07,2.975e-07
2013-10-28,0,0
2013-10-29,4.997890625e-06,1.04975e-05
2013-10-30,0.000111309296875,0.0002337925
2013-10-31,0.000107100546875,0.0002249525
2013-11-01,0.0002239540625,0.00047039
2013-11-02,0.000223448203125,0.0004693275
2013-11-03,2.8328125e-07,5.95e-07
2013-11-04,0,0
2013-11-05,0,0
2013-11-06,0,0
2013-11-07,0,0
2013-11-08,0,0
2013-11-09,0,0
2013-11-10,0,0
2013-11-11,0,0
2013-11-12,0,0
2013-11-13,0,0
2013-11-14,0,0
2013-11-15,0.001701973984375,0.0035748025
2013-11-16,0.002308600546875,0.0048489525
2013-11-17,0.001402100546875,0.0029449525
2013-11-18,0.00105797453125,0.002222155
2013-11-19,0.000262500546875,0.0005513525
2013-11-20,0,0
2013-11-21,0,0
2013-11-22,1.347609375e-05,2.8305e-05
2013-11-23,1.347609375e-05,2.8305e-05
2013-11-24,0,0
2013-11-25,7.97234375e-06,1.6745e-05
2013-11-26,0.0268187229721031,0.0563296729607107
2013-11-27,0.0289485300984622,0.0608030902454187
2013-11-28,0.00231597396913608,0.00486443953362945
2013-11-29,0.000499156080844894,0.00104842049412981
2013-11-30,0.000501557751997371,0.00105346493083618
2013-12-01,0.000899076489042389,0.00188840776076857
2013-12-02,0.00185160674472665,0.00388908907000501
2013-12-03,0.0025818096158302,0.00542279703093293
2013-12-04,0.00144868318996652,0.00304279403606867
2013-12-05,3.597671875e-05,7.5565e-05
2013-12-06,0.003841394921875,0.0080684125
2013-12-07,0.00447806953125,0.009405675
2013-12-08,0.000672651328125,0.0014128275
2013-12-09,0.000711227768247541,0.00149385291863576
2013-12-10,0.010791026307658,0.0226653216655057
2013-12-11,0.0103712857121252,0.0217837043528808
2013-12-12,0.000345499279716628,0.000725681884810215
2013-12-13,0.000440536892563054,0.000925297565846723
2013-12-14,0.00628940300862985,0.0132101746590527
2013-12-15,0.00784467636050541,0.016476849189633
2013-12-16,0.00255703513679861,0.00537076105953067
2013-12-17,0.0031293189435626,0.0065727780127338
2013-12-18,0.00307215943860979,0.00645272098302596
2013-12-19,0.00132467492195451,0.0027823287936033
2013-12-20,0.000766597427545421,0.00161015058140814
2013-12-21,0,0
2013-12-22,0.002020463046875,0.0042437525
2013-12-23,0.00632219,0.01327904
2013-12-24,0.004301726953125,0.0090352875
2013-12-25,0,0
2013-12-26,0,0
2013-12-27,0,0
2013-12-28,0.000160741875,0.00033762
2013-12-29,0.005224191875,0.01097282
2013-12-30,0.00506345,0.0106352
2013-12-31,0,0
2014-01-01,0,0
2014-01-02,0.000315069453125,0.0006617675
2014-01-03,0.000315069453125,0.0006617675
2014-01-04,0,0
2014-01-05,0.00111929143229167,0.00235094416666667
2014-01-06,0.00132456916666667,0.00278210666666667
2014-01-07,0.000205277734375,0.0004311625
2014-01-08,0,0
2014-01-09,0,0
2014-01-10,0.00778638209558803,0.0163544087258683
2014-01-11,0.0115114303645833,0.0241784483333333
2014-01-12,0.00372504826899531,0.00782403960746505
2014-01-13,9.489921875e-06,1.99325e-05
2014-01-14,0.00070721164905599,0.00148541751770833
2014-01-15,0.00071002422718099,0.00149132501770833
2014-01-16,1.23025e-05,2.584e-05
2014-01-17,0.000123692734375,0.0002598025
2014-01-18,0.000123692734375,0.0002598025
2014-01-19,0,0
2014-01-20,0,0
2014-01-21,0.00044333515625,0.000931175
2014-01-22,0.00044333515625,0.000931175
2014-01-23,0,0
2014-01-24,0,0
2014-01-25,0,0
2014-01-26,2.56302083333333e-06,5.38333333333333e-06
2014-01-27,8.58611979166667e-05,0.000180341666666667
2014-01-28,8.32981770833333e-05,0.000174958333333333
2014-01-29,0,0
2014-01-30,0,0
2014-01-31,0.000578352640953394,0.0012147638481801
2014-02-01,0.00106304661458333,0.00223280833333333
2014-02-02,0.00048469397362994,0.00101804448515323
2014-02-03,0.008537712421875,0.0179324925
2014-02-04,0.008988453359375,0.0188792225
2014-02-05,0.00078222046875,0.001642965
2014-02-06,0.00033147953125,0.000696235
2014-02-07,0,0
2014-02-08,5.97588541666667e-06,1.25516666666667e-05
2014-02-09,5.97588541666667e-06,1.25516666666667e-05
2014-02-10,0,0
2014-02-11,0,0
2014-02-12,0,0
2014-02-13,0.0069640386326991,0.014627169946673
2014-02-14,0.00772575991107618,0.0162270787321446
2014-02-15,0.00170491010412679,0.00358096948511573
2014-02-16,0.00115740806389319,0.00243100380987604
2014-02-17,0.000345105787849388,0.000724855399961648
2014-02-18,0.00102181080979937,0.00214619722212687
2014-02-19,0.00611880772056082,0.0128518586872011
2014-02-20,0.00797106873391309,0.0167423219739333
2014-02-21,0.013587345209309,0.0285386710187803
2014-02-22,0.0121885529045442,0.0256006671045252
2014-02-23,0.0030245642703097,0.00635275275308292
2014-02-24,0.00467265280840383,0.00981437501070148
2014-02-25,0.00335407175241597,0.00704484568847215
2014-02-26,0.000448342902396963,0.000941693200401342
2014-02-27,0.000605180478355179,0.00127111266496223
2014-02-28,0.00057506849929222,0.00120786588268327
2014-03-01,0.000440775229340055,0.000925798165100347
2014-03-02,0.00223439283521397,0.00469308765388571
2014-03-03,0.00612288820544199,0.0128604292809283
2014-03-04,0.00430106948140872,0.00903390655554574
2014-03-05,0.000259539583333333,0.000545133333333333
2014-03-06,0.00023110002379961,0.000485399277787597
2014-03-07,0.00137958011523556,0.00289765089840982
2014-03-08,0.00271066854228547,0.00569345052897025
2014-03-09,0.00153584259309777,0.00322586243492351
2014-03-10,0.000204754166047864,0.000430062804363082
2014-03-11,0,0
2014-03-12,6.3596640625e-05,0.0001335775
2014-03-13,6.3596640625e-05,0.0001335775
2014-03-14,0,0
2014-03-15,0,0
2014-03-16,0.001848794609375,0.0038831825
2014-03-17,0.002098446328125,0.0044075475
2014-03-18,0.000748974345730206,0.0015731353053175
2014-03-19,0.00205204127400732,0.00431007896934355
2014-03-20,0.00199675614906146,0.00419395886134917
2014-03-21,0.00044403750203435,0.000932650197323114
2014-03-22,0,0
2014-03-23,0.000296069375,0.00062186
2014-03-24,0.000296069375,0.00062186
2014-03-25,0.00282308541303954,0.005929569361751
2014-03-26,0.00292891408682772,0.00615185043719798
2014-03-27,0.00163534358647875,0.00343485293839552
2014-03-28,0.00184654005379729,0.00387844706280202
2014-03-29,0.00281416959423171,0.00591084269985348
2014-03-30,0.00290593953125,0.006103595
2014-03-31,0.000408795078125,0.0008586275
2014-04-01,0,0
2014-04-02,1.5317421875e-05,3.21725e-05
2014-04-03,0.0005928671875,0.00124525
2014-04-04,0.00079298515625,0.001665575
2014-04-05,0.000215435390625,0.0004524975
2014-04-06,0,0
2014-04-07,0.005443714609375,0.0114339025
2014-04-08,0.005443714609375,0.0114339025
2014-04-09,0,0
2014-04-10,0,0
2014-04-11,0,0
2014-04-12,0,0
2014-04-13,0,0
2014-04-14,0.000201352265625,0.0004229175
2014-04-15,0.00525725484375,0.011042265
2014-04-16,0.005055902578125,0.0106193475
2014-04-17,0,0
2014-04-18,0,0
2014-04-19,0,0
2014-04-20,0,0
2014-04-21,0,0
2014-04-22,0,0
2014-04-23,0,0
2014-04-24,0,0
2014-04-25,0.001069771171875,0.0022469325
2014-04-26,0.001069771171875,0.0022469325
2014-04-27,0,0
2014-04-28,0.00227828946155599,0.00478528751770833
2014-04-29,0.00812232094593099,0.0170600100177083
2014-04-30,0.0063743946875,0.01338869
2014-05-01,0.000587302734375,0.0012335625
2014-05-02,5.693953125e-05,0.000119595
2014-05-03,0,0
2014-05-04,0,0
2014-05-05,0.00028914921875,0.000607325
2014-05-06,0.000292852109375,0.0006151025
2014-05-07,3.702890625e-06,7.7775e-06
2014-05-08,0,0
2014-05-09,0.000286417578125,0.0006015875
2014-05-10,0.000957187109375,0.0020104625
2014-05-11,0.00067149796875,0.001410405
2014-05-12,0.00034200140625,0.000718335
2014-05-13,0.00059574046875,0.001251285
2014-05-14,0.000329678671875,0.0006924525
2014-05-15,0.0091537480530599,0.0192264051770833
2014-05-16,0.0093865445374349,0.0197153676770833
2014-05-17,0.00030800765625,0.000646935
2014-05-18,0,0
2014-05-19,0,0
2014-05-20,0,0
2014-05-21,0,0
2014-05-22,0,0
2014-05-23,0,0
2014-05-24,0,0
2014-05-25,0,0
2014-05-26,0,0
2014-05-27,0.00012274171875,0.000257805
2014-05-28,0.00012274171875,0.000257805
2014-05-29,0.00074199453125,0.001558475
2014-05-30,0.00074199453125,0.001558475
2014-05-31,0,0
2014-06-01,0,0
2014-06-02,0,0
2014-06-03,1.946546875e-05,4.0885e-05
2014-06-04,0.00302155875,0.00634644
2014-06-05,0.00346262765625,0.007272855
2014-06-06,0.000460534375,0.0009673
2014-06-07,0,0
2014-06-08,0.000440441640625,0.0009250975
2014-06-09,0.00046097953125,0.000968235
2014-06-10,7.264140625e-05,0.000152575
2014-06-11,0.00329840546875,0.006927925
2014-06-12,0.005462471875,0.0114733
2014-06-13,0.002243850546875,0.0047129525
2014-06-14,2.7680625e-05,5.814e-05
2014-06-15,0,0
2014-06-16,7.24390625e-06,1.5215e-05
2014-06-17,2.739734375e-05,5.7545e-05
2014-06-18,2.01534375e-05,4.233e-05
2014-06-19,0,0
2014-06-20,0.0017423415625,0.00365959
2014-06-21,0.001808042578125,0.0037975875
2014-06-22,0.0013564315625,0.00284903
2014-06-23,0.001290730546875,0.0027110325
2014-06-24,5.7526328125e-05,0.0001208275
2014-06-25,0.000243480234375,0.0005114025
2014-06-26,0.00019420953125,0.000407915
2014-06-27,0.0002819053125,0.00059211
2014-06-28,0.0002736496875,0.00057477
2014-06-29,0.000229842265625,0.0004827575
2014-06-30,0.00025547921875,0.000536605
2014-07-01,2.5636953125e-05,5.38475e-05
2014-07-02,0.0001067565625,0.00022423
2014-07-03,0.00645820547718099,0.0135647250177083
2014-07-04,0.00635144891468099,0.0133404950177083
2014-07-05,0,0
2014-07-06,0,0
2014-07-07,0,0
2014-07-08,0.0004098675,0.00086088
2014-07-09,0.002027464140625,0.0042584575
2014-07-10,0.00173177921875,0.003637405
2014-07-11,0.000564923515625,0.0011865575
2014-07-12,0.00047546734375,0.000998665
2014-07-13,5.9145078125e-05,0.0001242275
2014-07-14,0.000970036021809896,0.00203745017708333
2014-07-15,0.0014965142249349,0.00314325767708333
2014-07-16,0.000560896875,0.0011781
2014-07-17,0,0
2014-07-18,5.2609375e-06,1.105e-05
2014-07-19,0.000196415078125,0.0004125475
2014-07-20,0.000191154140625,0.0004014975
2014-07-21,0.00015924453125,0.000334475
2014-07-22,0.0004135096875,0.00086853
2014-07-23,0.00025426515625,0.000534055
2014-07-24,0.002380371875,0.0049997
2014-07-25,0.002739066640625,0.0057530975
2014-07-26,0.000358694765625,0.0007533975
2014-07-27,0.00098059828125,0.002059635
2014-07-28,0.000983168046875,0.0020650325
2014-07-29,2.569765625e-06,5.3975e-06
2014-07-30,0,0
2014-07-31,0,0
2014-08-01,0.0029122527405599,0.00611685517708333
2014-08-02,0.0029344093811849,0.00616339267708333
2014-08-03,2.2156640625e-05,4.65375e-05
2014-08-04,0,0
2014-08-05,0.000258656015625,0.0005432775
2014-08-06,0.000291354765625,0.0006119575
2014-08-07,3.269875e-05,6.868e-05
2014-08-08,0.0014551753125,0.00305643
2014-08-09,0.01054356625,0.02214556
2014-08-10,0.0092534225,0.01943576
2014-08-11,0.004273479765625,0.0089759575
2014-08-12,0.00633607078125,0.013308195
2014-08-13,0.0022842990625,0.00479791
2014-08-14,5.6676484375e-05,0.0001190425
2014-08-15,0,0
2014-08-16,0,0
2014-08-17,9.10546875e-06,1.9125e-05
2014-08-18,0.004066603515625,0.0085414375
2014-08-19,0.004641118125,0.00974814
2014-08-20,0.00066680359375,0.001400545
2014-08-21,0.00093499,0.00196384
2014-08-22,0.00150984859375,0.003171265
2014-08-23,0.00697507234375,0.014650345
2014-08-24,0.007217035,0.01515856
2014-08-25,0.000900004765625,0.0018903575
2014-08-26,0,0
2014-08-27,0,0
2014-08-28,0,0
2014-08-29,0,0
2014-08-30,0.0002297815625,0.00048263
2014-08-31,0.0004314778125,0.00090627
2014-09-01,0.00020169625,0.00042364
2014-09-02,0.002005651484375,0.0042126425
2014-09-03,0.002231386171875,0.0046867725
2014-09-04,0.00026972421875,0.000566525
2014-09-05,0.000330690390625,0.0006945775
2014-09-06,0.00152287953125,0.003198635
2014-09-07,0.0012829403125,0.00269467
2014-09-08,0.0001953021875,0.00041021
2014-09-09,0.000148540546875,0.0003119925
2014-09-10,0,0
2014-09-11,0.00046931609375,0.000985745
2014-09-12,0.001123898125,0.00236062
2014-09-13,0.0025245621155599,0.00530255517708333
2014-09-14,0.0019104285999349,0.00401263767708333
2014-09-15,4.0448515625e-05,8.49575e-05
2014-09-16,0,0
2014-09-17,0,0
2014-09-18,0,0
2014-09-19,0.000530241796875,0.0011137125
2014-09-20,0.000530241796875,0.0011137125
2014-09-21,0.000200542890625,0.0004212175
2014-09-22,0.000200542890625,0.0004212175
2014-09-23,0,0
2014-09-24,0.00015442875,0.00032436
2014-09-25,0.0001706971875,0.00035853
2014-09-26,3.26178125e-05,6.851e-05
2014-09-27,1.6349375e-05,3.434e-05
2014-09-28,8.09375e-08,1.7e-07
2014-09-29,0.000117845,0.00024752
2014-09-30,0.0001179259375,0.00024769
2014-10-01,1.61875e-07,3.4e-07
2014-10-02,0,0
2014-10-03,0.001632509375,0.0034289
2014-10-04,0.001632509375,0.0034289
2014-10-05,0,0
2014-10-06,0.00046834484375,0.000983705
2014-10-07,0.00392243359375,0.008238625
2014-10-08,0.0040051921875,0.00841245
2014-10-09,0.0005511034375,0.00115753
2014-10-10,0.00164525703125,0.003455675
2014-10-11,0.00206714375,0.0043418
2014-10-12,0.00313572109375,0.006586225
2014-10-13,0.0034449428125,0.00723571
2014-10-14,0.002637915,0.00554064
2014-10-15,0.00698009046875,0.014660885
2014-10-16,0.00508518171875,0.010680845
2014-10-17,1.18978125e-05,2.499e-05
2014-10-18,0,0
2014-10-19,0,0
2014-10-20,0,0
2014-10-21,0,0
2014-10-22,0,0
2014-10-23,0,0
2014-10-24,0,0
2014-10-25,0,0
2014-10-26,0,0
2014-10-27,0,0
2014-10-28,1.8615625e-05,3.91e-05
2014-10-29,1.8615625e-05,3.91e-05
2014-10-30,1.67540625e-05,3.519e-05
2014-10-31,0.00093446390625,0.001962735
2014-11-01,0.00253864516468099,0.00533213501770833
2014-11-02,0.00162093532093099,0.00340459001770833
2014-11-03,0,0
2014-11-04,0,0
2014-11-05,0,0
2014-11-06,0.00043224671875,0.000907885
2014-11-07,0.00043224671875,0.000907885
2014-11-08,0,0
2014-11-09,0,0
2014-11-10,0,0
2014-11-11,0,0
2014-11-12,0,0
2014-11-13,0,0
2014-11-14,2.50096875e-05,5.253e-05
2014-11-15,2.50096875e-05,5.253e-05
2014-11-16,0.0001593659375,0.00033473
2014-11-17,0.0039736266468099,0.00834615017708333
2014-11-18,0.0038142607093099,0.00801142017708333
2014-11-19,0,0
2014-11-20,0,0
2014-11-21,0,0
2014-11-22,0,0
2014-11-23,0.00294932203968099,0.00619471501770833
2014-11-24,0.00300937766468099,0.00632085501770833
2014-11-25,7.50290625e-05,0.00015759
2014-11-26,0.007177395859375,0.0150753025
2014-11-27,0.007213696328125,0.0151515475
2014-11-28,5.127390625e-05,0.000107695
2014-11-29,0,0
2014-11-30,0,0
2014-12-01,0.000207038125,0.00043486
2014-12-02,0.002868971328125,0.0060259475
2014-12-03,0.002740037890625,0.0057551375
2014-12-04,0.000516077734375,0.0010839625
2014-12-05,0.00065199203125,0.001369435
2014-12-06,0.000718583359375,0.0015093025
2014-12-07,0.000504564375,0.00105978
2014-12-08,0.000178366015625,0.0003746375
2014-12-09,0.000228547265625,0.0004800375
2014-12-10,5.018125e-05,0.0001054
2014-12-11,0,0
2014-12-12,0,0
2014-12-13,0,0
2014-12-14,0,0
2014-12-15,0,0
2014-12-16,9.842e-05,0.00020672
2014-12-17,9.842e-05,0.00020672
2014-12-18,0,0
2014-12-19,0,0
2014-12-20,0,0
2014-12-21,0,0
2014-12-22,0.00041055546875,0.000862325
2014-12-23,0.00237393734375,0.004986185
2014-12-24,0.004292439375,0.00901578
2014-12-25,0.00252820422718099,0.00531020501770833
2014-12-26,0.00019914672718099,0.000418285017708333
2014-12-27,0,0
2014-12-28,6.883734375e-05,0.000144585
2014-12-29,0.001222318125,0.00256734
2014-12-30,0.001516930625,0.00318614
2014-12-31,0.00036344984375,0.000763385
2015-01-01,0,0
2015-01-02,0,0
2015-01-03,0.0006940390625,0.00145775
2015-01-04,0.00115469484375,0.002425305
2015-01-05,0.00046065578125,0.000967555
2015-01-06,0,0
2015-01-07,0,0
2015-01-08,0,0
2015-01-09,0,0
2015-01-10,0,0
2015-01-11,4.59725e-05,9.656e-05
2015-01-12,0.00264274799977936,0.00555079116555973
2015-01-13,0.00295717177560876,0.00621120249394273
2015-01-14,0.000503949492097727,0.0010584885084987
2015-01-15,0.000518208768723534,0.0010884384949251
2015-01-16,0.00152214927801257,0.00319710118625033
2015-01-17,0.00145100179941771,0.00304766401113217
2015-01-18,0.000303508073860349,0.000637484139691234
2015-01-19,0,0
2015-01-20,0,0
2015-01-21,0,0
2015-01-22,0,0
2015-01-23,0.00245981203125,0.005166555
2015-01-24,0.00288327703125,0.006055995
2015-01-25,0.000423465,0.00088944
2015-01-26,0.000128265703125,0.0002694075
2015-01-27,0.000128265703125,0.0002694075
2015-01-28,0,0
2015-01-29,1.9425e-05,4.08e-05
2015-01-30,1.954640625e-05,4.1055e-05
2015-01-31,1.2140625e-07,2.55e-07
2015-02-01,0.000246211875,0.00051714
2015-02-02,0.00082714078968099,0.00173731501770833
2015-02-03,0.00058092891468099,0.00122017501770833
2015-02-04,0,0
2015-02-05,0,0
2015-02-06,0,0
2015-02-07,0,0
2015-02-08,0,0
2015-02-09,7.1245234375e-05,0.0001496425
2015-02-10,0.000218430078125,0.0004587875
2015-02-11,0.00014718484375,0.000309145
2015-02-12,4.694375e-06,9.86e-06
2015-02-13,4.694375e-06,9.86e-06
2015-02-14,0.0001603371875,0.00033677
2015-02-15,0.0001603371875,0.00033677
2015-02-16,0,0
2015-02-17,0,0
2015-02-18,0,0
2015-02-19,0,0
2015-02-20,0,0
2015-02-21,0.00717740304303819,0.0150753175884663
2015-02-22,0.00895488949578804,0.0188087254274467
2015-02-23,0.00198022921572046,0.00415924592027772
2015-02-24,0.000202742762970612,0.000425838081297347
2015-02-25,8.40440591193446e-05,0.000176524973594299
2015-02-26,0.000118777692470732,0.00024947901430146
2015-02-27,3.6725156910347e-05,7.71370091089913e-05
2015-02-28,1.99152355895976e-06,4.18296840183053e-06
2015-03-01,8.49213989913984e-05,0.000178367726066875
2015-03-02,0.00150265961394147,0.00315616536673421
2015-03-03,0.00187572058160586,0.00393973743781308
2015-03-04,0.0101317915930806,0.0212806742341153
2015-03-05,0.0292150511918314,0.0613628874453911
2015-03-06,0.0195439504254655,0.0410498418202827
2015-03-07,0.000521712410169108,0.00109579749471813
2015-03-08,0.00174318593828512,0.00366136351516256
2015-03-09,0.00316190430086168,0.00664121984428091
2015-03-10,0.00495444637734158,0.0104062503060765
2015-03-11,0.0080509616180151,0.0169101278772209
2015-03-12,0.00698207628782225,0.0146650559867772
2015-03-13,0.006634326206496,0.0139346465495514
2015-03-14,0.0105916999621927,0.0222466593800495
2015-03-15,0.0087357748797411,0.0183485001335103
2015-03-16,0.00283056238958247,0.00594527389935469
2015-03-17,0,0
2015-03-18,0,0
2015-03-19,0.00219684609375,0.004614225
2015-03-20,0.00294373733531901,0.00618298498229167
2015-03-21,0.000746891241569011,0.00156875998229167
2015-03-22,0,0
2015-03-23,0,0
2015-03-24,0,0
2015-03-25,0,0
2015-03-26,0.003182948125,0.00668542
2015-03-27,0.005484183359375,0.0115189025
2015-03-28,0.002301235234375,0.0048334825
2015-03-29,0,0
2015-03-30,6.313125e-05,0.0001326
2015-03-31,6.313125e-05,0.0001326
2015-04-01,0,0
2015-04-02,0,0
2015-04-03,0.0001579090625,0.00033167
2015-04-04,0.000501873203125,0.0010541275
2015-04-05,0.000343964140625,0.0007224575
2015-04-06,0,0
2015-04-07,0.001491030625,0.00313174
2015-04-08,0.0023407934375,0.00491657
2015-04-09,0.0037368034375,0.00784873
2015-04-10,0.0034284315625,0.00720103
2015-04-11,0.0005413909375,0.00113713
2015-04-12,0,0
2015-04-13,0,0
2015-04-14,0.00416569124156901,0.00874955998229167
2015-04-15,0.00428899952281901,0.00900855498229167
2015-04-16,0.00152449828125,0.003202035
2015-04-17,0.0014058034375,0.00295273
2015-04-18,4.6134375e-06,9.69e-06
2015-04-19,0.00944034765625,0.019828375
2015-04-20,0.0115002475,0.02415496
2015-04-21,0.00207665390625,0.004361775
2015-04-22,1.67540625e-05,3.519e-05
2015-04-23,0,0
2015-04-24,0,0
2015-04-25,0.001151416875,0.00241842
2015-04-26,0.002567195859375,0.0053921025
2015-04-27,0.001415778984375,0.0029736825
2015-04-28,0,0
2015-04-29,0,0
2015-04-30,0.00151413828125,0.003180275
2015-05-01,0.003490611796875,0.0073316325
2015-05-02,0.001976473515625,0.0041513575
2015-05-03,0,0
2015-05-04,0,0
2015-05-05,0,0
2015-05-06,0.00215747,0.00453152
2015-05-07,0.00215747,0.00453152
2015-05-08,0,0
2015-05-09,0,0
2015-05-10,6.8635e-05,0.00014416
2015-05-11,0.00012399625,0.00026044
2015-05-12,0.000367618125,0.00077214
2015-05-13,0.000312256875,0.00065586
2015-05-14,0,0
2015-05-15,0.00017838625,0.00037468
2015-05-16,0.0003039203125,0.00063835
2015-05-17,0.0012140625,0.00255
2015-05-18,0.0023158646875,0.00486421
2015-05-19,0.0012412575,0.00260712
2015-05-20,1.392125e-05,2.924e-05
2015-05-21,0.0011573253125,0.00243083
2015-05-22,0.0011573253125,0.00243083
2015-05-23,0,0
2015-05-24,0,0
2015-05-25,0,0
2015-05-26,0.00018907,0.00039712
2015-05-27,0.000194735625,0.00040902
2015-05-28,0.0001845375,0.0003876
2015-05-29,0.00034997375,0.00073508
2015-05-30,0.00017126375,0.00035972
2015-05-31,0.00174351515625,0.003662055
2015-06-01,0.00591891890625,0.012432015
2015-06-02,0.01336945859375,0.028081025
2015-06-03,0.01095784484375,0.023015705
2015-06-04,0.00218899515625,0.004597735
2015-06-05,0.00081321953968099,0.00170807501770833
2015-06-06,0.00042083453968099,0.000883915017708333
2015-06-07,3.265828125e-05,6.8595e-05
2015-06-08,0.00303645125843099,0.00637772001770833
2015-06-09,0.00306874532093099,0.00644555001770833
2015-06-10,3.22940625e-05,6.783e-05
2015-06-11,0.000169483125,0.00035598
2015-06-12,0.000424921875,0.0008925
2015-06-13,0.0005161384375,0.00108409
2015-06-14,0.001065623125,0.00223822
2015-06-15,0.0008049234375,0.00169065
2015-06-16,0.0002495303125,0.00052411
2015-06-17,0.0044994775,0.00945064
2015-06-18,0.0058618984375,0.01231225
2015-06-19,0.0019111771875,0.00401421
2015-06-20,0.000677123125,0.00142222
2015-06-21,0.0008800334375,0.00184841
2015-06-22,0.00050213625,0.00105468
2015-06-23,0,0
2015-06-24,0,0
2015-06-25,3.2375e-07,6.8e-07
2015-06-26,0.0010519446875,0.00220949
2015-06-27,0.005775214375,0.01213018
2015-06-28,0.0047235934375,0.00992137
2015-06-29,0,0
2015-06-30,0.0009766728125,0.00205139
2015-07-01,0.00099423625,0.00208828
2015-07-02,0.000115416875,0.00024242
2015-07-03,0.001531823125,0.00321742
2015-07-04,0.002177056875,0.00457266
2015-07-05,0.0021437915625,0.00450279
2015-07-06,0.0071334265625,0.01498295
2015-07-07,0.0057327221875,0.01204093
2015-07-08,0.000176605625,0.00037094
2015-07-09,0.000176605625,0.00037094
2015-07-10,0,0
2015-07-11,0.000930214771809896,0.00195381017708333
2015-07-12,0.0043166397718099,0.00906661017708333
2015-07-13,0.0101043184375,0.02122297
2015-07-14,0.007168634375,0.0150569
2015-07-15,0.0004555971875,0.00095693
2015-07-16,4.85625e-06,1.02e-05
2015-07-17,0,0
2015-07-18,0,0
2015-07-19,0,0
2015-07-20,0,0
2015-07-21,0,0
2015-07-22,0,0
2015-07-23,2.59e-06,5.44e-06
2015-07-24,2.59e-06,5.44e-06
2015-07-25,0.00031339,0.00065824
2015-07-26,0.0003476265625,0.00073015
2015-07-27,0.00013306125,0.00027948
2015-07-28,0.0005409053125,0.00113611
2015-07-29,0.0005962665625,0.00125239
2015-07-30,0.0003291728125,0.00069139
2015-07-31,0.000174986875,0.00036754
2015-08-01,0,0
2015-08-02,0,0
2015-08-03,0,0
2015-08-04,1.61875e-07,3.4e-07
2015-08-05,0.00012464375,0.0002618
2015-08-06,0.001245628125,0.0026163
2015-08-07,0.0011511740625,0.00241791
2015-08-08,0.0001990253125,0.00041803
2015-08-09,0.000183080625,0.00038454
2015-08-10,0.00711027844593099,0.0149343300177083
2015-08-11,0.00820714344593099,0.0172381700177083
2015-08-12,0.001110948125,0.00233342
2015-08-13,0,0
2015-08-14,0,0
2015-08-15,0.0001660028125,0.00034867
2015-08-16,0.0014454628125,0.00303603
2015-08-17,0.001281888125,0.00269246
2015-08-18,0.000718239375,0.00150858
2015-08-19,0.003263885625,0.00685542
2015-08-20,0.00266802375,0.00560388
2015-08-21,0.000119949375,0.00025194
2015-08-22,0,0
2015-08-23,0.00016349375,0.0003434
2015-08-24,0.00016349375,0.0003434
2015-08-25,0,0
2015-08-26,0,0
2015-08-27,0,0
2015-08-28,0,0
2015-08-29,0,0
2015-08-30,0,0
2015-08-31,1.1169375e-05,2.346e-05
2015-09-01,1.1169375e-05,2.346e-05
2015-09-02,0,0
2015-09-03,0.00011137,0.00023392
2015-09-04,0.00383352375,0.00805188
2015-09-05,0.0037351846875,0.00784533
2015-09-06,1.30309375e-05,2.737e-05
2015-09-07,0,0
2015-09-08,0,0
2015-09-09,0.00119366625,0.00250716
2015-09-10,0.00145396125,0.00305388
2015-09-11,0.0002650703125,0.00055675
2015-09-12,0.0002710596875,0.00056933
2015-09-13,0.000266284375,0.0005593
2015-09-14,0,0
2015-09-15,0,0
2015-09-16,0,0
2015-09-17,0,0
2015-09-18,0,0
2015-09-19,0,0
2015-09-20,5.28521875e-05,0.00011101
2015-09-21,0.0072099934375,0.01514377
2015-09-22,0.0077224896875,0.01622021
2015-09-23,0.00060055625,0.0012614
2015-09-24,3.52078125e-05,7.395e-05
2015-09-25,0.00149961,0.00314976
2015-09-26,0.010041854921875,0.0210917725
2015-09-27,0.019218346328125,0.0403659475
2015-09-28,0.01174674265625,0.024672695
2015-09-29,0.0153074665625,0.03215159
2015-09-30,0.014245809375,0.0299217
2015-10-01,1.30309375e-05,2.737e-05
2015-10-02,0.00548205875,0.01151444
2015-10-03,0.0124468925,0.02614328
2015-10-04,0.0078234996875,0.01643237
2015-10-05,0.00086765,0.0018224
2015-10-06,1.77253125e-05,3.723e-05
2015-10-07,4.694375e-06,9.86e-06
2015-10-08,0,0
2015-10-09,0.0019124721875,0.00401693
2015-10-10,0.00279351734375,0.005867465
2015-10-11,0.00088412078125,0.001856995
2015-10-12,3.075625e-06,6.46e-06
2015-10-13,8.122078125e-05,0.000170595
2015-10-14,8.122078125e-05,0.000170595
2015-10-15,0,0
2015-10-16,0,0
2015-10-17,0,0
2015-10-18,0,0
2015-10-19,0,0
2015-10-20,0,0
2015-10-21,0,0
2015-10-22,0,0
2015-10-23,0,0
2015-10-24,0,0
2015-10-25,8.09375e-06,1.7e-05
2015-10-26,1.02790625e-05,2.159e-05
2015-10-27,0.0070661675,0.01484168
2015-10-28,0.0137337178125,0.02884611
2015-10-29,0.00668701578125,0.014045315
2015-10-30,1.728015625e-05,3.6295e-05
2015-10-31,4.694375e-06,9.86e-06
2015-11-01,0.00012351063343099,0.000259420017708333
2015-11-02,0.00050059844593099,0.00105145001770833
2015-11-03,0.00045098375,0.00094724
2015-11-04,6.956578125e-05,0.000146115
2015-11-05,3.6421875e-07,7.65e-07
2015-11-06,0,0
2015-11-07,0.000698490625,0.0014671
2015-11-08,0.000698490625,0.0014671
2015-11-09,0.0069286143030599,0.0145527651770833
2015-11-10,0.0073800027405599,0.0155008551770833
2015-11-11,0.0004513884375,0.00094809
2015-11-12,0,0
2015-11-13,0,0
2015-11-14,0,0
2015-11-15,0,0
2015-11-16,0,0
2015-11-17,5.43090625e-05,0.00011407
2015-11-18,0.003065265,0.00643824
2015-11-19,0.00969627203968099,0.0203659150177083
2015-11-20,0.00668531610218099,0.0140417450177083
2015-11-21,0,0
2015-11-22,0,0
2015-11-23,0,0
2015-11-24,0,0
2015-11-25,0,0
2015-11-26,0,0
2015-11-27,0,0
2015-11-28,0,0
2015-11-29,0.0003930325,0.00082552
2015-11-30,0.003699632890625,0.0077706575
2015-12-01,0.00806277116344401,0.0169349324822917
2015-12-02,0.00746757702281901,0.0156847949822917
2015-12-03,0.00271140625,0.005695
2015-12-04,0,0
2015-12-05,0,0
2015-12-06,0,0
2015-12-07,0.00022982203125,0.000482715
2015-12-08,0.00022982203125,0.000482715
2015-12-09,0,0
2015-12-10,0,0
2015-12-11,0,0
2015-12-12,0,0
2015-12-13,0,0
2015-12-14,0.0001706971875,0.00035853
2015-12-15,0.0001706971875,0.00035853
2015-12-16,0,0
2015-12-17,0.00420316548111979,0.00882827035416667
2015-12-18,0.00420316548111979,0.00882827035416667
2015-12-19,0,0
2015-12-20,0,0
2015-12-21,0.000186641875,0.00039202
2015-12-22,0.001285125625,0.00269926
2015-12-23,0.0040694565625,0.00854743
2015-12-24,0.006366381875,0.01337186
2015-12-25,0.0042180578125,0.00885955
2015-12-26,0.0010629521875,0.00223261
2015-12-27,0.0002793153125,0.00058667
2015-12-28,0.00140539875,0.00295188
2015-12-29,0.0023899225,0.00501976
2015-12-30,0.0016738684375,0.00351577
2015-12-31,0.0006503328125,0.00136595
2016-01-01,0,0
2016-01-02,0,0
2016-01-03,0,0
2016-01-04,4.694375e-06,9.86e-06
2016-01-05,4.694375e-06,9.86e-06
2016-01-06,0,0
2016-01-07,0,0
2016-01-08,0.00065757671875,0.001381165
2016-01-09,0.0033754175,0.00708968
2016-01-10,0.003585369375,0.00753066
2016-01-11,0.00086752859375,0.001822145
2016-01-12,0,0
2016-01-13,0,0
2016-01-14,0,0
2016-01-15,0.0023993518030599,0.00503956517708333
2016-01-16,0.0024145275843099,0.00507144017708333
2016-01-17,0.00017353,0.00036448
2016-01-18,0.00015835421875,0.000332605
2016-01-19,0,0
2016-01-20,0,0
2016-01-21,8.93821573520752e-05,0.000187737040924822
2016-01-22,8.93821573520752e-05,0.000187737040924822
2016-01-23,0,0
2016-01-24,0,0
2016-01-25,0.000116865810846566,0.000245463324712478
2016-01-26,0.000639693565151842,0.00134360347275136
2016-01-27,0.00113647157959055,0.00238702910925584
2016-01-28,0.000899395238333281,0.00188907725734867
2016-01-29,0.00110002139700429,0.00231046965239512
2016-01-30,0.00131781926007026,0.00276792925667267
2016-01-31,0.00172653459709202,0.00362638926956779
2016-02-01,0.00427760868122179,0.00898462981692916
2016-02-02,0.0052168586132059,0.0109574173188572
2016-02-03,0.0236320026636035,0.0496363299189201
2016-02-04,0.0234807093645853,0.0493185555765806
2016-02-05,0.00284287878394321,0.00597114308287685
2016-02-06,0.00130744457462214,0.00274613841156155
2016-02-07,0.00108724000000482,0.00228362378379391
2016-02-08,0.00190377064930775,0.00399865341012902
2016-02-09,0.00136736639567087,0.00287199737160213
2016-02-10,7.53280017450986e-05,0.000158217887835265
2016-02-11,0,0
2016-02-12,4.17437163929834e-05,8.76779216902818e-05
2016-02-13,4.17437163929834e-05,8.76779216902818e-05
2016-02-14,0,0
2016-02-15,0,0
2016-02-16,0.0107236744292298,0.0225238567162201
2016-02-17,0.0110164367913346,0.0231387707123013
2016-02-18,0.000569432337577459,0.00119602776695806
2016-02-19,0.00138928564682459,0.00291803626205628
2016-02-20,0.00303424521271447,0.00637308646994853
2016-02-21,0.00800406156494287,0.0168116196576406
2016-02-22,0.00890866987028164,0.018711646368468
2016-02-23,0.0133197410324449,0.0279765989252897
2016-02-24,0.0267311851879323,0.0561458098155799
2016-02-25,0.0189512342843255,0.0398049090759578
2016-02-26,0.00392346373242047,0.00824078868894493
2016-02-27,0.00163403806608787,0.00343211084151275
2016-02-28,0.00214565434784672,0.00450670256845026
2016-02-29,0.00673823067569903,0.0141528860524335
2016-03-01,0.0136038531812209,0.0285733441335297
2016-03-02,0.0122615985143743,0.0257540910881067
2016-03-03,0.00525880772535038,0.011045526650929
2016-03-04,0.0021505247093485,0.00451693220805244
2016-03-05,0.00119240652702751,0.00250451409537826
2016-03-06,0.000626241266219531,0.0013153484510557
2016-03-07,0,0
2016-03-08,0,0
2016-03-09,0,0
2016-03-10,0,0
2016-03-11,2.0234375e-06,4.25e-06
2016-03-12,2.0234375e-06,4.25e-06
2016-03-13,0.00097995078125,0.002058275
2016-03-14,0.00636978125,0.013379
2016-03-15,0.005448550625,0.01144406
2016-03-16,5.872015625e-05,0.000123335
2016-03-17,0,0
2016-03-18,0,0
2016-03-19,0.001500075390625,0.0031507375
2016-03-20,0.001589228046875,0.0033379925
2016-03-21,8.915265625e-05,0.000187255
2016-03-22,0,0
2016-03-23,0,0
2016-03-24,0,0
2016-03-25,0.0001088609375,0.00022865
2016-03-26,0.0001088609375,0.00022865
2016-03-27,0.00073070375,0.00153476
2016-03-28,0.00188446780406901,0.00395810998229167
2016-03-29,0.00115376405406901,0.00242334998229167
2016-03-30,0,0
2016-03-31,8.22325e-05,0.00017272
2016-04-01,0.0015404834375,0.00323561
2016-04-02,0.0014873075,0.00312392
2016-04-03,2.90565625e-05,6.103e-05
2016-04-04,1.44878125e-05,3.043e-05
2016-04-05,1.44878125e-05,3.043e-05
2016-04-06,0,0
2016-04-07,0.000878839609375,0.0018459025
2016-04-08,0.001086403828125,0.0022818675
2016-04-09,0.000210275625,0.00044166
2016-04-10,2.71140625e-06,5.695e-06
2016-04-11,4.20875e-06,8.84e-06
2016-04-12,2.254109375e-05,4.7345e-05
2016-04-13,1.833234375e-05,3.8505e-05
2016-04-14,0,0
2016-04-15,0,0
2016-04-16,0,0
2016-04-17,0,0
2016-04-18,0,0
2016-04-19,0,0
2016-04-20,0,0
2016-04-21,0,0
2016-04-22,0.00191829967906901,0.00402916998229167
2016-04-23,0.00191829967906901,0.00402916998229167
2016-04-24,0,0
2016-04-25,0,0
2016-04-26,1.8615625e-05,3.91e-05
2016-04-27,0.001225879375,0.00257482
2016-04-28,0.0026993465625,0.00566967
2016-04-29,0.001509160625,0.00316982
2016-04-30,0.00065494625,0.00137564
2016-05-01,0.00611065984375,0.012834745
2016-05-02,0.00762807609375,0.016021905
2016-05-03,0.002553578125,0.0053635
2016-05-04,0.0003982934375,0.00083657
2016-05-05,0.0042899303125,0.00901051
2016-05-06,0.0042998046875,0.00903125
2016-05-07,3.3508125e-05,7.038e-05
2016-05-08,4.71865625e-05,9.911e-05
2016-05-09,5.600875e-05,0.00011764
2016-05-10,0.00091714328125,0.001926355
2016-05-11,0.00544592015625,0.011438535
2016-05-12,0.0072295803125,0.01518491
2016-05-13,0.002694510546875,0.0056595125
2016-05-14,0.000310496484375,0.0006521625
2016-05-15,0.0002843334375,0.00059721
2016-05-16,0,0
2016-05-17,0.0010509734375,0.00220745
2016-05-18,0.0012431190625,0.00261103
2016-05-19,0.0001925503125,0.00040443
2016-05-20,0.00121337453125,0.002548555
2016-05-21,0.00424792375,0.00892228
2016-05-22,0.0031992165625,0.00671959
2016-05-23,0.00026632484375,0.000559385
2016-05-24,0.0001020621875,0.00021437
2016-05-25,0,0
2016-05-26,0.000283119375,0.00059466
2016-05-27,0.000283443125,0.00059534
2016-05-28,3.2375e-07,6.8e-07
2016-05-29,0.001612113125,0.00338606
2016-05-30,0.0018175325,0.00381752
2016-05-31,0.00043155875,0.00090644
2016-06-01,0.000259,0.000544
2016-06-02,0.001104473125,0.00231982
2016-06-03,0.0012729040625,0.00267359
2016-06-04,0.0028803228125,0.00604979
2016-06-05,0.0031603665625,0.00663799
2016-06-06,0.0004863534375,0.00102153
2016-06-07,5.018125e-06,1.054e-05
2016-06-08,0,0
2016-06-09,0,0
2016-06-10,0,0
2016-06-11,0,0
2016-06-12,2.557625e-05,5.372e-05
2016-06-13,2.557625e-05,5.372e-05
2016-06-14,0,0
2016-06-15,0.00648892125,0.01362924
2016-06-16,0.009348443125,0.01963534
2016-06-17,0.0036165303125,0.00759611
2016-06-18,0.0007570084375,0.00159001
2016-06-19,0,0
2016-06-20,0,0
2016-06-21,0.000347545625,0.00072998
2016-06-22,0.00047020640625,0.000987615
2016-06-23,0.00945208360218099,0.0198530250177083
2016-06-24,0.011248046258431,0.0236252400177083
2016-06-25,0.0019186234375,0.00402985
2016-06-26,0,0
2016-06-27,0.00151482625,0.00318172
2016-06-28,0.001529556875,0.00321266
2016-06-29,1.49734375e-05,3.145e-05
2016-06-30,2.428125e-07,5.1e-07
2016-07-01,0,0
2016-07-02,0.00299242125,0.00628524
2016-07-03,0.003429645625,0.00720358
2016-07-04,0.0048504225,0.01018776
2016-07-05,0.005013106875,0.01052946
2016-07-06,0.000624351875,0.00131138
2016-07-07,0.0003878525,0.00081464
2016-07-08,0.001695964375,0.00356218
2016-07-09,0.0013421865625,0.00281911
2016-07-10,9.6315625e-06,2.023e-05
2016-07-11,0,0
2016-07-12,0.00294515375,0.00618596
2016-07-13,0.003103305625,0.00651814
2016-07-14,0.00030918125,0.0006494
2016-07-15,0.00015378125,0.000323
2016-07-16,3.16465625e-05,6.647e-05
2016-07-17,2.88946875e-05,6.069e-05
2016-07-18,0,0
2016-07-19,0,0
2016-07-20,0,0
2016-07-21,0,0
2016-07-22,6.82303125e-05,0.00014331
2016-07-23,6.82303125e-05,0.00014331
2016-07-24,0,0
2016-07-25,0.00109006625,0.00228956
2016-07-26,0.00148925,0.003128
2016-07-27,0.00298076625,0.00626076
2016-07-28,0.007783111875,0.01634754
2016-07-29,0.005359195625,0.01125638
2016-07-30,0.00122810515625,0.002579495
2016-07-31,0.00433731921875,0.009110045
2016-08-01,0.0035839934375,0.00752777
2016-08-02,0.003073035,0.00645456
2016-08-03,0.0070687575,0.01484712
2016-08-04,0.00712217625,0.01495932
2016-08-05,0.0055875203125,0.01173595
2016-08-06,0.0030213159375,0.00634593
2016-08-07,0.00024313625,0.00051068
2016-08-08,0.0010317103125,0.00216699
2016-08-09,0.002759483125,0.00579598
2016-08-10,0.0023647509375,0.00496689
2016-08-11,0.000636978125,0.0013379
2016-08-12,1.590421875e-05,3.3405e-05
2016-08-13,0.00015608796875,0.000327845
2016-08-14,0.0006390825,0.00134232
2016-08-15,0.0036453440625,0.00765663
2016-08-16,0.00332458875,0.00698292
2016-08-17,0.0003453603125,0.00072539
2016-08-18,0.0002186121875,0.00045917
2016-08-19,0.00070609875,0.00148308
2016-08-20,0.0015937403125,0.00334747
2016-08-21,0.0015095653125,0.00317067
2016-08-22,0.0005705284375,0.00119833
2016-08-23,0,0
2016-08-24,0,0
2016-08-25,0,0
2016-08-26,0,0
2016-08-27,0,0
2016-08-28,0,0
2016-08-29,0,0
2016-08-30,0,0
2016-08-31,0.0028566890625,0.00600015
2016-09-01,0.00447001625,0.00938876
2016-09-02,0.0016278959375,0.00341921
2016-09-03,1.5054375e-05,3.162e-05
2016-09-04,4.85625e-07,1.02e-06
2016-09-05,0,0
2016-09-06,0,0
2016-09-07,0,0
2016-09-08,0,0
2016-09-09,0,0
2016-09-10,0,0
2016-09-11,0,0
2016-09-12,0,0
2016-09-13,0,0
2016-09-14,0,0
2016-09-15,1.197875e-05,2.516e-05
2016-09-16,1.197875e-05,2.516e-05
2016-09-17,0,0
2016-09-18,7.5271875e-06,1.581e-05
2016-09-19,0.0023218540625,0.00487679
2016-09-20,0.00233403515625,0.004902375
2016-09-21,3.735265625e-05,7.8455e-05
2016-09-22,1.7644375e-05,3.706e-05
2016-09-23,0,0
2016-09-24,0,0
2016-09-25,0,0
2016-09-26,0.002928156875,0.00615026
2016-09-27,0.005217069375,0.01095786
2016-09-28,0.00819395063343099,0.0172104600177083
2016-09-29,0.010426449695931,0.0218995700177083
2016-09-30,0.01020731140625,0.021439295
2016-10-01,0.00568589984375,0.011942585
2016-10-02,0,0
2016-10-03,0,0
2016-10-04,0,0
2016-10-05,0,0
2016-10-06,6.475e-06,1.36e-05
2016-10-07,0.0113905771875,0.02392461
2016-10-08,0.0218768396875,0.04594981
2016-10-09,0.01082316484375,0.022732825
2016-10-10,0.00033042734375,0.000694025
2016-10-11,0,0
2016-10-12,0,0
2016-10-13,0,0
2016-10-14,0,0
2016-10-15,0,0
2016-10-16,0,0
2016-10-17,0,0
2016-10-18,0,0
2016-10-19,0,0
2016-10-20,0,0
2016-10-21,0.0005023790625,0.00105519
2016-10-22,0.0005023790625,0.00105519
2016-10-23,0,0
2016-10-24,0,0
2016-10-25,0,0
2016-10-26,0,0
2016-10-27,0,0
2016-10-28,0,0
2016-10-29,0,0
2016-10-30,0,0
2016-10-31,0,0
2016-11-01,0,0
2016-11-02,0,0
2016-11-03,0,0
2016-11-04,0.000127395625,0.00026758
2016-11-05,0.000127395625,0.00026758
2016-11-06,0,0
2016-11-07,0,0
2016-11-08,0,0
2016-11-09,8.70078125e-05,0.00018275
2016-11-10,8.70078125e-05,0.00018275
2016-11-11,0,0
2016-11-12,0,0
2016-11-13,0,0
2016-11-14,0,0
2016-11-15,0,0
2016-11-16,0,0
2016-11-17,0,0
2016-11-18,0,0
2016-11-19,4.305875e-05,9.044e-05
2016-11-20,4.305875e-05,9.044e-05
2016-11-21,0,0
2016-11-22,0,0
2016-11-23,0,0
2016-11-24,0,0
2016-11-25,0,0
2016-11-26,0,0
2016-11-27,0,0
2016-11-28,0,0
2016-11-29,0.0029039565625,0.00609943
2016-11-30,0.00616739703125,0.012953915
2016-12-01,0.00326344046875,0.006854485
2016-12-02,0,0
2016-12-03,0,0
2016-12-04,0.001055910625,0.00221782
2016-12-05,0.00149184,0.00313344
2016-12-06,0.0077080019593099,0.0161897801770833
2016-12-07,0.0072720725843099,0.0152741601770833
2016-12-08,0,0
2016-12-09,0,0
2016-12-10,0,0
2016-12-11,0,0
2016-12-12,0.00065118265625,0.001367735
2016-12-13,0.00072475484375,0.001522265
2016-12-14,7.35721875e-05,0.00015453
2016-12-15,0,0
2016-12-16,0,0
2016-12-17,0.00021581984375,0.000453305
2016-12-18,0.00062560640625,0.001314015
2016-12-19,0.0004097865625,0.00086071
2016-12-20,0,0
2016-12-21,0,0
2016-12-22,0,0
2016-12-23,0,0
2016-12-24,0.00290966265625,0.006111415
2016-12-25,0.00290966265625,0.006111415
2016-12-26,8.899078125e-05,0.000186915
2016-12-27,0.00014297609375,0.000300305
2016-12-28,5.67371875e-05,0.00011917
2016-12-29,0.0014032134375,0.00294729
2016-12-30,0.001401999375,0.00294474
2016-12-31,1.5378125e-06,3.23e-06
2017-01-01,0.000108294375,0.00022746
2017-01-02,0.0006833553125,0.00143531
2017-01-03,0.0030949690625,0.00650063
2017-01-04,0.00257012984375,0.005398265
2017-01-05,5.022171875e-05,0.000105485
2017-01-06,8.08565625e-05,0.00016983
2017-01-07,8.08565625e-05,0.00016983
2017-01-08,0,0
2017-01-09,0,0
2017-01-10,0.00040973031491622,0.000860591858356847
2017-01-11,0.00239158928295005,0.00502326088774065
2017-01-12,0.00434585620540658,0.00912797596811267
2017-01-13,0.00541981040476794,0.0113836944409025
2017-01-14,0.00648170855986383,0.0136140905658916
2017-01-15,0.00372568789246865,0.00782538306371793
2017-01-16,0.0005381534375,0.00113033
2017-01-17,0.0011382240625,0.00239071
2017-01-18,0.001234620625,0.00259318
2017-01-19,0.0003347575,0.00070312
2017-01-20,0.00161777875,0.00339796
2017-01-21,0.0028931109375,0.00607665
2017-01-22,0.0021340790625,0.00448239
2017-01-23,0.0105580541468099,0.0221759901770833
2017-01-24,0.0097475662561849,0.0204736526770833
2017-01-25,4.8258984375e-05,0.0001013625
2017-01-26,5.726328125e-05,0.000120275
2017-01-27,5.726328125e-05,0.000120275
2017-01-28,0,0
2017-01-29,0.0004096246875,0.00086037
2017-01-30,0.000434398307291667,0.000912404166666667
2017-01-31,2.47736197916667e-05,5.20341666666667e-05
2017-02-01,0,0
2017-02-02,0,0
2017-02-03,0,0
2017-02-04,0,0
2017-02-05,1.62549479166667e-05,3.41416666666667e-05
2017-02-06,1.62549479166667e-05,3.41416666666667e-05
2017-02-07,0,0
2017-02-08,0.00039368,0.00082688
2017-02-09,0.00109981921875,0.002310045
2017-02-10,0.00070613921875,0.001483165
2017-02-11,0,0
2017-02-12,9.10546875e-07,1.9125e-06
2017-02-13,9.10546875e-07,1.9125e-06
2017-02-14,0,0
2017-02-15,0.000591815,0.00124304
2017-02-16,0.000591815,0.00124304
2017-02-17,0,0
2017-02-18,0,0
2017-02-19,0,0
2017-02-20,0,0
2017-02-21,0,0
2017-02-22,0.00102839186656901,0.00216001998229167
2017-02-23,0.00102839186656901,0.00216001998229167
2017-02-24,0,0
2017-02-25,9.813671875e-05,0.000206125
2017-02-26,9.813671875e-05,0.000206125
2017-02-27,0,0
2017-02-28,0.0009070665625,0.00190519
2017-03-01,0.00216524,0.00454784
2017-03-02,0.0012581734375,0.00264265
2017-03-03,0,0
2017-03-04,0,0
2017-03-05,0,0
2017-03-06,0,0
2017-03-07,0.0007398496875,0.00155397
2017-03-08,0.00074231828125,0.001559155
2017-03-09,2.46859375e-06,5.185e-06
2017-03-10,5.989375e-06,1.258e-05
2017-03-11,5.989375e-06,1.258e-05
2017-03-12,0,0
2017-03-13,0.000558145,0.00117232
2017-03-14,0.00164970859375,0.003465025
2017-03-15,0.00109156359375,0.002292705
2017-03-16,0,0
2017-03-17,0.00154525875,0.00324564
2017-03-18,0.001911844921875,0.0040156125
2017-03-19,0.000366586171875,0.0007699725
2017-03-20,0.000158475625,0.00033286
2017-03-21,0.000158475625,0.00033286
2017-03-22,0,0
2017-03-23,0,0
2017-03-24,0,0
2017-03-25,0,0
2017-03-26,0.00027887015625,0.000585735
2017-03-27,0.0003332196875,0.00069989
2017-03-28,0.0016074997718099,0.00337637017708333
2017-03-29,0.0015780789905599,0.00331457517708333
2017-03-30,3.4479375e-05,7.242e-05
2017-03-31,0.00455063,0.00955808
2017-04-01,0.004541079375,0.00953802
2017-04-02,0,0
2017-04-03,0.00344988,0.00724608
2017-04-04,0.0035071028125,0.00736627
2017-04-05,5.72228125e-05,0.00012019
2017-04-06,0.00189296625,0.00397596
2017-04-07,0.00191109625,0.00401404
2017-04-08,1.813e-05,3.808e-05
2017-04-09,0,0
2017-04-10,0,0
2017-04-11,0,0
2017-04-12,1.62684375e-05,3.417e-05
2017-04-13,1.62684375e-05,3.417e-05
2017-04-14,2.156984375e-05,4.5305e-05
2017-04-15,0.0016596234375,0.00348585
2017-04-16,0.00163805359375,0.003440545
2017-04-17,0.0004172328125,0.00087635
2017-04-18,0.0006404584375,0.00134521
2017-04-19,0.0009700359375,0.00203745
2017-04-20,0.00182186265625,0.003826615
2017-04-21,0.00116934453125,0.002456075
2017-04-22,0.0027296171875,0.00573325
2017-04-23,0.00706628890625,0.014841935
2017-04-24,0.01332781625,0.02799356
2017-04-25,0.01198259453125,0.025168075
2017-04-26,0.003085823125,0.00648142
2017-04-27,0.00067566625,0.00141916
2017-04-28,0.0006755853125,0.00141899
2017-04-29,0,0
2017-04-30,0,0
2017-05-01,0.0008350321875,0.00175389
2017-05-02,0.0008350321875,0.00175389
2017-05-03,0,0
2017-05-04,0.0030782959375,0.00646561
2017-05-05,0.012375181875,0.02599266
2017-05-06,0.00935406828125,0.019647155
2017-05-07,5.718234375e-05,0.000120105
2017-05-08,0,0
2017-05-09,0.0021960771875,0.00461261
2017-05-10,0.0026109628125,0.00548403
2017-05-11,0.0014121975,0.00296616
2017-05-12,0.004996271875,0.0104941
2017-05-13,0.004535899375,0.00952714
2017-05-14,0.00058756578125,0.001234115
2017-05-15,0.00010121234375,0.000212585
2017-05-16,5.05859375e-05,0.00010625
2017-05-17,0,0
2017-05-18,0,0
2017-05-19,0.000154914375,0.00032538
2017-05-20,0.00346380125,0.00727532
2017-05-21,0.004256503125,0.0089403
2017-05-22,0.003281691875,0.00689282
2017-05-23,0.0086896928125,0.01825171
2017-05-24,0.01224604609375,0.025721425
2017-05-25,0.00779861140625,0.016380095
2017-05-26,0.0019081825,0.00400792
2017-05-27,0,0
2017-05-28,1.6996875e-06,3.57e-06
2017-05-29,1.6996875e-06,3.57e-06
2017-05-30,1.813e-05,3.808e-05
2017-05-31,0.00057493953125,0.001207595
2017-06-01,0.00055680953125,0.001169515
2017-06-02,6.28884375e-05,0.00013209
2017-06-03,6.28884375e-05,0.00013209
2017-06-04,0.001269909375,0.0026673
2017-06-05,0.0045036053125,0.00945931
2017-06-06,0.0032336959375,0.00679201
2017-06-07,0,0
2017-06-08,0.000257543125,0.00054094
2017-06-09,0.000257543125,0.00054094
2017-06-10,0,0
2017-06-11,0,0
2017-06-12,0,0
2017-06-13,0.00224002625,0.00470492
2017-06-14,0.0035105021875,0.00737341
2017-06-15,0.0067946221875,0.01427133
2017-06-16,0.006464801875,0.01357858
2017-06-17,0.0046117378968099,0.00968643017708333
2017-06-18,0.0037818047718099,0.00794325017708333
2017-06-19,0.002384256875,0.00500786
2017-06-20,0.002273534375,0.0047753
2017-06-21,0,0
2017-06-22,0.0002027484375,0.00042585
2017-06-23,0.0005090159375,0.00106913
2017-06-24,0.00071516375,0.00150212
2017-06-25,0.00040889625,0.00085884
2017-06-26,0,0
2017-06-27,0,0
2017-06-28,0,0
2017-06-29,0,0
2017-06-30,5.10715625e-05,0.00010727
2017-07-01,5.10715625e-05,0.00010727
2017-07-02,0,0
2017-07-03,0,0
2017-07-04,0.0006436959375,0.00135201
2017-07-05,0.0025416803125,0.00533851
2017-07-06,0.00233917469593099,0.00491317001770833
2017-07-07,0.00054236219593099,0.00113917001770833
2017-07-08,0.000101171875,0.0002125
2017-07-09,0,0
2017-07-10,0,0
2017-07-11,0,0
2017-07-12,0,0
2017-07-13,0.000660611875,0.00138754
2017-07-14,0.0006660346875,0.00139893
2017-07-15,5.4228125e-06,1.139e-05
2017-07-16,0,0
2017-07-17,0,0
2017-07-18,0.002742648125,0.00576062
2017-07-19,0.002742648125,0.00576062
2017-07-20,2.48478125e-05,5.219e-05
2017-07-21,2.48478125e-05,5.219e-05
2017-07-22,2.3471875e-06,4.93e-06
2017-07-23,0.000103438125,0.00021726
2017-07-24,0.006008961875,0.01262114
2017-07-25,0.0059078709375,0.01240881
2017-07-26,0,0
2017-07-27,0.000346574375,0.00072794
2017-07-28,0.0015879128125,0.00333523
2017-07-29,0.0017127184375,0.00359737
2017-07-30,0.00047138,0.00099008
2017-07-31,4.20875e-06,8.84e-06
2017-08-01,2.233875e-05,4.692e-05
2017-08-02,0.001685928125,0.0035411
2017-08-03,0.001757315,0.00369104
2017-08-04,0.000418770625,0.00087958
2017-08-05,0.00032925375,0.00069156
2017-08-06,1.456875e-05,3.06e-05
2017-08-07,0.0034682528125,0.00728467
2017-08-08,0.004128945625,0.00867238
2017-08-09,0.0006752615625,0.00141831
2017-08-10,0,0
2017-08-11,0.00029477438343099,0.000619140017708333
2017-08-12,0.00045478782093099,0.000955230017708333
2017-08-13,0.0001685928125,0.00035411
2017-08-14,4.71865625e-05,9.911e-05
2017-08-15,0.00056502469593099,0.00118677001770833
2017-08-16,0.00052641750843099,0.00110568001770833
2017-08-17,0.0004870009375,0.00102289
2017-08-18,0.0005493228125,0.00115379
2017-08-19,6.2321875e-05,0.0001309
2017-08-20,0,0
2017-08-21,0.001147855625,0.00241094
2017-08-22,0.001147855625,0.00241094
2017-08-23,0,0
2017-08-24,0,0
2017-08-25,0,0
2017-08-26,0,0
2017-08-27,3.2375e-05,6.8e-05
2017-08-28,3.2375e-05,6.8e-05
2017-08-29,0.0022692446875,0.00476629
2017-08-30,0.0026316828125,0.00552755
2017-08-31,0.0003626,0.0007616
2017-09-01,0.004289525625,0.00900966
2017-09-02,0.00614886234375,0.012914985
2017-09-03,0.00185949859375,0.003905665
2017-09-04,0,0
2017-09-05,0.000501003125,0.0010523
2017-09-06,0.00359827890625,0.007557775
2017-09-07,0.00309731625,0.00650556
2017-09-08,4.046875e-08,8.5e-08
2017-09-09,0,0
2017-09-10,0,0
2017-09-11,6.377875e-05,0.00013396
2017-09-12,0.0046683940625,0.00980543
2017-09-13,0.005469007578125,0.0114870275
2017-09-14,0.000960019921875,0.0020164125
2017-09-15,0.00012541265625,0.000263415
2017-09-16,2.9785e-05,6.256e-05
2017-09-17,6.15125e-06,1.292e-05
2017-09-18,6.993e-05,0.00014688
2017-09-19,6.377875e-05,0.00013396
2017-09-20,0.000332653125,0.0006987
2017-09-21,0.0003332196875,0.00069989
2017-09-22,5.665625e-07,1.19e-06
2017-09-23,0,0
2017-09-24,0,0
2017-09-25,0,0
2017-09-26,0,0
2017-09-27,0,0
2017-09-28,0,0
2017-09-29,0,0
2017-09-30,0,0
2017-10-01,0,0
2017-10-02,0,0
2017-10-03,0,0
2017-10-04,0,0
2017-10-05,0,0
2017-10-06,0,0
2017-10-07,0.0001182496875,0.00024837
2017-10-08,0.0022498196875,0.00472549
2017-10-09,0.0075517115625,0.01586151
2017-10-10,0.005683269375,0.01193706
2017-10-11,0.00395707484375,0.008311385
2017-10-12,0.00405691125,0.00852108
2017-10-13,0.00073972828125,0.001553715
2017-10-14,0.0003767640625,0.00079135
2017-10-15,4.52440625e-05,9.503e-05
2017-10-16,0.00018603484375,0.000390745
2017-10-17,0.000164201953125,0.0003448875
2017-10-18,2.3411171875e-05,4.91725e-05
2017-10-19,0,0
2017-10-20,0,0
2017-10-21,0,0
2017-10-22,0,0
2017-10-23,0.008574195,0.01800912
2017-10-24,0.008574195,0.01800912
2017-10-25,0,0
2017-10-26,1.914171875e-05,4.0205e-05
2017-10-27,1.914171875e-05,4.0205e-05
2017-10-28,0.000647014375,0.00135898
2017-10-29,0.00312645375,0.00656676
2017-10-30,0.002479439375,0.00520778
2017-10-31,0,0
2017-11-01,2.104375e-06,4.42e-06
2017-11-02,2.104375e-06,4.42e-06
2017-11-03,5.65753125e-05,0.00011883
2017-11-04,0.00159442828125,0.003348915
2017-11-05,0.00153930984375,0.003233145
2017-11-06,0.00015932546875,0.000334645
2017-11-07,0.00049885828125,0.001047795
2017-11-08,0.00057918875,0.00121652
2017-11-09,0.00097663234375,0.002051305
2017-11-10,0.00073843328125,0.001550995
2017-11-11,0,0
2017-11-12,0.0006072740625,0.00127551
2017-11-13,0.0006072740625,0.00127551
2017-11-14,0,0
2017-11-15,0,0
2017-11-16,0,0
2017-11-17,0,0
2017-11-18,0,0
2017-11-19,0.000402906875,0.00084626
2017-11-20,0.000402906875,0.00084626
2017-11-21,0,0
2017-11-22,0,0
2017-11-23,0,0
2017-11-24,0,0
2017-11-25,0,0
2017-11-26,0,0
2017-11-27,0,0
2017-11-28,0,0
2017-11-29,0,0
2017-11-30,0,0
2017-12-01,0,0
2017-12-02,0,0
2017-12-03,0,0
2017-12-04,0,0
2017-12-05,0.00034200140625,0.000718335
2017-12-06,0.00039368,0.00082688
2017-12-07,5.167859375e-05,0.000108545
2017-12-08,4.65390625e-05,9.775e-05
2017-12-09,0.00187660489380396,0.00394159483486238
2017-12-10,0.00202247104024418,0.00424797006136229
2017-12-11,0.000628878965860419,0.00132088863871841
2017-12-12,0.000908774949339153,0.00190877827197104
2017-12-13,0.000503051480713225,0.0010566023378687
2017-12-14,0.000163763541666667,0.000343966666666667
2017-12-15,0.000133013253372393,0.000279379188550509
2017-12-16,0,0
2017-12-17,0.0002233875,0.0004692
2017-12-18,0.0002233875,0.0004692
2017-12-19,0,0
2017-12-20,0,0
2017-12-21,0,0
2017-12-22,0.0002301053125,0.00048331
2017-12-23,0.00104636,0.00219776
2017-12-24,0.0009234159375,0.00193953
2017-12-25,0.0001507865625,0.00031671
2017-12-26,4.36253125e-05,9.163e-05
2017-12-27,0,0
2017-12-28,0,0
2017-12-29,0,0
2017-12-30,0,0
2017-12-31,0,0
2018-01-01,0,0
2018-01-02,0,0
2018-01-03,6.8796875e-06,1.445e-05
2018-01-04,6.8796875e-06,1.445e-05
2018-01-05,0,0
2018-01-06,0,0
2018-01-07,0,0
2018-01-08,0.00047299875,0.00099348
2018-01-09,0.00047299875,0.00099348
2018-01-10,0,0
2018-01-11,0.001236886875,0.00259794
2018-01-12,0.00489594984375,0.010283385
2018-01-13,0.00387379015625,0.008136455
2018-01-14,0.0002147271875,0.00045101
2018-01-15,1.59432759521692e-07,3.34870352045561e-07
2018-01-16,1.48385416666667e-06,3.11666666666667e-06
2018-01-17,1.32442140714498e-06,2.78179631462111e-06
2018-01-18,0.000449933360314693,0.000945033776104992
2018-01-19,0.000897241222429202,0.00188455299228373
2018-01-20,0.00146563889403324,0.00307840756121267
2018-01-21,0.00232110356923747,0.00487521367438294
2018-01-22,0.00130277253731874,0.00273632532934901
2018-01-23,0.0014160015625,0.00297415
2018-01-24,0.0014160015625,0.00297415
2018-01-25,0,0
2018-01-26,0,0
2018-01-27,0,0
2018-01-28,0.00247559484375,0.005199705
2018-01-29,0.0036746434375,0.00771817
2018-01-30,0.001238647265625,0.0026016375
2018-01-31,3.9598671875e-05,8.31725e-05
2018-02-01,0.000159709921875,0.0003354525
2018-02-02,0.00015981109375,0.000335665
2018-02-03,1.01171875e-07,2.125e-07
2018-02-04,0.00962187946537215,0.0202096618886581
2018-02-05,0.0101930330374183,0.0214093049125697
2018-02-06,0.00147819009336209,0.00310476992582617
2018-02-07,0.0178198743769697,0.0374286164520136
2018-02-08,0.0170248958244038,0.0357588545500991
2018-02-09,0.00011205796875,0.000235365
2018-02-10,0.00442533875,0.00929492
2018-02-11,0.00987902890625,0.020749775
2018-02-12,0.00545369015625,0.011454855
2018-02-13,0.000311467734375,0.0006542025
2018-02-14,0.000411182734375,0.0008636425
2018-02-15,0.00012767890625,0.000268175
2018-02-16,0.000344308125,0.00072318
2018-02-17,0.000851300625,0.00178806
2018-02-18,0.00053495640625,0.001123615
2018-02-19,0.000906843984375,0.0019047225
2018-02-20,0.000906843984375,0.0019047225
2018-02-21,0,0
2018-02-22,4.1278125e-06,8.67e-06
2018-02-23,4.1278125e-06,8.67e-06
2018-02-24,8.882890625e-05,0.000186575
2018-02-25,0.00047558875,0.00099892
2018-02-26,0.000538558125,0.00113118
2018-02-27,0.00015179828125,0.000318835
2018-02-28,4.5810625e-05,9.622e-05
2018-03-01,0.00202760578125,0.004258755
2018-03-02,0.00198179515625,0.004162535
2018-03-03,0,0
2018-03-04,0,0
2018-03-05,0,0
2018-03-06,5.86796875e-07,1.2325e-06
2018-03-07,0.0001423690625,0.00029903
2018-03-08,0.000201756953125,0.0004237675
2018-03-09,5.99746875e-05,0.00012597
2018-03-10,0.00012881203125,0.000270555
2018-03-11,0.00012881203125,0.000270555
2018-03-12,0.002499127421875,0.0052491325
2018-03-13,0.002500908046875,0.0052528725
2018-03-14,0.000403347344752568,0.000847185156545934
2018-03-15,0.000496146875,0.0010421
2018-03-16,9.45801552474322e-05,0.000198654843454066
2018-03-17,0.00197022109375,0.004138225
2018-03-18,0.002385875625,0.00501126
2018-03-19,0.00054539734375,0.001145545
2018-03-20,0.00511355032093099,0.0107404300177083
2018-03-21,0.00653681602405599,0.0137298375177083
2018-03-22,0.001553008515625,0.0032619175
2018-03-23,0,0
2018-03-24,0.00227665046875,0.004781845
2018-03-25,0.00253136078125,0.005316835
2018-03-26,0.0002547103125,0.00053499
2018-03-27,0.0009520678125,0.00199971
2018-03-28,0.0009520678125,0.00199971
2018-03-29,3.94975e-05,8.296e-05
2018-03-30,0.00032864671875,0.000690285
2018-03-31,0.00028914921875,0.000607325
2018-04-01,0,0
2018-04-02,0.000349508359375,0.0007341025
2018-04-03,0.000523807265625,0.0011001975
2018-04-04,0.0003403421875,0.00071485
2018-04-05,0.00016604328125,0.000348755
2018-04-06,7.0415625e-05,0.0001479
2018-04-07,0.00090265546875,0.001895925
2018-04-08,0.00083895765625,0.001762135
2018-04-09,0.000177253125,0.0003723
2018-04-10,0.0001705353125,0.00035819
2018-04-11,2.95421875e-06,6.205e-06
2018-04-12,1.17359375e-05,2.465e-05
2018-04-13,8.78171875e-06,1.8445e-05
2018-04-14,0,0
2018-04-15,0.007336013125,0.01540846
2018-04-16,0.0086215434375,0.01810857
2018-04-17,0.0012855303125,0.00270011
2018-04-18,0,0
2018-04-19,9.368515625e-06,1.96775e-05
2018-04-20,9.368515625e-06,1.96775e-05
2018-04-21,0,0
2018-04-22,0,0
2018-04-23,0.00227899765625,0.004786775
2018-04-24,0.0129549371875,0.02721037
2018-04-25,0.0140604625,0.0295324
2018-04-26,0.004244504140625,0.0089150975
2018-04-27,0.001487975234375,0.0031253225
2018-04-28,0.0006279940625,0.00131903
2018-04-29,0,0
2018-04-30,0,0
2018-05-01,0,0
2018-05-02,0,0
2018-05-03,0,0
2018-05-04,0,0
2018-05-05,3.581484375e-05,7.5225e-05
2018-05-06,0.0006038746875,0.00126837
2018-05-07,0.0006420771875,0.00134861
2018-05-08,7.413875e-05,0.00015572
2018-05-09,1.2140625e-07,2.55e-07
2018-05-10,0.000264018125,0.00055454
2018-05-11,0.0002644228125,0.00055539
2018-05-12,4.046875e-07,8.5e-07
2018-05-13,0,0
2018-05-14,7.737625e-05,0.00016252
2018-05-15,0.004938968125,0.01037374
2018-05-16,0.0089881903125,0.01887867
2018-05-17,0.00825477515625,0.017338215
2018-05-18,0.00681651578125,0.014317315
2018-05-19,0.00361300953125,0.007588715
2018-05-20,0.00099500515625,0.002089895
2018-05-21,0.0005863921875,0.00123165
2018-05-22,0.0025418421875,0.00533885
2018-05-23,0.0020257846875,0.00425493
2018-05-24,0,0
2018-05-25,0,0
2018-05-26,0.001954316875,0.00410482
2018-05-27,0.00335417140625,0.007045055
2018-05-28,0.00163586828125,0.003435955
2018-05-29,0.00090293875,0.00189652
2018-05-30,0.00213157,0.00447712
2018-05-31,0.0027988996875,0.00587877
2018-06-01,0.0013743996875,0.00288677
2018-06-02,0.0002168315625,0.00045543
2018-06-03,0.0003210790625,0.00067439
2018-06-04,0.0001443925,0.00030328
2018-06-05,0,0
2018-06-06,0,0
2018-06-07,0,0
2018-06-08,0,0
2018-06-09,0.0002009678125,0.00042211
2018-06-10,0.0027004796875,0.00567205
2018-06-11,0.0028056984375,0.00589305
2018-06-12,0.0005226134375,0.00109769
2018-06-13,0.0006375446875,0.00133909
2018-06-14,0.0004211178125,0.00088451
2018-06-15,0,0
2018-06-16,0,0
2018-06-17,0.0008471728125,0.00177939
2018-06-18,0.0008471728125,0.00177939
2018-06-19,0.000123834375,0.0002601
2018-06-20,0.000124481875,0.00026146
2018-06-21,0.000675180625,0.00141814
2018-06-22,0.0013180671875,0.00276845
2018-06-23,0.0006982478125,0.00146659
2018-06-24,0.000210923125,0.00044302
2018-06-25,0.000792054375,0.00166362
2018-06-26,0.0030799146875,0.00646901
2018-06-27,0.0028273896875,0.00593861
2018-06-28,0.00043479625,0.00091324
2018-06-29,0.0001029525,0.00021624
2018-06-30,5.147625e-05,0.00010812
2018-07-01,3.2375e-05,6.8e-05
2018-07-02,0.0008978396875,0.00188581
2018-07-03,0.0008654646875,0.00181781
2018-07-04,0.0001378365625,0.00028951
2018-07-05,0.0002385228125,0.00050099
2018-07-06,0.00492897234375,0.010352745
2018-07-07,0.00491383703125,0.010320955
2018-07-08,8.55509375e-05,0.00017969
2018-07-09,0,0
2018-07-10,0,0
2018-07-11,0.0005619490625,0.00118031
2018-07-12,0.0005619490625,0.00118031
2018-07-13,0,0
2018-07-14,0,0
2018-07-15,5.05859375e-05,0.00010625
2018-07-16,0.001288525,0.0027064
2018-07-17,0.001821255625,0.00382534
2018-07-18,0.0005833165625,0.00122519
2018-07-19,0,0
2018-07-20,0,0
2018-07-21,0.0024369471875,0.00511853
2018-07-22,0.0047099959375,0.00989281
2018-07-23,0.005089511875,0.01068994
2018-07-24,0.004723674375,0.00992154
2018-07-25,0.0052990590625,0.01113007
2018-07-26,0.0033918478125,0.00712419
2018-07-27,9.77725e-05,0.00020536
2018-07-28,9.8258125e-05,0.00020638
2018-07-29,2.363375e-05,4.964e-05
2018-07-30,0.001739185,0.00365296
2018-07-31,0.00264730375,0.00556036
2018-08-01,0.002055650625,0.00431766
2018-08-02,0.0047252121875,0.00992477
2018-08-03,0.00444164765625,0.009329175
2018-08-04,0.00085935390625,0.001804975
2018-08-05,2.3148125e-05,4.862e-05
2018-08-06,0.000182756875,0.00038386
2018-08-07,0.000534025625,0.00112166
2018-08-08,0.0007558753125,0.00158763
2018-08-09,0.000399993125,0.00084014
2018-08-10,7.44625e-06,1.564e-05
2018-08-11,0.0005023790625,0.00105519
2018-08-12,0.000821515625,0.0017255
2018-08-13,0.0005109584375,0.00107321
2018-08-14,0.0002492065625,0.00052343
2018-08-15,6.48309375e-05,0.00013617
2018-08-16,3.1889375e-05,6.698e-05
2018-08-17,9.7286875e-05,0.00020434
2018-08-18,0.0017980265625,0.00377655
2018-08-19,0.00253302,0.00532032
2018-08-20,0.0011646096875,0.00244613
2018-08-21,0.0054847296875,0.01152005
2018-08-22,0.0051210775,0.01075624
2018-08-23,5.665625e-07,1.19e-06
2018-08-24,0,0
2018-08-25,0,0
2018-08-26,0.00017122328125,0.000359635
2018-08-27,0.00023346421875,0.000490365
2018-08-28,0.0001753915625,0.00036839
2018-08-29,0.000113150625,0.00023766
2018-08-30,0.00090876625,0.00190876
2018-08-31,0.00097999125,0.00205836
2018-09-01,0.00079597984375,0.001671865
2018-09-02,0.00075462078125,0.001584995
2018-09-03,4.24921875e-05,8.925e-05
2018-09-04,1.262625e-05,2.652e-05
2018-09-05,0,0
2018-09-06,9.8905625e-05,0.00020774
2018-09-07,9.8905625e-05,0.00020774
2018-09-08,0.0018405996875,0.00386597
2018-09-09,0.0039257115625,0.00824551
2018-09-10,0.0040268834375,0.00845801
2018-09-11,0.0040242934375,0.00845257
2018-09-12,0.0061220315625,0.01285863
2018-09-13,0.0044361034375,0.00931753
2018-09-14,0.0014185916468099,0.00297959017708333
2018-09-15,0.0032476982093099,0.00682142017708333
2018-09-16,0.0104926566468099,0.0220386301770833
2018-09-17,0.0166150119593099,0.0348979401770833
2018-09-18,0.008750153125,0.0183787
2018-09-19,0.00044968875,0.00094452
2018-09-20,8.78171875e-05,0.00018445
2018-09-21,4.02259375e-05,8.449e-05
2018-09-22,0.00641543,0.01347488
2018-09-23,0.0120499750843099,0.0253096001770833
2018-09-24,0.0059629894593099,0.0125245801770833
2018-09-25,0.0009676078125,0.00203235
2018-09-26,0.0007445440625,0.00156383
2018-09-27,0.00580949140625,0.012202175
2018-09-28,0.00618002328125,0.012980435
2018-09-29,0.0004853821875,0.00101949
2018-09-30,9.4696875e-06,1.989e-05
2018-10-01,4.08734375e-06,8.585e-06
2018-10-02,0.00050492859375,0.001060545
2018-10-03,0.00053192125,0.00111724
2018-10-04,3.84453125e-05,8.075e-05
2018-10-05,0.00039234453125,0.000824075
2018-10-06,0.00040747984375,0.000855865
2018-10-07,0.0007706059375,0.00161857
2018-10-08,0.00075012875,0.00157556
2018-10-09,0.0005943240625,0.00124831
2018-10-10,0.00611401875,0.0128418
2018-10-11,0.0183431085218099,0.0385276101770833
2018-10-12,0.0130105413343099,0.0273271601770833
2018-10-13,0.0001897984375,0.00039865
2018-10-14,0.00031699171875,0.000665805
2018-10-15,0.00078019703125,0.001638715
2018-10-16,0.00096983359375,0.002037025
2018-10-17,0.00051658359375,0.001085025
2018-10-18,1.06028125e-05,2.227e-05
2018-10-19,3.2375e-07,6.8e-07
2018-10-20,2.294578125e-05,4.8195e-05
2018-10-21,2.50096875e-05,5.253e-05
2018-10-22,2.38765625e-06,5.015e-06
2018-10-23,0,0
2018-10-24,0,0
2018-10-25,2.428125e-07,5.1e-07
2018-10-26,0.00484771109375,0.010182065
2018-10-27,0.00491173265625,0.010316535
2018-10-28,0.000779751875,0.00163778
2018-10-29,0.0007154875,0.0015028
2018-10-30,0,0
2018-10-31,0,0
2018-11-01,0.000163635390625,0.0003436975
2018-11-02,0.002551777265625,0.0053597175
2018-11-03,0.0024110471875,0.00506413
2018-11-04,2.29053125e-05,4.811e-05
2018-11-05,0.00036227625,0.00076092
2018-11-06,0.00123441828125,0.002592755
2018-11-07,0.00087214203125,0.001831835
2018-11-08,3.4803125e-06,7.31e-06
2018-11-09,0.00184760078968099,0.00388067501770833
2018-11-10,0.00184412047718099,0.00387336501770833
2018-11-11,0,0
2018-11-12,0.0054656284375,0.01147993
2018-11-13,0.0059135365625,0.01242071
2018-11-14,0.00050711390625,0.001065135
2018-11-15,0.00794676759274089,0.0166912801947917
2018-11-16,0.00789740920732422,0.016587608528125
2018-11-17,9.84739583333334e-06,2.06833333333333e-05
2018-11-18,0,0
2018-11-19,0,0
2018-11-20,0,0
2018-11-21,0,0
2018-11-22,0,0
2018-11-23,0,0
2018-11-24,0.004780006875,0.01003986
2018-11-25,0.004780006875,0.01003986
2018-11-26,2.9946875e-06,6.29e-06
2018-11-27,2.9946875e-06,6.29e-06
2018-11-28,0,0
2018-11-29,0,0
2018-11-30,0.0012183521875,0.00255901
2018-12-01,0.0023212065625,0.00487543
2018-12-02,0.001191561875,0.00250274
2018-12-03,8.87075e-05,0.00018632
2018-12-04,2.035578125e-05,4.2755e-05
2018-12-05,2.035578125e-05,4.2755e-05
2018-12-06,0,0
2018-12-07,0,0
2018-12-08,0,0
2018-12-09,1.1948461032711e-06,2.50963814741111e-06
2018-12-10,9.5117456726636e-05,0.000199783384012703
2018-12-11,0.000154148166786779,0.000323770666918949
2018-12-12,0.000378958347278973,0.000795958845250044
2018-12-13,0.000921860483943608,0.00193626294697036
2018-12-14,0.00587956981143575,0.0123493667081894
2018-12-15,0.0152407812427497,0.0320115250812966
2018-12-16,0.010359030842892,0.0217579643958812
2018-12-17,0.00039469171875,0.000829005
2018-12-18,0,0
2018-12-19,0,0
2018-12-20,0.00710700046875,0.014927445
2018-12-21,0.00928794234375,0.019508265
2018-12-22,0.002200751328125,0.0046224275
2018-12-23,1.9809453125e-05,4.16075e-05
2018-12-24,0,0
2018-12-25,0,0
2018-12-26,0,0
2018-12-27,1.61875e-06,3.4e-06
2018-12-28,0.0076574969593099,0.0160837001770833
2018-12-29,0.0076558782093099,0.0160803001770833
2018-12-30,0,0
2018-12-31,0.000388338125,0.00081566
2019-01-01,0.00039655328125,0.000832915
2019-01-02,0.00023848234375,0.000500905
2019-01-03,0.00104235360218099,0.00218934501770833
2019-01-04,0.0020752375,0.0043588
2019-01-05,0.00168447124156901,0.00353803998229167
2019-01-06,0.00042132015625,0.000884935
2019-01-07,0,0
2019-01-08,0,0
2019-01-09,0,0
2019-01-10,0,0
2019-01-11,0,0
2019-01-12,0.00014548515625,0.000305575
2019-01-13,0.00014548515625,0.000305575
2019-01-14,0.000144198888781239,0.000302873341687235
2019-01-15,0.000450502734580162,0.000946229681898101
2019-01-16,0.000784918601828734,0.00164863212121556
2019-01-17,0.00231776072920522,0.00486819241964339
2019-01-18,0.00345987474877409,0.00726707283140194
2019-01-19,0.0116183445846193,0.0244030094750304
2019-01-20,0.0157582839189845,0.0330984805093727
2019-01-21,0.00576066810996388,0.0120996272271056
2019-01-22,2.37394331042209e-05,4.98619753231513e-05
2019-01-23,0.00247979485967443,0.00520852665506907
2019-01-24,0.00863983481415879,0.018146988953291
2019-01-25,0.00618377938758858,0.0129883242735451
2019-01-26,0,0
2019-01-27,0,0
2019-01-28,0,0
2019-01-29,0.000247648515625,0.0005201575
2019-01-30,0.000247648515625,0.0005201575
2019-01-31,0,0
2019-02-01,8.4984375e-06,1.785e-05
2019-02-02,1.18978125e-05,2.499e-05
2019-02-03,3.399375e-06,7.14e-06
2019-02-04,0,0
2019-02-05,0,0
2019-02-06,5.2933125e-05,0.00011118
2019-02-07,0.00058833467906901,0.00123572998229167
2019-02-08,0.000567999132194011,0.00119301748229167
2019-02-09,3.2597578125e-05,6.84675e-05
2019-02-10,0.000977927369042969,0.002054025053125
2019-02-11,0.00120534151809896,0.00253168257083333
2019-02-12,0.00351206029339193,0.00737668262395833
2019-02-13,0.00328464614433594,0.00689902510625
2019-02-14,0,0
2019-02-15,0,0
2019-02-16,0.00179822892311198,0.00377697503541667
2019-02-17,0.00481311035465495,0.0101093900885417
2019-02-18,0.00360129386184896,0.00756410757083333
2019-02-19,0.00062752868030599,0.00131805251770833
2019-02-20,0.0119359397797087,0.0250700820083457
2019-02-21,0.014079733894086,0.0295728773682733
2019-02-22,0.00718434419380477,0.0150898966850571
2019-02-23,0.00942274918408242,0.0197914114136712
2019-02-24,0.00645678912151693,0.0135617501239583
2019-02-25,0.00203347376686198,0.00427108003541667
2019-02-26,0,0
2019-02-27,0,0
2019-02-28,0.00011918046031901,0.000250324982291667
2019-03-01,0.00386308627304688,0.0081139727125
2019-03-02,0.00374714331272787,0.00787044773020833
2019-03-03,0.00253326280406901,0.00532082998229167
2019-03-04,0.00253002530406901,0.00531402998229167
2019-03-05,0,0
2019-03-06,0,0
2019-03-07,0,0
2019-03-08,0.00063289078968099,0.00132931501770833
2019-03-09,0.00090811875843099,0.00190740001770833
2019-03-10,0.00105060922718099,0.00220668501770833
2019-03-11,0.00077538125843099,0.00162860001770833
2019-03-12,0,0
2019-03-13,0,0
2019-03-14,0,0
2019-03-15,3.4823359375e-05,7.31425e-05
2019-03-16,3.4823359375e-05,7.31425e-05
2019-03-17,0,0
2019-03-18,0,0
2019-03-19,0,0
2019-03-20,0,0
2019-03-21,0.000413105,0.00086768
2019-03-22,0.000430425625,0.00090406
2019-03-23,1.7320625e-05,3.638e-05
2019-03-24,0,0
2019-03-25,0.000722690962792969,0.001517930053125
2019-03-26,0.000760812525292969,0.001598000053125
2019-03-27,3.81215625e-05,8.007e-05
2019-03-28,0,0
2019-03-29,0,0
2019-03-30,1.456875e-06,3.06e-06
2019-03-31,7.296515625e-05,0.000153255
2019-04-01,7.150828125e-05,0.000150195
2019-04-02,0,0
2019-04-03,0,0
2019-04-04,0,0
2019-04-05,0.00278344059127604,0.00584629992916667
2019-04-06,0.00278344059127604,0.00584629992916667
2019-04-07,0.000260456875,0.00054706
2019-04-08,0.00270080347965495,0.00567273008854167
2019-04-09,0.00244496004215495,0.00513536008854167
2019-04-10,4.6134375e-06,9.69e-06
2019-04-11,0,0
2019-04-12,0.00084502797718099,0.00177488501770833
2019-04-13,0.00155315015625,0.003262215
2019-04-14,0.00744722131744792,0.0156420401416667
2019-04-15,0.00772564632587891,0.016226840159375
2019-04-16,0.0009865471875,0.00207213
2019-04-17,0,0
2019-04-18,0.00015507625,0.00032572
2019-04-19,0.00613595286308594,0.01288787010625
2019-04-20,0.00647350269840495,0.0135968550885417
2019-04-21,0.00049477092906901,0.00103920998229167
2019-04-22,2.14484375e-06,4.505e-06
2019-04-23,0,0
2019-04-24,0,0
2019-04-25,3.9011875e-05,8.194e-05
2019-04-26,0.00107976694469401,0.00226792748229167
2019-04-27,0.00104075506969401,0.00218598748229167
2019-04-28,0,0
2019-04-29,0,0
2019-04-30,0,0
2019-05-01,0,0
2019-05-02,0.000232290625,0.0004879
2019-05-03,0.00287360507587891,0.006035680159375
2019-05-04,0.00371932107239583,0.00781201028333333
2019-05-05,0.00223877177776693,0.00470228512395833
2019-05-06,0.00116076515625,0.002438055
2019-05-07,0.000672104974707031,0.001411679946875
2019-05-08,0.000672104974707031,0.001411679946875
2019-05-09,8.903125e-06,1.87e-05
2019-05-10,8.903125e-06,1.87e-05
2019-05-11,0.00105364439186198,0.00221306003541667
2019-05-12,0.00328606249156901,0.00690199998229167
2019-05-13,0.00266786184970703,0.005603539946875
2019-05-14,0.00043544375,0.0009146
2019-05-15,0,0
2019-05-16,0,0
2019-05-17,0.00023176453968099,0.000486795017708333
2019-05-18,0.00032192891468099,0.000676175017708333
2019-05-19,9.41303125e-05,0.00019771
2019-05-20,4.9371875e-06,1.037e-05
2019-05-21,9.7125e-07,2.04e-06
2019-05-22,0,0
2019-05-23,3.56125e-06,7.48e-06
2019-05-24,6.8796875e-06,1.445e-05
2019-05-25,0.000609135625,0.00127942
2019-05-26,0.001801183125,0.00378318
2019-05-27,0.0012003840625,0.00252127
2019-05-28,5.018125e-06,1.054e-05
2019-05-29,0.00114202814186198,0.00239870003541667
2019-05-30,0.00116129126686198,0.00243916003541667
2019-05-31,0.00168629238590495,0.00354186508854167
2019-06-01,0.00182536324527995,0.00383396758854167
2019-06-02,0.000183748359375,0.0003859425
2019-06-03,2.5414375e-05,5.338e-05
2019-06-04,0,0
2019-06-05,2.7356875e-05,5.746e-05
2019-06-06,0.00047987844593099,0.00100793001770833
2019-06-07,0.00627435592063802,0.0131785699645833
2019-06-08,0.0202403645014648,0.042512580265625
2019-06-09,0.0152433642058268,0.0320169503010417
2019-06-10,0.00441093184127604,0.00926465992916667
2019-06-11,0.00358609778720703,0.007532189946875
2019-06-12,0.000423626875,0.00088978
2019-06-13,0.00080480202281901,0.00169039498229167
2019-06-14,0.00038117514781901,0.000800614982291667
2019-06-15,0,0
2019-06-16,0.000410515,0.00086224
2019-06-17,0.00141567780406901,0.00297346998229167
2019-06-18,0.0023040478125,0.00483939
2019-06-19,0.00171231375,0.00359652
2019-06-20,0.00044450874156901,0.000933639982291667
2019-06-21,3.108e-05,6.528e-05
2019-06-22,6.62878125e-05,0.00013923
2019-06-23,6.62878125e-05,0.00013923
2019-06-24,0.00131045902877604,0.00275246992916667
2019-06-25,0.00131806715377604,0.00276844992916667
2019-06-26,7.608125e-06,1.598e-05
2019-06-27,0,0
2019-06-28,0,0
2019-06-29,0.000980638766861979,0.00205972003541667
2019-06-30,0.000980638766861979,0.00205972003541667
2019-07-01,0,0
2019-07-02,0.000139050625,0.00029206
2019-07-03,0.00014924875,0.00031348
2019-07-04,0.00305514782093099,0.00641699001770833
2019-07-05,0.00328128719593099,0.00689197001770833
2019-07-06,0.000376359375,0.0007905
2019-07-07,0.00124619470436198,0.00261749003541667
2019-07-08,0.00126772407936198,0.00266271003541667
2019-07-09,0.000163655625,0.00034374
2019-07-10,1.30309375e-05,2.737e-05
2019-07-11,0.000300278125,0.0006307
2019-07-12,0.0002893515625,0.00060775
2019-07-13,0,0
2019-07-14,0,0
2019-07-15,0.0004946090625,0.00103887
2019-07-16,0.0004946090625,0.00103887
2019-07-17,0.000228729375,0.00048042
2019-07-18,0.0002909703125,0.00061115
2019-07-19,6.22409375e-05,0.00013073
2019-07-20,0,0
2019-07-21,0.00757170279619141,0.015903499309375
2019-07-22,0.00935289437555339,0.0196446893447917
2019-07-23,0.00603267652877604,0.0126709499291667
2019-07-24,0.00425148494941406,0.00892975989375
2019-07-25,0,0
2019-07-26,0,0
2019-07-27,0,0
2019-07-28,0,0
2019-07-29,0.00031047625,0.00065212
2019-07-30,0.00221987280406901,0.00466258998229167
2019-07-31,0.00192963092906901,0.00405296998229167
2019-08-01,0.00107484998313802,0.00225759996458333
2019-08-02,0.00105461560813802,0.00221509996458333
2019-08-03,0.0001081325,0.00022712
2019-08-04,0.00011234125,0.00023596
2019-08-05,0.000170454375,0.00035802
2019-08-06,0.0002796390625,0.00058735
2019-08-07,0.000136784375,0.0002873
2019-08-08,2.37146875e-05,4.981e-05
2019-08-09,2.1205625e-05,4.454e-05
2019-08-10,2.0881875e-05,4.386e-05
2019-08-11,0,0
2019-08-12,0,0
2019-08-13,0.00012856921875,0.000270045
2019-08-14,0.00012856921875,0.000270045
2019-08-15,0.00085729000843099,0.00180064001770833
2019-08-16,0.00350669804912109,0.007365419840625
2019-08-17,0.0026501364781901,0.00556630982291667
2019-08-18,0.00037012719593099,0.000777410017708333
2019-08-19,0.00036939875843099,0.000775880017708333
2019-08-20,0.000393194375,0.00082586
2019-08-21,0.000438843125,0.00092174
2019-08-22,0.0016408459375,0.00344641
2019-08-23,0.00724163991569011,0.0152102398229167
2019-08-24,0.00607120273662109,0.012751869840625
2019-08-25,0.00042476000843099,0.000892160017708333
2019-08-26,0,0
2019-08-27,0.000728599375,0.00153034
2019-08-28,0.000728599375,0.00153034
2019-08-29,0,0
2019-08-30,0,0
2019-08-31,0,0
2019-09-01,0,0
2019-09-02,0.0001938453125,0.00040715
2019-09-03,0.0001938453125,0.00040715
2019-09-04,0,0
2019-09-05,0,0
2019-09-06,3.39128125e-05,7.123e-05
2019-09-07,3.39128125e-05,7.123e-05
2019-09-08,0,0
2019-09-09,0,0
2019-09-10,0,0
2019-09-11,0.00237502997470703,0.004988479946875
2019-09-12,0.00245693872470703,0.005160519946875
2019-09-13,0.00010651375,0.00022372
2019-09-14,0.000534511266861979,0.00112268003541667
2019-09-15,0.000523099079361979,0.00109871003541667
2019-09-16,1.31928125e-05,2.771e-05
2019-09-17,0,0
2019-09-18,0,0
2019-09-19,0,0
2019-09-20,0,0
2019-09-21,0,0
2019-09-22,0,0
2019-09-23,0,0
2019-09-24,0,0
2019-09-25,0,0
2019-09-26,0,0
2019-09-27,0,0
2019-09-28,0.00166132316715495,0.00348942008854167
2019-09-29,0.00181170504215495,0.00380528008854167
2019-09-30,0.0004448325,0.00093432
2019-10-01,0.000294450625,0.00061846
2019-10-02,0,0
2019-10-03,0,0
2019-10-04,0,0
2019-10-05,0,0
2019-10-06,0.000540176900292969,0.001134580053125
2019-10-07,0.000626011119042969,0.001314865053125
2019-10-08,0.00261889472965495,0.00550069008854167
2019-10-09,0.00258117785465495,0.00542147008854167
2019-10-10,4.844109375e-05,0.000101745
2019-10-11,3.2375e-07,6.8e-07
2019-10-12,0,0
2019-10-13,8.903125e-07,1.87e-06
2019-10-14,8.903125e-07,1.87e-06
2019-10-15,0,0
2019-10-16,0.00527740830654297,0.011084595053125
2019-10-17,0.00527740830654297,0.011084595053125
2019-10-18,0,0
2019-10-19,0.000856075929069011,0.00179808998229167
2019-10-20,0.00934524621178386,0.0196286252479167
2019-10-21,0.00857026965771484,0.018000875265625
2019-10-22,0.00239105559970703,0.005022139946875
2019-10-23,0.00230995622470703,0.004851799946875
2019-10-24,0,0
2019-10-25,0,0
2019-10-26,0.0002454025,0.00051544
2019-10-27,0.00331018188343099,0.00695266001770833
2019-10-28,0.00306477938343099,0.00643722001770833
2019-10-29,0,0
2019-10-30,0.00224787717906901,0.00472140998229167
2019-10-31,0.00331398600494792,0.00696065014166667
2019-11-01,0.00106610882587891,0.002239240159375
2019-11-02,0,0
2019-11-03,0,0
2019-11-04,0,0
2019-11-05,0,0
2019-11-06,0,0
2019-11-07,8.09375e-07,1.7e-06
2019-11-08,8.09375e-07,1.7e-06
2019-11-09,0,0
2019-11-10,0,0
2019-11-11,1.6673125e-05,3.502e-05
2019-11-12,0.00032387141468099,0.000680255017708333
2019-11-13,0.00030719828968099,0.000645235017708333
2019-11-14,0,0
2019-11-15,2.5232265625e-05,5.29975e-05
2019-11-16,2.71140625e-05,5.695e-05
2019-11-17,1.881796875e-06,3.9525e-06
2019-11-18,0.00053293297718099,0.00111936501770833
2019-11-19,0.00053293297718099,0.00111936501770833
2019-11-20,0,0
2019-11-21,0,0
2019-11-22,7.35721875e-05,0.00015453
2019-11-23,0.00255062387252604,0.00535729492916667
2019-11-24,0.00278607106002604,0.00585182492916667
2019-11-25,0.000309019375,0.00064906
2019-11-26,0,0
2019-11-27,0.00102855373313802,0.00216035996458333
2019-11-28,0.00102855373313802,0.00216035996458333
2019-11-29,0,0
2019-11-30,0.00228644387252604,0.00480241492916667
2019-12-01,0.0071462954648112,0.0150099796635417
2019-12-02,0.00488231174853516,0.010254739734375
2019-12-03,2.246015625e-05,4.7175e-05
2019-12-04,0,0
2019-12-05,0,0
2019-12-06,0,0
2019-12-07,0,0
2019-12-08,0,0
2019-12-09,0.00236147297718099,0.00496000501770833
2019-12-10,0.00285988610218099,0.00600686501770833
2019-12-11,0.000556688125,0.00116926
2019-12-12,5.8275e-05,0.0001224
2019-12-13,0.00616316981452417,0.0129450362127457
2019-12-14,0.0128928580210178,0.0270799797815972
2019-12-15,0.00672968820649363,0.0141349435688515
2019-12-16,0,0
2019-12-17,0.00030294907093099,0.000636310017708333
2019-12-18,0.00030294907093099,0.000636310017708333
2019-12-19,0,0
2019-12-20,0,0
2019-12-21,0,0
2019-12-22,0,0
2019-12-23,0,0
2019-12-24,0,0
2019-12-25,0,0
2019-12-26,0,0
2019-12-27,0,0
2019-12-28,0,0
2019-12-29,0.00076036735218099,0.00159706501770833
2019-12-30,0.00086331985218099,0.00181330501770833
2019-12-31,0.000103438125,0.00021726
