DateTime,Fsed_rsi,Ksed_rsi,RMSE
2020-06-08 21:05:53,13.8954652454462,49.8587061335185,39.1371978599428
2020-06-08 21:05:45,13.8954652454462,49.8587061335185,39.1371978599428
2020-06-08 21:05:37,13.8954652454462,49.8587061335185,39.1371978599428
2020-06-08 21:05:29,13.8722196324871,50.0538598612359,40.2913165486092
2020-06-08 21:05:22,13.7468030514445,50.7655869679286,39.6781049435236
2020-06-08 21:05:14,13.8730647657056,50.4528142497572,39.6187744315646
2020-06-08 21:05:07,13.8467807086438,50.762082869012,39.736334495866
2020-06-08 21:04:59,13.7357235462198,51.2555978502849,39.5934802906422
2020-06-08 21:04:52,13.6917344133746,51.1856350268824,39.4068414856941
2020-06-08 21:04:44,13.9102612110044,49.6298288482935,39.7057883589886
2020-06-08 21:04:36,13.8449784377072,50.565591093842,39.4010342350943
2020-06-08 21:04:29,13.8016290692238,50.1670684072678,39.3834378061446
2020-06-08 21:04:21,13.7228490706598,51.1092896946024,39.8928932808664
2020-06-08 21:04:14,13.8466427029042,50.4150360930129,40.0706716013589
2020-06-08 21:04:06,13.5956656650559,51.7119287028818,39.5040785312606
2020-06-08 21:03:59,13.7045030560419,50.4572660856393,40.283217419828
2020-06-08 21:03:51,13.7127961795247,50.6304177810443,39.4734786812588
2020-06-08 21:03:44,13.6492222053433,51.2183026026446,39.4186560123429
2020-06-08 21:03:36,13.7708158593431,50.7803521574078,39.1176864134924
2020-06-08 21:03:28,13.7919262429244,50.3175113007512,39.5323668858655
2020-06-08 21:03:21,13.6980245137363,51.1694334495006,39.4884748981997
2020-06-08 21:03:13,13.571443400969,51.8294644952788,39.7727077547886
2020-06-08 21:03:06,13.8139208790189,50.2256739298172,39.4036373211676
2020-06-08 21:02:58,13.5913542423162,51.2449814430665,39.20591229471
2020-06-08 21:02:51,13.500002839127,52.0528952964678,40.4928597703426
2020-06-08 21:02:43,13.6592584782606,50.8804827731321,39.7092053599467
2020-06-08 21:02:35,13.7105781670487,50.8908258988074,38.8655809700579
2020-06-08 21:02:28,13.6049172681837,50.9735926436314,39.1813876166131
2020-06-08 21:02:20,13.7295317290608,50.5489443297971,39.6715936722797
2020-06-08 21:02:13,13.4418710076773,52.0373499175287,39.2918837720067
2020-06-08 21:02:05,13.6577564829899,50.9251271578384,39.8851291970983
2020-06-08 21:01:58,13.6399485121355,50.9558992326595,39.7712805988283
2020-06-08 21:01:50,13.6796891616327,50.8443311344567,39.6473289626875
2020-06-08 21:01:42,13.5197416897618,51.293334267848,39.805747552785
2020-06-08 21:01:35,13.3784672884677,52.6141826369854,39.1652476201264
2020-06-08 21:01:27,13.7159483836253,49.9210915625853,39.1877003669869
2020-06-08 21:01:19,13.7294938847641,50.2050282437228,39.6089068294564
2020-06-08 21:01:12,13.7253070339623,50.1718591312296,40.001123799366
2020-06-08 21:01:04,13.6694000697178,50.7936855406462,39.9498614144872
2020-06-08 21:00:57,13.7055390782327,50.682298182283,39.7721392769896
2020-06-08 21:00:49,13.7341427602976,50.6029954313295,38.7182157073397
2020-06-08 21:00:42,13.6542076473692,50.5521635036287,39.4021785477077
2020-06-08 21:00:34,13.5964102053402,51.2005168139283,39.6258265648151
2020-06-08 21:00:27,13.6265094223737,50.8353456946144,39.3311747855574
2020-06-08 21:00:19,13.7646810392591,49.709116654973,40.6386611269234
2020-06-08 21:00:11,13.7510523397443,50.061561561056,39.6950706697198
2020-06-08 21:00:04,13.624447653139,50.5892755352164,39.7960393848467
2020-06-08 20:59:56,13.7048602979815,50.4348029970729,39.6445715878202
2020-06-08 20:59:49,13.7156336852324,50.4117157601538,39.3727366494685
2020-06-08 20:59:41,13.832678564357,49.2425481450723,40.5549208946823
2020-06-08 20:59:34,13.9923001732911,48.9448630347069,39.6355014085834
2020-06-08 20:59:26,13.7640653994027,49.7182291042939,39.0291535769671
2020-06-08 20:59:19,13.6514530742664,50.653039700176,39.31228929393
2020-06-08 20:59:11,13.9205823168552,49.4311113029152,39.5014402707515
2020-06-08 20:59:04,13.9032683240728,49.1770877109557,39.4289987838627
2020-06-08 20:58:56,13.746432708556,50.6843247190239,39.3237072432611
2020-06-08 20:58:48,13.9446438824004,49.3387957580218,39.5345023174149
2020-06-08 20:58:41,13.8341871160177,49.532036982418,39.4268516910442
2020-06-08 20:58:33,13.8339453752436,49.6309410126451,39.7286046591554
2020-06-08 20:58:25,13.7443331446531,49.8980559203148,39.8360414619113
2020-06-08 20:58:18,13.8944540410696,49.197177277707,39.1981959035587
2020-06-08 20:58:10,13.5742757152087,50.571665920794,39.6537952343856
2020-06-08 20:58:02,13.6719612912032,50.6180600558632,39.8354555003489
2020-06-08 20:57:55,13.7197041893622,50.1705324161756,39.8941405288136
2020-06-08 20:57:47,13.8168306021311,49.5563576387954,39.5315616214786
2020-06-08 20:57:40,14.077881361287,48.5106635024822,39.7052332974422
2020-06-08 20:57:32,14.01812202669,49.0414351556896,39.5687849009101
2020-06-08 20:57:24,13.8816125101598,49.9120189460496,39.5664265110351
2020-06-08 20:57:17,13.7930252553665,50.0588188713861,39.7134746962555
2020-06-08 20:57:09,13.7666385967036,50.5180126639072,39.4274615627431
2020-06-08 20:57:02,13.6425222929281,50.5633121761456,39.6796272342943
2020-06-08 20:56:54,13.8535514661869,49.6870844091599,39.060306628125
2020-06-08 20:56:46,13.6876719418023,50.8826798840574,39.8649685596819
2020-06-08 20:56:39,13.6641972282463,50.724546720637,39.5674038035797
2020-06-08 20:56:31,13.7037676552849,50.7780883011754,39.3254194313462
2020-06-08 20:56:23,13.6923322625194,50.5209665192827,39.2463376615701
2020-06-08 20:56:16,13.6404330723532,50.6523714677329,39.0980727922997
2020-06-08 20:56:08,13.7827678325252,50.1385248581202,39.0922367294289
2020-06-08 20:56:01,13.7156371204975,50.5869639136565,39.7493442679097
2020-06-08 20:55:53,13.534640022984,50.9769551825699,39.3380912642859
2020-06-08 20:55:45,13.7196817347718,50.4336908953524,39.3031490860369
2020-06-08 20:55:38,13.4549456427796,51.8333156024869,39.2037918079863
2020-06-08 20:55:30,13.6119926220932,51.2175046067845,39.6282771333575
2020-06-08 20:55:23,13.4814384464734,51.824500519358,39.7198229540298
2020-06-08 20:55:15,13.6013864541439,51.337921170784,40.652940995088
2020-06-08 20:55:07,13.6601448065082,50.6310352498622,38.5628894040424
2020-06-08 20:55:00,13.7454443466246,50.2477711769856,40.7057608421728
2020-06-08 20:54:52,13.5683018291184,51.3984454519019,38.9333737864007
2020-06-08 20:54:45,13.6562730639214,50.5446122494199,39.9597427779859
2020-06-08 20:54:37,13.6269601608921,50.7065617679547,40.0934917879253
2020-06-08 20:54:29,13.7362200296766,50.0966545672046,39.8804874327511
2020-06-08 20:54:22,13.5979192433435,50.6264208941799,40.1182485594651
2020-06-08 20:54:14,13.6880820869045,50.2595889508765,39.4490749281411
2020-06-08 20:54:07,13.7603212743694,50.0832633126249,39.8039323387612
2020-06-08 20:53:59,13.6592262219301,50.5905304311639,39.1805955812774
2020-06-08 20:53:52,13.7247336050579,50.4106669507449,39.4419904989007
2020-06-08 20:53:44,13.7666948378662,49.9295630567221,39.4611980420038
2020-06-08 20:53:36,13.7998772216493,50.0538924816415,39.585018355361
2020-06-08 20:53:29,13.6597801799239,50.4665243749565,40.7211950274915
2020-06-08 20:53:21,13.6997012239513,50.5217285029027,39.6770869712908
2020-06-08 20:53:14,13.6240344536414,50.435722960191,40.0302408880765
2020-06-08 20:53:06,13.7588811839942,49.8773970594009,39.7323354707483
2020-06-08 20:52:58,13.6660840148852,50.283454938436,40.1476500429841
2020-06-08 20:52:51,13.6410291365926,50.6997669345144,39.9968786563573
2020-06-08 20:52:43,13.6132470984831,50.4912466302404,38.8942491996327
2020-06-08 20:52:36,13.711358995405,49.6444275299053,39.8060716128249
2020-06-08 20:52:28,13.6635672683778,50.0351510859211,40.2278561923248
2020-06-08 20:52:21,13.8046051488713,49.6029733169194,39.9700253483984
2020-06-08 20:52:13,13.7714323203587,50.0500297740657,39.6571538461104
2020-06-08 20:52:05,13.858752760018,49.8101771677228,39.480902855169
2020-06-08 20:51:58,13.9814464907168,49.1612916692811,39.8104675212372
2020-06-08 20:51:50,13.7535795043499,49.659477372545,39.2056722811443
2020-06-08 20:51:42,13.8783174712941,49.2211902312221,39.8446484672825
2020-06-08 20:51:35,13.5011451631337,50.8775600487453,39.5767003987854
2020-06-08 20:51:27,13.7745660226763,49.5732317421939,39.937608591698
2020-06-08 20:51:20,13.6399883840308,50.9267041404745,39.2468301036229
2020-06-08 20:51:12,13.4300276911695,51.0873198185145,40.1241517075719
2020-06-08 20:51:05,13.5284859154763,51.11333966967,39.8787635316602
2020-06-08 20:50:57,13.6553465913443,50.2435335736343,40.1020737340392
2020-06-08 20:50:50,13.8539299352869,49.6412621780825,38.5964183906336
2020-06-08 20:50:42,13.5297436161335,51.0305932288296,39.6412946639717
2020-06-08 20:50:35,13.9185176337704,49.0487901953896,39.7691200516009
2020-06-08 20:50:27,13.6539597883842,50.014089420883,40.2174200404301
2020-06-08 20:50:20,13.7055148265941,49.8313464156854,39.0876764979053
2020-06-08 20:50:12,13.411116177062,52.2445793854746,39.6319075756626
2020-06-08 20:50:04,13.7761223401476,50.0254905999936,39.5219897394404
2020-06-08 20:49:57,13.8792181958338,49.3525731019179,40.8455161108036
2020-06-08 20:49:49,13.9118663293657,50.1591048954395,39.6523925628246
2020-06-08 20:49:42,13.7873502014877,49.2810136603553,39.7414003985623
2020-06-08 20:49:34,14.3074302587626,47.7794569157591,39.3783467624013
2020-06-08 20:49:26,13.7962334204913,48.7457152954088,39.5750489167934
2020-06-08 20:49:19,13.7056435608365,50.2941728738978,38.6462593394655
2020-06-08 20:49:11,13.8012703448422,49.6587587376702,39.1045631097685
2020-06-08 20:49:04,13.441358432645,50.2091463288137,39.1658956479487
2020-06-08 20:48:56,13.5843445421224,51.5300531837207,39.5074371896852
2020-06-08 20:48:49,13.9012112216762,49.9096909478815,39.7343708056963
2020-06-08 20:48:41,13.895126045292,48.9455188351245,39.5844371304989
2020-06-08 20:48:34,13.847067406438,50.8612433772,39.8692770866091
2020-06-08 20:48:26,13.766457781291,49.5351457609145,38.627086356403
2020-06-08 20:48:19,14.1723864211905,48.0805904814544,38.8336542340424
2020-06-08 20:48:11,13.7894345765909,50.0339781493162,39.3860497708191
2020-06-08 20:48:04,13.7628688824356,49.418710325488,39.2205694893695
2020-06-08 20:47:56,13.6843925526243,50.6978220011169,39.4857745546035
2020-06-08 20:47:49,14.3555298643997,48.9274465255405,40.3803678576214
2020-06-08 20:47:41,14.1305011377769,47.9731142309534,39.7327954109191
2020-06-08 20:47:33,13.4617024036095,49.5661702121026,40.0896670349464
2020-06-08 20:47:26,13.9203034975659,49.0750534952505,39.2591235669194
2020-06-08 20:47:18,13.9384315752414,49.7436999708342,39.532888534289
2020-06-08 20:47:11,13.9804657395953,47.9075353312816,39.4111092603179
2020-06-08 20:47:03,14.1725523701911,49.5741084442299,39.4798889150978
2020-06-08 20:46:55,14.2154725666776,47.1604352512885,39.5041854583497
2020-06-08 20:46:48,13.8255828286017,49.999537138749,39.6731678430418
2020-06-08 20:46:40,13.7963599181277,50.4951388565209,39.8517853770879
2020-06-08 20:46:32,14.376180874665,48.5396534931596,39.5265613460608
2020-06-08 20:46:25,13.8042038616669,48.9831011192073,40.5923647092513
2020-06-08 20:46:17,13.7120596250771,49.0637885485986,39.684040086814
2020-06-08 20:46:10,13.672164924562,49.7152842402993,39.9167643545364
2020-06-08 20:46:02,13.7111370327766,49.5646009063276,39.6374762039969
2020-06-08 20:45:55,14.2266717315955,48.3827146470821,39.9187657601247
2020-06-08 20:45:47,13.6151338844677,49.3934240928017,38.7436044942206
2020-06-08 20:45:39,13.8501225206023,51.1253877483301,39.7183569440503
2020-06-08 20:45:31,13.9542692362618,50.2781504979988,39.526639641853
2020-06-08 20:45:24,14.7445178371274,46.2735225902884,39.5802596834091
2020-06-08 20:45:16,13.9013735009596,49.5547324951802,39.4169846058241
2020-06-08 20:45:09,14.2076477108532,49.1578657996662,38.7550929800998
2020-06-08 20:45:01,13.9617089471436,47.217225047702,39.1042213802634
2020-06-08 20:44:54,13.6453767734268,49.7502262553824,38.7555256145626
2020-06-08 20:44:46,13.7873857408563,50.0258355952794,39.454814841766
2020-06-08 20:44:39,14.5121965570088,50.2578229235247,40.3390790867668
2020-06-08 20:44:31,14.0194707140799,49.8154454440885,39.3637494947924
2020-06-08 20:44:23,12.9517780245111,54.0572892720939,40.8799391369799
2020-06-08 20:44:16,13.8008065210944,50.2628786366766,40.4362031840359
2020-06-08 20:44:08,13.5896512571652,51.5003220025977,39.3766959639041
2020-06-08 20:44:01,13.1673908009916,51.000256386501,39.5485652678207
2020-06-08 20:43:53,13.9221958591988,49.1616696901694,39.3296766055941
2020-06-08 20:43:46,13.2660988181466,50.9641485245664,39.9140283463854
2020-06-08 20:43:38,13.6990194675387,50.6882461614178,39.7930011981638
2020-06-08 20:43:31,13.4225065572197,50.7732329476692,39.442028212609
2020-06-08 20:43:23,13.4039643258715,51.2081838258297,39.7257993181623
2020-06-08 20:43:16,13.9019791422903,50.382132464334,40.1527773552075
2020-06-08 20:43:08,13.4129595484341,51.3493521089541,39.3805668795241
2020-06-08 20:43:00,13.8185231788403,49.1041082357903,39.6464712450583
2020-06-08 20:42:53,13.4932028138879,52.7525870928352,39.4941948581263
2020-06-08 20:42:45,13.7772055618461,49.7123833633095,39.4699646021442
2020-06-08 20:42:38,13.481835603763,51.9792404131192,39.4000730855034
2020-06-08 20:42:30,14.3286518999616,47.8139823583023,39.70732683765
2020-06-08 20:42:22,14.3204444097203,49.4099582316847,39.9849536200034
2020-06-08 20:42:15,13.4477769751362,51.4397690684916,40.0848295527795
2020-06-08 20:42:08,14.0705894572873,51.648118231624,39.796596892335
2020-06-08 20:42:00,13.5810616742853,52.3520477756588,39.4282692564294
2020-06-08 20:41:53,13.8036431750543,52.9546839217416,39.3964741949468
2020-06-08 20:41:45,13.9432665591754,49.8368134134106,38.5707671077678
2020-06-08 20:41:37,14.0569681976245,51.6609528437219,39.9763192729693
2020-06-08 20:41:30,13.5949704699858,52.8311039500912,39.0492199043627
2020-06-08 20:41:22,13.9161337003461,52.0176784780196,38.6751817947624
2020-06-08 20:41:15,13.8930811741922,51.6345810139939,39.3677019757621
2020-06-08 20:41:07,13.6970381077486,52.3659789295339,40.0947969638728
2020-06-08 20:41:00,13.698048555384,52.8698233220738,39.3994634015353
2020-06-08 20:40:52,14.2333167863607,48.8423579933547,39.8543999832947
2020-06-08 20:40:44,13.3685066240249,52.3780299872393,39.2395748852629
2020-06-08 20:40:36,13.895012900071,51.208374709088,38.9173881214952
2020-06-08 20:40:29,13.5982230205453,52.6156970577151,39.6002979286096
2020-06-08 20:40:21,13.5466023879505,52.5917025936055,39.6633721353188
2020-06-08 20:40:14,13.6336282121062,52.2839871667161,39.2719826270404
2020-06-08 20:40:06,13.5478209697793,51.7679454412362,39.1063771982596
2020-06-08 20:39:59,13.3929611498843,53.2147244720358,39.1333135601798
2020-06-08 20:39:51,13.5476566047763,52.3003247289987,40.0650319829486
2020-06-08 20:39:43,13.5662055723506,52.4196826152202,38.8632710563344
2020-06-08 20:39:36,14.1457489389827,51.0413403093923,40.6471682049255
2020-06-08 20:39:28,13.5338251394808,52.1567188878454,39.6729232749885
2020-06-08 20:39:20,13.6222347493382,51.7411989246233,39.573866511224
2020-06-08 20:39:12,13.4851151375543,52.7685416614024,39.2771914511508
2020-06-08 20:39:05,13.3092956485451,53.4687456218489,39.8137716461846
2020-06-08 20:38:57,13.8355140561709,51.6063075956871,40.0026594747075
2020-06-08 20:38:50,13.7070269738358,51.7642150102548,39.3562853902379
2020-06-08 20:38:42,13.671858460672,52.4354147551794,39.1893186831641
2020-06-08 20:38:35,13.2035329532942,53.684454213111,39.4763510708681
2020-06-08 20:38:27,13.1972299825139,53.8190500864274,40.0681066766421
2020-06-08 20:38:20,13.4127863325911,53.3878466495055,39.8659667983858
2020-06-08 20:38:12,13.6398770587322,52.3161013869466,39.1251063343293
2020-06-08 20:38:04,13.2053485520444,54.0141429449038,39.3358086868457
2020-06-08 20:37:56,13.3852729249075,53.5260273868596,39.1348957023013
2020-06-08 20:37:49,13.3742660456538,52.3419381894511,39.1518419767796
2020-06-08 20:37:41,13.3565128233592,53.1413250951944,40.2615858855882
2020-06-08 20:37:34,13.5459463530685,53.1608106099969,39.815981826198
2020-06-08 20:37:26,13.4512740071065,53.0257563806578,38.5075708924225
2020-06-08 20:37:19,13.2231387144044,53.0695776011311,39.442856392873
2020-06-08 20:37:11,13.1148934841996,53.3175483002481,40.1134003320253
2020-06-08 20:37:04,13.4213002988493,53.5599032704882,39.3688568961784
2020-06-08 20:36:56,13.1994795863641,53.9334085712049,39.0198144967729
2020-06-08 20:36:48,13.6464657457494,52.2760284004135,40.472135682954
2020-06-08 20:36:41,13.1640943120326,53.8069658397003,38.5472614184346
2020-06-08 20:36:33,13.4191294806231,53.833387348288,39.6010267183686
2020-06-08 20:36:26,13.6558910855736,52.3385614876702,39.6878240964563
2020-06-08 20:36:18,13.5450653754871,51.8121912188135,39.3073052450318
2020-06-08 20:36:11,13.5533347068159,52.8812534905489,39.623782403389
2020-06-08 20:36:03,13.2775217650778,54.1217421759096,39.4498385906871
2020-06-08 20:35:56,13.2013474417464,53.8693440367304,39.8692937410871
2020-06-08 20:35:48,13.0211978708953,53.8512400794338,39.3875682133169
2020-06-08 20:35:40,13.4830840675935,53.7033232438902,39.3854443041187
2020-06-08 20:35:33,13.37492729281,53.1321451129758,39.3712796352149
2020-06-08 20:35:25,13.4533652507971,53.229852999679,39.0760811748628
2020-06-08 20:35:18,13.2835623278455,53.4187630698481,39.4851352990154
2020-06-08 20:35:10,13.3031216898106,53.747555097192,39.1735864363481
2020-06-08 20:35:02,13.0591468078684,53.0250186051952,39.1939023311695
2020-06-08 20:34:55,13.2153589774606,53.8173904027013,39.5663409524985
2020-06-08 20:34:47,12.9356588236623,53.8739979357563,39.6663087453091
2020-06-08 20:34:38,13.3051176730797,53.7443465248278,40.1211743087356
2020-06-08 20:34:30,13.1237553356091,53.9992310664716,38.8964800510891
2020-06-08 20:34:23,13.7017412291711,51.1444308741969,39.6066577943547
2020-06-08 20:34:15,13.0767679326989,53.6096088442011,39.5955594021816
2020-06-08 20:34:08,13.1831154844082,53.8519366507648,39.0634171830466
2020-06-08 20:34:00,13.6056568364606,50.9291992862573,39.5848646962395
2020-06-08 20:33:53,13.3698887118521,52.9424976912372,40.2145141499778
2020-06-08 20:33:45,13.385199576172,53.4606757528988,39.4584727995171
2020-06-08 20:33:38,13.1710366546223,54.1600442176613,39.5486981375455
2020-06-08 20:33:30,13.2847492156635,53.5705810583539,39.9121470923404
2020-06-08 20:33:22,12.9666356630123,54.3471529129116,39.7394905345966
2020-06-08 20:33:15,13.5524224348375,53.0779332241738,39.7786992582552
2020-06-08 20:33:07,13.1707566542076,52.4489808123872,38.9274589968716
2020-06-08 20:32:59,13.683039814137,51.9435377254715,38.6268066885892
2020-06-08 20:32:52,12.7221881108358,55.9611655770221,39.1771277681426
2020-06-08 20:32:44,13.0848729146629,53.9250159462105,39.14799931168
2020-06-08 20:32:36,12.9155830050147,55.4025319722389,39.4641047412284
2020-06-08 20:32:29,12.6985563959307,56.2159253738816,39.8848677867658
2020-06-08 20:32:21,13.0531957087074,54.4364112893688,39.7353372548745
2020-06-08 20:32:14,13.1113080966783,54.584483874269,39.5223020763872
2020-06-08 20:32:06,13.2515269061942,54.1139788509569,39.7971670579076
2020-06-08 20:31:59,14.0121507946179,50.8025230113453,40.9081831277119
2020-06-08 20:31:51,14.0420161485525,51.3112360063716,39.6742621299809
2020-06-08 20:31:44,13.0383485970045,53.7082892735379,39.5580386737504
2020-06-08 20:31:36,13.0756777963735,54.9703530423805,40.2856855361072
2020-06-08 20:31:29,12.8573572191099,55.5099793383857,39.8869759607879
2020-06-08 20:31:21,13.2145187978984,53.4915649464744,39.9325339719399
2020-06-08 20:31:14,12.8013963650394,56.2456789763654,39.6227728557455
2020-06-08 20:31:06,13.3185287363061,53.0831821961636,39.8049101462147
2020-06-08 20:30:58,13.4851171543529,52.5367493320744,39.3069962295741
2020-06-08 20:30:51,13.9779714460085,52.6645082056533,40.3311722684362
2020-06-08 20:30:43,13.6022286636011,52.5059669090056,39.9604999058816
2020-06-08 20:30:35,13.7391410678118,52.3700680222794,39.7961873260167
2020-06-08 20:30:28,13.5482953027027,52.4575600953442,39.7136793751255
2020-06-08 20:30:20,13.2722313017401,52.2659954061828,40.1254284548936
2020-06-08 20:30:13,13.2825717278383,53.5835529626071,38.8920825436378
2020-06-08 20:30:05,13.0334236455736,54.8186386632419,39.4185895153687
2020-06-08 20:29:57,13.7950841778709,51.4178577984757,40.1675581184645
2020-06-08 20:29:50,13.7995334894309,51.7386570402376,38.9546626696132
2020-06-08 20:29:42,13.053832189263,52.8571036143413,40.1311475308134
2020-06-08 20:29:35,13.0461369862745,53.2104352741108,39.212242540251
2020-06-08 20:29:27,13.4889980233074,52.3774089465651,40.7142659128031
2020-06-08 20:29:19,12.9239428073352,55.0327615152727,39.7153394893267
2020-06-08 20:29:12,13.263041975219,52.5343146040951,39.7278835984442
2020-06-08 20:29:04,13.3289961445415,52.292929823262,39.3709573348079
2020-06-08 20:28:57,12.0660347099736,56.8357382760428,39.8875667338623
2020-06-08 20:28:49,13.1106227282216,52.6068181485375,39.9138135102169
2020-06-08 20:28:42,12.3331234625153,56.8574279371707,39.8555547352117
2020-06-08 20:28:34,13.5292807339449,52.1863288048294,39.2362959905592
2020-06-08 20:28:26,12.8353828772597,53.9027432039661,39.4298391534501
2020-06-08 20:28:19,13.3039206896146,53.916288870806,39.5997956404317
2020-06-08 20:28:11,13.3851622140475,55.2709062128078,40.3287503608422
2020-06-08 20:28:04,12.4380674694028,57.7280358451672,39.7250005690185
2020-06-08 20:27:56,13.0833318970966,52.8614442217907,39.5965240924443
2020-06-08 20:27:49,13.138815900259,52.2192924239529,39.1700417405612
2020-06-08 20:27:41,13.4451963762377,53.0184490490047,39.410966106844
2020-06-08 20:27:34,12.8376522405631,53.2457441684239,40.2261291956276
2020-06-08 20:27:26,13.7625694859178,50.7757845319645,39.8072921225929
2020-06-08 20:27:19,14.5403281989936,50.0376708354105,40.3413229261163
2020-06-08 20:27:11,12.378791742895,55.1725425426525,39.8480794792102
2020-06-08 20:27:03,12.8757912660196,53.2200237611844,39.8089561436918
2020-06-08 20:26:55,12.5602664727253,52.1450310143082,39.8627151199637
2020-06-08 20:26:48,12.6907762969395,53.0771790382511,40.5481408559705
2020-06-08 20:26:40,14.0600889905783,49.8790103420042,39.9660260168264
2020-06-08 20:26:33,12.838393510758,52.5871182465369,39.7057453157798
2020-06-08 20:26:25,14.3691201197863,50.3697370007442,39.298985372233
2020-06-08 20:26:18,12.422344374767,52.7938430525955,39.6567282447514
2020-06-08 20:26:10,15.1382672583048,45.6965145739852,39.6323625697701
2020-06-08 20:26:02,12.8561134428636,52.580520990934,39.266634159077
2020-06-08 20:25:55,13.0120911127254,53.1050396808953,38.9619625912674
2020-06-08 20:25:47,13.1520408475374,51.1453776920172,39.6633740573534
2020-06-08 20:25:40,12.1200351646528,58.6513599918374,40.2560607160668
2020-06-08 20:25:32,14.1682590127107,50.0675014149511,39.5256124062794
2020-06-08 20:25:25,13.1793918460295,50.7307002366882,39.5312037042859
2020-06-08 20:25:17,11.8733829011755,58.5403008941444,39.1024306673751
2020-06-08 20:25:10,12.6196338450184,52.0633370015583,39.2311401641092
2020-06-08 20:25:02,14.0796052742009,49.6896702694461,38.9328947810759
2020-06-08 20:24:55,11.8831659378746,55.3273205050469,40.1483480089664
2020-06-08 20:24:47,15.2028645872655,47.9457720617152,40.3417581529822
2020-06-08 20:24:40,15.6726698151933,46.9950069531728,40.3450450618462
2020-06-08 20:24:32,15.792025527671,45.8586259599593,40.349274514577
2020-06-08 20:24:24,13.5352206889767,52.6396007297422,39.1522830311399
2020-06-08 20:24:17,14.4129445735674,49.2880114704219,39.7262560066403
2020-06-08 20:24:09,16.1232744894222,43.1928500342823,39.7796721342939
2020-06-08 20:24:02,14.0873219979708,48.9481144155276,39.331047324225
2020-06-08 20:23:54,13.8006731536226,53.0081906401814,40.3388893952351
2020-06-08 20:23:46,14.2082447571561,49.7301763625508,39.5616508287119
2020-06-08 20:23:39,14.68611327146,45.6117111930058,39.7316789089716
2020-06-08 20:23:31,14.1734206008452,49.7789939935141,39.8747714303115
2020-06-08 20:23:24,14.8700863077923,42.5421647867041,39.9308296792535
2020-06-08 20:23:16,15.1780263163832,46.3757362206375,39.4861310971831
2020-06-08 20:23:09,14.1261943635884,48.4492020726545,39.8131764721541
2020-06-08 20:23:01,14.7284387234586,50.1351811026407,40.3320530025429
2020-06-08 20:22:54,15.9030772266206,47.2723733049811,40.3606000687101
2020-06-08 20:22:46,13.9166318102095,49.2323627698119,39.4951722135281
2020-06-08 20:22:38,14.6505106441593,46.6647147000785,40.1289846795081
2020-06-08 20:22:31,12.6703072549528,52.4605872122174,39.9220575818826
2020-06-08 20:22:23,14.6143038103341,49.4241264114734,40.3251750868781
2020-06-08 20:22:16,14.7294569362092,46.9121297058118,39.1668247449973
2020-06-08 20:22:08,11.784282785101,52.5300103491672,40.1927862030686
2020-06-08 20:22:00,15.1105549230544,47.2006901706031,39.5267249307135
2020-06-08 20:21:52,14.5258066782753,45.2459960516557,39.2620262349643
2020-06-08 20:21:43,14.9549440101825,46.4276311424682,39.2515589006294
2020-06-08 20:21:34,14.9474634745193,48.6910193515857,40.3414104154036
2020-06-08 20:21:26,15.3137151314558,50.9922386957273,40.3890711074639
2020-06-08 20:21:18,16.9906499082168,47.5508949965274,40.6088443034691
2020-06-08 20:21:11,15.8434158051321,46.6111421564327,40.34864110201
2020-06-08 20:21:03,13.1029472348487,53.9474754068107,39.2875316116734
2020-06-08 20:20:55,15.7078123349938,40.0816694030464,40.1383535943984
2020-06-08 20:20:48,11.0282150028522,53.9822926509118,40.8669549893904
2020-06-08 20:20:40,15.4956748684242,46.0898993396232,38.6852483410509
2020-06-08 20:20:33,12.7328023035945,46.7682376706534,40.3657725529074
2020-06-08 20:20:25,17.9412758442598,33.9400079686902,40.6767812184656
2020-06-08 20:20:18,11.6602125327242,53.6224041637428,40.8082867846307
2020-06-08 20:20:10,13.0821109552601,51.5688962767804,40.0675055577006
2020-06-08 20:20:02,12.4594857583363,47.5098845814801,41.1915175283544
2020-06-08 20:19:54,13.1218498086794,46.8768170747954,41.5435685282078
2020-06-08 20:19:47,14.2699002173901,47.344143475564,39.6152029823507
2020-06-08 20:19:39,14.6823967906625,46.5286148690141,40.8203177514275
2020-06-08 20:19:32,12.9474205908736,51.8185329879485,39.8005207897622
2020-06-08 20:19:24,13.7086798885127,43.5026918116886,40.5225085817107
2020-06-08 20:19:17,16.4897936149539,35.8157112149683,39.7592692984654
2020-06-08 20:19:09,17.1362803528292,36.6687171400777,40.1585843677314
2020-06-08 20:19:01,14.1420697274501,36.3268130177116,41.7030800005039
2020-06-08 20:18:54,17.0979977735752,33.0386990457621,39.8109508118096
2020-06-08 20:18:46,14.0581474158572,47.7852175292024,39.6523030042255
2020-06-08 20:18:38,12.7296200641712,46.1422122284222,40.624215061223
2020-06-08 20:18:31,13.0897044867994,45.9907549862535,39.5891463565317
2020-06-08 20:18:23,14.425978403075,38.6710538434712,40.7936828068154
2020-06-08 20:18:16,21.0291932660599,20.9788213350641,42.0821453410491
2020-06-08 20:18:07,16.1146469708898,40.3437326635908,39.7493308564687
2020-06-08 20:18:00,16.1644227063617,31.0499449999418,41.3204773152611
2020-06-08 20:17:52,16.4502065986961,33.6521796810805,40.845350774155
2020-06-08 20:17:44,7.8856362973893,57.1866124547494,44.4871620918269
2020-06-08 20:17:37,14.6815607922191,41.1562765188439,40.6147495048032
2020-06-08 20:17:29,13.5345720829219,40.9710790065015,40.6527631570826
2020-06-08 20:17:22,16.6709221680631,36.3849695266504,39.6396900964679
2020-06-08 20:17:14,12.8962080182392,45.4186238431115,40.8730329389763
2020-06-08 20:17:07,14.7517967207564,42.036883774101,39.7467621032986
2020-06-08 20:16:59,15.3706678829597,48.7952478660037,40.3440079514608
2020-06-08 20:16:51,12.1359753511246,50.0982784149906,40.3140871229165
2020-06-08 20:16:44,13.1032659415553,40.8901823917734,40.6432428694738
2020-06-08 20:16:35,13.2183426465595,43.058544732093,39.535745190986
2020-06-08 20:16:28,17.3105810658151,42.3306404412441,40.377633259015
2020-06-08 20:16:20,12.0553938393902,48.6506751453352,40.7023908419972
2020-06-08 20:16:12,13.6061428484784,44.2898168782733,40.1618206812682
2020-06-08 20:16:05,14.1960185024133,46.9297843183785,39.3382944784974
2020-06-08 20:15:57,11.465641185727,48.243568139136,41.7250714696306
2020-06-08 20:15:50,14.6350310704048,52.3926249621692,40.3367471074478
2020-06-08 20:15:42,15.165370667201,51.6431595027377,40.3868350397873
2020-06-08 20:15:34,15.1639127964772,42.4942575262084,39.128714987416
2020-06-08 20:15:27,20.3937336595983,48.7550228443464,43.3834606278027
2020-06-08 20:15:19,14.9688696403668,43.3480734990586,39.9764362241509
2020-06-08 20:15:11,18.7375021468298,49.4141909820435,41.9548909107235
2020-06-08 20:15:04,19.1622429416264,47.1155751909557,41.7372856011171
2020-06-08 20:14:56,16.6835121513271,41.5749372101635,40.3736574538558
2020-06-08 20:14:49,16.4962984751762,46.2910280484989,40.4042521077168
2020-06-08 20:14:41,19.489321915324,21.2169048342558,42.3332629602572
2020-06-08 20:14:34,7.88022660982105,56.7774631158396,44.3091506276824
2020-06-08 20:14:26,15.3369271219557,45.8892087441318,39.4373517095367
2020-06-08 20:14:19,14.5525033302416,62.3262088681935,40.9544652844781
2020-06-08 20:14:11,22.2646807464265,33.8134015022095,40.6386781482964
2020-06-08 20:14:04,9.73916819405623,58.2131475139714,41.355519342227
2020-06-08 20:13:56,18.2422867554449,33.8315995522622,39.4921999991352
2020-06-08 20:13:48,15.0532502429271,48.1289953849676,40.3451056908006
2020-06-08 20:13:41,18.0157147158939,29.7171395787286,40.2122920829163
2020-06-08 20:13:33,19.9506913555706,37.9435215597403,40.546443129632
2020-06-08 20:13:25,14.9278687327062,46.5981832877897,39.2990357228756
2020-06-08 20:13:18,21.8339722196892,36.325305528505,40.8945847455703
2020-06-08 20:13:10,3.58038590085216,71.656967218176,50.6633174578827
2020-06-08 20:13:03,14.6837689943215,79.6341556342974,44.1822530030628
2020-06-08 20:12:55,17.6006317246205,23.7092997754241,42.2818582505948
2020-06-08 20:12:48,27.4676881581877,47.1542622078401,53.5825708035671
2020-06-08 20:12:40,17.9627200735767,69.8509949270568,47.7041308559553
2020-06-08 20:12:33,23.8529047623437,47.0045022676379,47.153986334167
2020-06-08 20:12:25,12.3480009840142,41.2010964987172,41.219981524156
2020-06-08 20:12:17,14.1995011080156,63.2233746185784,40.8254898539889
2020-06-08 20:12:10,20.4940916586038,35.4731190235017,40.4580763412355
2020-06-08 20:12:02,10.415909285329,25.4129983369966,48.7108183011817
2020-06-08 20:11:54,12.0008937134295,63.3596481693704,40.3107366827798
2020-06-08 20:11:47,30.5221775041906,7.40436824772626,48.8456222618933
2020-06-08 20:11:39,24.9593112025572,1.82140227102768,55.9780786132708
2020-06-08 20:11:32,18.7041513449174,62.1938785190568,46.119466592745
2020-06-08 20:11:24,27.8592692972867,17.1900110838515,39.939855107768
2020-06-08 20:11:16,11.8059624563629,54.1217725325244,39.7697752795101
2020-06-08 20:11:09,12.9468196438408,40.1342933803108,42.0036241959961
2020-06-08 20:11:01,17.9305635187219,51.1562235089962,41.6914908591835
2020-06-08 20:10:54,26.4786889427531,47.6524660595611,52.1146381495841
2020-06-08 20:10:46,18.462886971527,0.1,56.122612978596
2020-06-08 20:10:38,40.3206982041931,63.4342144700862,111.184604044373
2020-06-08 20:10:30,45.7577689484277,0.1,57.2273627594467
2020-06-08 20:10:23,26.1008893374284,32.146495319267,41.7715107508308
2020-06-08 20:10:15,46.3769935964006,0.1,56.8576047932192
2020-06-08 20:10:07,3.90746551251736,25.1838356887277,53.4475326937086
2020-06-08 20:10:00,12.3515256876463,103.908584948538,44.3054419779437
2020-06-08 20:09:52,29.8449163721308,18.783428019331,40.4132527392601
2020-06-08 20:09:45,33.5670777778697,21.5010480348267,40.8467438190461
2020-06-08 20:09:37,33.0374188661196,0.1,53.9690097571062
2020-06-08 20:09:30,28.3540907513441,0.1,54.3213614659965
2020-06-08 20:09:22,9.01335123206542,2.39567602234751,56.808612727306
2020-06-08 20:09:14,17.4204164293128,57.9153673948531,42.8117851578661
2020-06-08 20:09:07,31.1319342521421,31.2297071306205,45.0131862681996
2020-06-08 20:08:59,41.5018568279941,29.0582318006736,54.4581404428474
2020-06-08 20:08:51,4.09938848158513,33.9732585729283,52.2954857951913
2020-06-08 20:08:44,22.5217485483296,63.4057303650971,55.0970544934808
2020-06-08 20:08:36,37.493047905877,18.9189227492794,40.8456096322651
2020-06-08 20:08:28,19.2931225712445,72.2392627292831,51.906081257108
2020-06-08 20:08:21,12.572976886714,57.1528020379569,39.6430681888793
2020-06-08 20:08:13,14.7493500872455,0.1,56.5881606079197
2020-06-08 20:08:06,2.95495550813533,95.8422141555211,49.4089120988596
2020-06-08 20:07:58,23.2093061517936,38.0858955740512,42.0945888922843
2020-06-08 20:07:51,15.9963739447539,107.035154847029,56.2523392044819
2020-06-08 20:07:43,0.468239459703927,42.2187671472712,55.7525102214072
2020-06-08 20:07:36,31.3220026055463,113.023034523769,133.29162301744
2020-06-08 20:07:28,19.6710498434764,97.3288946949134,66.2569520301539
2020-06-08 20:07:21,8.54513945900417,55.5520763096319,42.3191116357944
2020-06-08 20:07:13,29.3455274076492,78.7751685876452,90.7892845008716
2020-06-08 20:07:05,18.4643338642447,72.4390492187339,49.9288018272977
2020-06-08 20:06:58,27.6100554275339,65.1052853550441,71.0064676827744
2020-06-08 20:06:50,29.359575070014,108.645120818572,119.192688916794
2020-06-08 20:06:43,27.2710016258831,30.6442168891067,41.8307507382344
2020-06-08 20:06:35,4.24376453657845,26.6491494599581,53.2049988515188
2020-06-08 20:06:27,10.7600471820153,0.1,56.9020106381181
2020-06-08 20:06:20,20.0162718956472,99.556751494931,68.8603821645383
2020-06-08 20:06:12,0.1,163.813188292105,56.2321835435736
2020-06-08 20:06:05,27.4436277704829,43.9845697741485,50.7894577587496
2020-06-08 20:05:57,11.9113924583326,116.461343340593,45.3424025561283
2020-06-08 20:05:49,0.1,84.2779551958949,54.8330635249364
2020-06-08 20:05:41,20.9886908562414,154.039138369452,101.856335237395
2020-06-08 20:05:33,0.1,245.072731998264,56.8304813880143
2020-06-08 20:05:25,26.5080062665276,14.028880189376,43.7442065566684
2020-06-08 20:05:17,20.8677288975818,117.357564729829,82.5041697885873
2020-06-08 20:05:09,7.71039504994329,106.025437443524,40.2163989382493
2020-06-08 20:05:01,7.63314179536855,117.104574485436,40.2560652866766
2020-06-08 20:04:54,0.1,117.285599144834,57.4355750226671
2020-06-08 20:04:46,8.81951645702054,0.1,56.4499375427724
2020-06-08 20:04:38,39.9471417181051,230.563939929771,284.798107138464
2020-06-08 20:04:29,2.07496623436031,134.385443824427,50.8930444868904
2020-06-08 20:04:21,21.7830513937267,262.015893544529,149.048960753447
2020-06-08 20:04:14,21.4197392871483,233.932996263446,136.958656418497
2020-06-08 20:04:06,0.1,170.562666423352,54.8184992592844
2020-06-08 20:03:58,0.1,145.289762484444,56.0104394727618
2020-06-08 20:03:51,0.1,206.43283646908,56.016989506234
2020-06-08 20:03:43,13.0310823047616,170.844537070834,60.8304656905534
2020-06-08 20:03:36,0.1,174.888789141312,56.5434161986943
2020-06-08 20:03:28,0.1,26.4788435302349,56.6660335795483
2020-06-08 20:03:21,0.1,149.348917585101,56.0687709380053
2020-06-08 20:03:13,0.1,211.662845809348,55.6806073368321
2020-06-08 20:03:05,68.760122728176,206.707851878412,491.019295313701
2020-06-08 20:02:56,5.58145345787481,138.575864828635,40.3436500686899
2020-06-08 20:02:49,0.1,224.05832826828,56.8371548379859
2020-06-08 20:02:40,0.1,35.042259155904,56.8154245863356
2020-06-08 20:02:32,39.9558980324887,264.413075203205,305.961956140181
2020-06-08 20:02:24,15.0146647068403,0.1,57.4620703669904
2020-06-08 20:02:17,15.0418900691732,0.1,54.2316041156272
2020-06-08 20:02:09,0.1,65.4495425403573,55.9098841353225
2020-06-08 20:02:01,0.1,256.182593806314,55.7242587098477
2020-06-08 20:01:52,0.1,75.4745334875841,55.7951018336695
2020-06-08 20:01:44,52.961575749204,231.630173190906,391.883143669863
