DateTime,Ksed_oxy,Rdom_minerl,Rdomr_minerl,Rcpom_bdown,Fsed_oxy,Fsed_oxy.1,RMSE
6/8/20 14:34,13.05820905,0.015569485,0.059533685,0.05350772,-43.77888021,-21.97248981,70.90091798
6/8/20 14:53,13.48279103,0.018487081,0.054049116,0.053772003,-44.48872904,-21.69402988,71.86592342
6/8/20 14:25,12.68211298,0.011023378,0.078948353,0.058729621,-36.91948087,-22.52270268,71.95442185
6/8/20 14:57,13.5700577,0.017399114,0.049521993,0.055391728,-45.88258394,-21.72882046,72.00230777
6/8/20 14:55,13.47049852,0.019305727,0.053371488,0.050418342,-43.97003635,-21.59254908,72.00285549
6/8/20 14:16,11.24001581,0.014856253,0.08764939,0.058937395,-40.52271872,-20.11520822,72.05728367
6/8/20 14:47,13.32633778,0.018940814,0.052445585,0.057218856,-45.89714461,-21.37140052,72.15099247
6/8/20 14:44,13.57874037,0.016820517,0.054880384,0.058987267,-44.52276482,-21.16350325,72.175002
6/8/20 14:57,13.44980748,0.018606529,0.053325797,0.050309796,-43.11208626,-21.69789563,72.23488251
6/8/20 14:44,13.1402133,0.013788064,0.057918315,0.059107602,-44.23240628,-19.31210857,72.298578
6/8/20 14:35,13.360284,0.016674326,0.050126297,0.055018409,-44.76930713,-21.60847579,72.39624969
6/8/20 14:42,13.09427695,0.017415365,0.055667644,0.058561091,-44.30178272,-19.47885211,72.45488973
6/8/20 14:50,13.05078567,0.018598506,0.05589242,0.053169084,-44.30230945,-20.88352088,72.52808547
6/8/20 15:02,13.57499102,0.018107817,0.05359805,0.054260952,-44.69466663,-21.53895116,72.55744892
6/8/20 14:34,13.63998096,0.008738534,0.06944327,0.059616706,-40.90875611,-18.98082808,72.56045924
6/8/20 14:38,13.60851553,0.017027807,0.050536895,0.057677695,-42.83473121,-20.82415606,72.56877513
6/8/20 15:00,13.48068677,0.02028917,0.051186521,0.054841024,-45.56867933,-22.10218456,72.56974447
6/8/20 14:30,12.07090539,0.01309781,0.068094085,0.051892979,-39.99257238,-18.71228128,72.6942201
6/8/20 14:24,11.59955526,0.005689644,0.077615081,0.056638143,-38.4595116,-16.74242269,72.71039977
6/8/20 14:46,13.16183633,0.017394578,0.052090835,0.059119913,-45.31104078,-20.08769805,72.72385437
6/8/20 14:55,13.49530028,0.017529676,0.052711513,0.053735564,-44.95358371,-21.83307955,72.72535885
6/8/20 14:29,12.64163831,0.015959913,0.060068041,0.052752011,-42.25115939,-19.75018492,72.7584597
6/8/20 14:46,13.68804478,0.019583618,0.052973602,0.058878746,-45.24694922,-21.7225252,72.77116025
6/8/20 14:58,13.42771265,0.017053509,0.05360621,0.058481356,-44.77663391,-21.27961799,72.77355783
6/8/20 14:57,13.22753431,0.017001343,0.056675634,0.052674806,-42.02448117,-21.64107397,72.78448116
6/8/20 15:00,13.85315123,0.016536445,0.051498886,0.057225147,-45.47211032,-21.75391424,72.79480907
6/8/20 14:56,13.68713674,0.017719556,0.054384775,0.056211247,-44.75372162,-21.20833071,72.82154671
6/8/20 14:37,13.37212959,0.016212859,0.054262917,0.053860125,-43.86588828,-20.76257164,72.82411884
6/8/20 14:46,13.35423557,0.014611893,0.055849182,0.054846009,-43.55091875,-19.92766795,72.82729396
6/8/20 14:40,13.33571417,0.016703891,0.053534796,0.057314515,-44.4844815,-21.04372047,72.9206575
6/8/20 14:55,13.64762137,0.017838639,0.052430134,0.057706095,-44.93753366,-21.19721075,72.94224656
6/8/20 14:43,12.98812417,0.017018175,0.055571574,0.060939305,-43.58455315,-19.44958576,72.96076854
6/8/20 15:08,13.62208535,0.018218704,0.054972334,0.055193767,-44.79777995,-21.35980468,72.99106469
6/8/20 15:06,13.68526648,0.019535166,0.05152035,0.055275322,-45.87473188,-21.27111062,73.00874915
6/8/20 14:35,12.79639557,0.014330166,0.061773595,0.056504176,-42.91417149,-18.86977347,73.03770538
6/8/20 15:00,13.50841667,0.017895367,0.055914171,0.050502354,-44.01478132,-21.48779625,73.04666686
6/8/20 14:31,12.10088763,0.020015942,0.066907434,0.050454545,-41.20409407,-21.7066452,73.06147688
6/8/20 14:32,13.20129929,0.012303999,0.066583041,0.061913795,-41.31628183,-17.32200884,73.13100541
6/8/20 14:40,12.94689283,0.017436461,0.057552448,0.053361197,-45.46650647,-20.36982775,73.14267135
6/8/20 14:45,13.20729013,0.015640613,0.057099255,0.057411492,-45.18391724,-20.10528783,73.14269919
6/8/20 14:33,11.48153225,0.016462162,0.060267844,0.038788829,-39.16489303,-21.3068095,73.16290278
6/8/20 14:42,13.18283698,0.015827753,0.053001496,0.05656981,-46.49061794,-20.65266271,73.16632813
6/8/20 14:41,13.25537114,0.018303182,0.048111357,0.058474911,-44.81272543,-21.65606486,73.22923123
6/8/20 14:12,12.98411145,0.010513961,0.083134773,0.088493672,-38.83642494,-19.47533177,73.24179301
6/8/20 15:04,13.65144646,0.01846304,0.051181269,0.054711589,-44.78253444,-21.85188664,73.24521733
6/8/20 15:08,13.62605777,0.019748466,0.052260515,0.0531297,-45.18174927,-21.84162599,73.25258939
6/8/20 14:37,13.1033558,0.01269022,0.057877008,0.051566344,-43.98036646,-18.85669197,73.26583316
6/8/20 14:44,13.30135429,0.016949633,0.053511446,0.059556455,-44.86607246,-20.21625787,73.28736184
6/8/20 14:48,13.4523936,0.018956272,0.051893101,0.058034189,-46.14869069,-21.24798365,73.28743375
6/8/20 14:33,13.11726563,0.024099561,0.056542256,0.049050963,-41.18445922,-23.95423602,73.29729614
6/8/20 15:05,13.77372527,0.017622181,0.054678087,0.055248721,-44.4412895,-21.49147178,73.3106468
6/8/20 14:36,12.99577829,0.016417049,0.058501341,0.053589473,-45.36283332,-20.43993216,73.40295477
6/8/20 15:05,13.48473753,0.017943514,0.05397586,0.053366718,-44.77811284,-21.47693275,73.46880004
6/8/20 14:42,13.02216561,0.016951164,0.054849043,0.059115573,-43.62982124,-19.40931995,73.50997701
6/8/20 15:04,13.63919235,0.019668266,0.053253314,0.054096401,-45.30876284,-22.19794528,73.51438769
6/8/20 14:46,13.88376266,0.017120759,0.051211949,0.05786788,-46.43828416,-21.6634193,73.53255283
6/8/20 14:35,13.04315732,0.014036234,0.064855099,0.053628914,-40.65631368,-18.17830615,73.54235752
6/8/20 14:46,13.6019162,0.016635815,0.053957991,0.06253597,-46.0414926,-19.71553984,73.5433637
6/8/20 15:05,13.72481328,0.019369364,0.052174956,0.054866204,-45.23439065,-22.4716724,73.54368496
6/8/20 15:02,13.62706881,0.018787627,0.051668432,0.053068371,-44.87381152,-21.92031813,73.55762179
6/8/20 15:03,13.65934225,0.019398222,0.050663143,0.056465736,-45.93039895,-21.99246697,73.56376391
6/8/20 14:29,12.69849214,0.003357827,0.07449923,0.070011717,-38.90164361,-17.17726338,73.58110998
6/8/20 14:34,13.1522009,0.014384674,0.064441614,0.061233048,-43.0804146,-19.82638804,73.60761308
6/8/20 15:03,13.7511117,0.018655067,0.051417954,0.055831969,-46.39812145,-21.38683819,73.60945159
6/8/20 14:28,11.74489813,0.005597657,0.077491666,0.063459829,-39.16364695,-14.26986883,73.64718358
6/8/20 14:52,13.42527352,0.018285357,0.055106094,0.053511022,-45.44850408,-21.82381736,73.65066843
6/8/20 14:32,12.91859637,0.018139172,0.06016841,0.064062345,-41.02062503,-20.67867611,73.66713818
6/8/20 14:07,11.12143494,0.029328783,0.084479791,0.073698819,-46.12214602,-22.49332368,73.6689543
6/8/20 14:42,12.43322482,0.015513273,0.062355342,0.054458334,-41.2178333,-18.63668007,73.6716547
6/8/20 14:54,13.46938779,0.017076026,0.055063894,0.05586716,-44.39842373,-20.46195126,73.71545976
6/8/20 14:28,11.69529216,0.009447415,0.080267637,0.062416353,-41.42189382,-15.119429,73.74055092
6/8/20 15:09,13.45755146,0.019260195,0.053256099,0.053648785,-44.73170437,-21.8223966,73.74370279
6/8/20 15:01,13.56230602,0.016906658,0.055300852,0.057388008,-44.53124792,-22.39561641,73.76366391
6/8/20 14:27,11.8845428,0.009906314,0.075096446,0.055738334,-39.20322823,-18.03444054,73.78063368
6/8/20 14:43,12.87003614,0.016885377,0.052522208,0.062681934,-42.69911743,-19.09632621,73.80450158
6/8/20 14:54,13.6810148,0.016214924,0.053921316,0.054288883,-44.40710772,-21.052337,73.82391792
6/8/20 14:47,13.30546263,0.017601095,0.054324801,0.057668787,-44.51015902,-20.43633464,73.8510826
6/8/20 14:56,13.47175721,0.019694193,0.056057924,0.047758648,-45.09279253,-21.91708225,73.86154689
6/8/20 14:21,15,0.014953062,0.052910684,0.062104783,-39.67172101,-20.75222825,73.86491572
6/8/20 14:52,13.07712929,0.020038477,0.053889671,0.055219433,-43.26408969,-21.30632896,73.89207929
6/8/20 14:31,12.84439337,0.014936281,0.056925762,0.052719131,-42.88735371,-21.47160768,73.9028442
6/8/20 14:32,11.80931864,0.014472956,0.062103812,0.055346714,-43.75039502,-19.73566221,73.90572888
6/8/20 14:14,12.38279272,0.003757826,0.072992433,0.077916354,-32.16225657,-15.63648178,73.94087776
6/8/20 14:57,13.21808981,0.016330278,0.055301984,0.052865833,-42.5391521,-20.42677694,73.96346112
6/8/20 14:49,13.18478897,0.016668427,0.055591463,0.055251877,-42.50544538,-20.7379209,73.99439564
6/8/20 14:20,13.95187453,0.016261383,0.065818825,0.077491949,-43.04673866,-17.72257522,74.01511855
6/8/20 14:46,13.25312968,0.018426721,0.053054184,0.056675043,-45.9514098,-21.08056082,74.05222225
6/8/20 15:07,13.77001459,0.019327267,0.050756438,0.055240841,-45.33808548,-21.98715533,74.07195307
6/8/20 14:15,10.17367895,0.001714267,0.088726729,0.07022052,-33.10855089,-16.44802564,74.10025416
6/8/20 15:01,13.64217243,0.017203902,0.050637944,0.054598257,-45.19456263,-21.40249362,74.10306445
6/8/20 14:20,12.87255267,0.002163045,0.064020193,0.068359954,-34.56848454,-12.4089218,74.11663996
6/8/20 15:03,13.61201429,0.018127138,0.053332322,0.056578284,-44.62423543,-21.55523985,74.12332796
6/8/20 14:47,13.55966918,0.018324976,0.054012169,0.059059675,-46.49712753,-22.30211764,74.15237902
6/8/20 14:35,12.54220319,0.007119741,0.068158183,0.050659078,-41.09184404,-19.38235551,74.1552431
6/8/20 15:02,13.86553707,0.019723804,0.050091642,0.054969756,-46.55279492,-21.95184506,74.16234203
6/8/20 14:45,13.63596319,0.016154836,0.051275739,0.060145484,-46.41539966,-19.92492905,74.16581323
6/8/20 14:47,12.86701159,0.017069814,0.057585952,0.05725528,-43.71709579,-21.30795728,74.18473405
6/8/20 14:43,13.77580309,0.019016418,0.050052565,0.06269009,-45.54538141,-20.36089797,74.20693779
6/8/20 15:00,13.21839662,0.015282756,0.0559946,0.054823908,-43.59450127,-20.64581859,74.22955495
6/8/20 14:37,13.26278367,0.018844314,0.051105604,0.050600773,-44.78969071,-21.77714761,74.25092215
6/8/20 14:59,13.52545417,0.017042551,0.053572566,0.052275077,-44.23497114,-21.88435488,74.26605156
6/8/20 14:39,13.54592222,0.013082635,0.057977007,0.052746235,-47.53767472,-20.12644703,74.26648689
6/8/20 15:05,13.45355266,0.019612586,0.051187608,0.053844779,-44.80948669,-22.22988465,74.27925496
6/8/20 14:17,11.83354388,1.00E-04,0.075553421,0.068211908,-32.06828577,-15.17066502,74.2846002
6/8/20 15:02,13.33707736,0.017401797,0.051627192,0.054166334,-43.71475644,-22.20470921,74.29621127
6/8/20 14:48,13.55793761,0.020201143,0.051103796,0.056390847,-46.5311315,-22.203801,74.2999622
6/8/20 14:04,4.816462229,1.00E-04,0.1,0.033291664,-32.77785563,-10.41227133,74.32124716
6/8/20 15:08,13.44827766,0.018174018,0.055317356,0.055188218,-44.62825157,-20.88586566,74.32958315
6/8/20 14:33,13.259567,0.012365581,0.065462775,0.057777572,-40.33118299,-20.03663622,74.33199792
6/8/20 14:37,12.54940962,0.016507419,0.053601204,0.060997903,-45.34168252,-20.34545564,74.3468499
6/8/20 15:07,13.60193215,0.018318205,0.052449499,0.053485573,-44.88241789,-21.60252947,74.38111756
6/8/20 14:29,13.78410307,0.002701574,0.072619618,0.060357876,-37.73196481,-17.24614838,74.4191406
6/8/20 14:37,12.34989535,0.009522711,0.061698031,0.058594634,-40.93893071,-18.22354371,74.4479723
6/8/20 14:48,13.9788366,0.018311062,0.051295821,0.059110899,-45.83222435,-20.84893651,74.45667397
6/8/20 14:43,13.77986037,0.016049305,0.053391384,0.059677795,-44.44062225,-20.1583163,74.46002141
6/8/20 14:42,13.25812285,0.015300002,0.058608707,0.060838765,-44.92613967,-18.92963876,74.47280034
6/8/20 15:03,13.68084438,0.018502652,0.051937618,0.05408862,-45.1395333,-21.79786766,74.47449749
6/8/20 14:59,13.46951809,0.017646263,0.055351514,0.054821525,-44.92299332,-20.8335233,74.51806719
6/8/20 14:44,13.31414932,0.013280028,0.056265186,0.059487843,-43.46924796,-19.62195112,74.53113288
6/8/20 14:55,13.37329461,0.017921055,0.050323797,0.050942702,-44.57498688,-21.89743114,74.53925211
6/8/20 14:53,13.38786592,0.018846951,0.052518555,0.051292228,-42.88162556,-21.37649536,74.54216149
6/8/20 15:04,13.83952794,0.018930907,0.051109871,0.055776066,-45.93255837,-21.97475864,74.5471902
6/8/20 14:47,13.56049504,0.019945748,0.04870389,0.054373075,-45.22629878,-21.06177868,74.55713136
6/8/20 14:54,13.041556,0.015981353,0.057729485,0.056202651,-44.98406266,-20.20365836,74.56784432
6/8/20 14:49,12.98181451,0.018073699,0.05215073,0.05387882,-45.01742963,-20.62378802,74.56882059
6/8/20 14:45,13.6134187,0.014807787,0.053518965,0.062262836,-44.83600112,-18.96071961,74.59129838
6/8/20 14:33,12.34658588,0.007989648,0.068846064,0.058730615,-37.66132201,-19.71125941,74.6000059
6/8/20 14:43,13.19121111,0.019137624,0.05108517,0.058356199,-46.05865567,-19.27832142,74.60140778
6/8/20 14:53,13.43492011,0.018882807,0.054876524,0.056477725,-45.66719447,-21.89450361,74.61517735
6/8/20 14:26,13.04521784,0.003132191,0.073683888,0.060445109,-37.44298955,-18.40308119,74.65061178
6/8/20 14:13,13.01959445,1.00E-04,0.069341027,0.081716313,-31.88391932,-16.23418017,74.65361289
6/8/20 14:40,13.29616516,0.013719165,0.053141237,0.05798322,-40.84633997,-20.24191715,74.67798751
6/8/20 14:45,13.47201789,0.014997142,0.05023536,0.05449102,-43.00054891,-21.11231061,74.70463386
6/8/20 14:09,10.77986763,0.004332842,0.074289923,0.07504878,-38.34196675,-15.51565302,74.7168468
6/8/20 14:51,13.61125478,0.020390711,0.05030958,0.056958299,-45.95142807,-21.42163427,74.72386245
6/8/20 15:09,13.53583584,0.019411995,0.053525972,0.054000523,-44.94890704,-21.32831547,74.74713946
6/8/20 14:49,13.58806167,0.020571082,0.051029159,0.053955346,-45.31236233,-22.38482499,74.74829576
6/8/20 14:44,12.79671239,0.01853181,0.052891862,0.059250911,-45.76635394,-20.36862136,74.75906853
6/8/20 14:40,13.640468,0.019745863,0.052304546,0.055714149,-45.96302988,-22.58508386,74.79836387
6/8/20 14:28,12.56673282,0.015198329,0.062909497,0.061677178,-45.49666542,-22.29467755,74.79890483
6/8/20 14:19,12.75054157,0.017384315,0.065991256,0.062728509,-43.47177935,-21.42618142,74.81391108
6/8/20 14:38,12.87449101,0.020122676,0.048608781,0.055438815,-45.49051615,-22.3831393,74.82078044
6/8/20 14:52,13.42751739,0.019800717,0.056216264,0.054537963,-45.8422143,-21.63301727,74.84078493
6/8/20 14:44,13.04652389,0.018568542,0.05532485,0.059978912,-43.09886579,-19.42537452,74.86579322
6/8/20 14:58,13.38332127,0.019154998,0.052575661,0.051432999,-44.53425603,-22.04785611,74.89631536
6/8/20 15:09,13.63587409,0.019096861,0.053036231,0.055611631,-44.99164077,-22.03401305,74.90403348
6/8/20 14:43,12.96074765,0.017096963,0.058652037,0.059082822,-44.95961148,-18.97114406,74.91262332
6/8/20 14:55,12.92315329,0.018924564,0.056392509,0.054882931,-45.55649013,-20.19576871,74.95210845
6/8/20 14:50,13.32410518,0.016988546,0.055523857,0.055126726,-45.65067116,-21.05736784,74.9779181
6/8/20 14:57,13.63180297,0.017104743,0.053727768,0.053247875,-45.58801029,-21.58073357,74.98399751
6/8/20 15:02,13.63539314,0.017346987,0.053545142,0.054262901,-44.5929089,-21.56031426,75.01989256
6/8/20 15:07,13.59200106,0.020869624,0.052435185,0.053972464,-45.20784577,-21.96132434,75.02951883
6/8/20 14:48,13.76564797,0.018854523,0.049034528,0.059673266,-45.42841844,-21.08347455,75.03191038
6/8/20 14:58,13.12465951,0.017702391,0.055085306,0.04983435,-43.25774242,-21.70618505,75.0394268
6/8/20 14:58,13.54431692,0.01843537,0.052017535,0.05305342,-44.91458936,-21.85229459,75.04340258
6/8/20 14:31,12.13243556,0.014410289,0.067357242,0.064773063,-39.52590544,-17.19141567,75.05689875
6/8/20 14:58,13.24818702,0.016413275,0.054493205,0.051178975,-44.30360945,-22.04479793,75.06246752
6/8/20 14:36,12.81101081,0.01639504,0.055942973,0.052750607,-43.6203316,-19.38261717,75.08050565
6/8/20 14:33,12.15573911,0.01244816,0.066630871,0.046850604,-38.99586412,-23.09288771,75.08594376
6/8/20 14:30,12.54060254,0.020140168,0.063415614,0.063463125,-44.85357816,-19.98981864,75.09680507
6/8/20 14:31,12.30506294,0.01441902,0.070321712,0.059242447,-39.12486705,-19.2957349,75.10943618
6/8/20 14:32,10.94300833,0.024892166,0.070022828,0.050398057,-41.53167613,-19.24557424,75.11519376
6/8/20 14:35,13.62013137,0.014107915,0.063209294,0.0584855,-41.46387985,-25.40414022,75.11523981
6/8/20 14:48,13.77901701,0.017589321,0.051484004,0.061724538,-46.01566043,-19.74570194,75.14227989
6/8/20 15:03,13.71170531,0.018298846,0.052914807,0.055192736,-44.91448297,-21.67756576,75.16266358
6/8/20 14:38,12.84519563,0.016783764,0.058337505,0.047577271,-41.10537743,-21.9865669,75.17213929
6/8/20 14:50,13.26861964,0.017412103,0.053221884,0.057865235,-45.35098231,-20.92779691,75.18517093
6/8/20 15:06,13.77343847,0.017885077,0.052358817,0.052178568,-45.78246137,-22.46631401,75.18628575
6/8/20 14:39,12.67677589,0.021954357,0.054628078,0.053771937,-43.90887025,-20.3898996,75.23075751
6/8/20 14:51,13.43689982,0.020129259,0.051115054,0.055108485,-45.81803095,-21.14296425,75.23137173
6/8/20 15:06,13.54115126,0.021134823,0.052641669,0.054224307,-45.22449296,-22.53505436,75.24985317
6/8/20 14:49,13.24711653,0.018627252,0.054903936,0.059533672,-45.63822036,-20.94938307,75.25714781
6/8/20 14:22,12.88587468,0.006921434,0.064123933,0.065028641,-43.03845874,-20.88855744,75.28131707
6/8/20 14:47,13.03197928,0.018850734,0.052459782,0.058433069,-45.2430194,-20.63674209,75.28232213
6/8/20 14:30,13.25683244,0.01864762,0.056896543,0.055739302,-40.50865742,-18.58792816,75.31736868
6/8/20 14:50,12.90942575,0.01665151,0.057190804,0.058967054,-43.62819758,-19.65734491,75.32868112
6/8/20 14:24,12.08842242,0.003996162,0.07428397,0.046325285,-39.48601876,-18.74837871,75.32986866
6/8/20 14:51,13.33365006,0.017479212,0.051383481,0.055679141,-44.25137875,-21.12621724,75.35162478
6/8/20 14:21,13.55187528,0.006489137,0.059271314,0.069412811,-40.79529216,-19.82238689,75.36397508
6/8/20 14:34,11.88061048,0.016270199,0.06399795,0.045199251,-36.87288876,-19.8557775,75.36603471
6/8/20 14:22,13.3103894,0.006987861,0.063836006,0.067740116,-44.71569742,-18.09115421,75.42188186
6/8/20 14:43,13.54605227,0.019088098,0.052798086,0.057560695,-42.72852099,-19.83831791,75.42619907
6/8/20 15:08,13.89204718,0.019335893,0.052100851,0.055260914,-45.6903697,-21.82572886,75.42800984
6/8/20 15:06,13.78713469,0.018247548,0.05062212,0.055814405,-44.98519928,-21.68780609,75.43084302
6/8/20 14:25,10.89251727,0.00934341,0.074359456,0.05011765,-40.71043425,-16.04676563,75.43490193
6/8/20 14:41,13.11792107,0.017671664,0.052638818,0.059750768,-44.79870839,-21.01872069,75.44670087
6/8/20 14:18,14.13874334,0.01343961,0.066395938,0.086526957,-45.3029563,-24.56773366,75.45806437
6/8/20 15:07,13.50125691,0.017230387,0.055941464,0.054144193,-44.07462635,-20.78401216,75.46741312
6/8/20 14:56,13.33976779,0.01860741,0.053219951,0.052693969,-44.1553255,-21.16131371,75.46964651
6/8/20 14:05,12.99730226,0.003611202,0.07271586,0.038380009,-33.52858689,-21.59269766,75.4755696
6/8/20 15:07,13.46782529,0.017032682,0.05335804,0.054672543,-44.57517715,-20.97940633,75.48109357
6/8/20 15:00,13.55984883,0.017494046,0.05146645,0.056252,-45.27012307,-22.29932199,75.48756594
6/8/20 14:54,13.36911244,0.019111169,0.052755743,0.053759301,-44.93119382,-22.10033437,75.4969117
6/8/20 15:01,13.47502534,0.01805168,0.053073804,0.054817358,-45.21508936,-21.99681509,75.49767956
6/8/20 14:47,13.43181556,0.02001202,0.049209506,0.057612122,-46.27322778,-21.65633433,75.51933083
6/8/20 14:50,13.46544496,0.01928502,0.050570503,0.056930884,-44.96464681,-21.18440135,75.54015614
6/8/20 14:26,10.92703193,0.004595716,0.076414143,0.052968299,-37.26316734,-14.1546781,75.54194346
6/8/20 14:53,13.35564103,0.021395366,0.049942087,0.055524027,-45.26529018,-22.2503126,75.55507976
6/8/20 14:36,13.40133636,0.010937641,0.066796283,0.05721973,-42.2786632,-20.68270964,75.56550896
6/8/20 14:27,11.17566866,0.000150939,0.084441566,0.058435638,-33.82489409,-16.01091304,75.61005149
6/8/20 15:05,13.99319381,0.019378253,0.052019076,0.054616522,-46.09743763,-22.70083652,75.65004866
6/8/20 14:45,13.92280821,0.020599912,0.049650193,0.056674796,-47.41751849,-21.79550674,75.66947524
6/8/20 14:23,14.00429419,0.002154543,0.076683377,0.051245995,-31.6525965,-10.25724992,75.68770228
6/8/20 14:44,13.12457359,0.014056532,0.055087862,0.060205029,-43.31545142,-18.60849702,75.69890073
6/8/20 14:53,13.16241246,0.020816519,0.057537752,0.052387777,-44.39271174,-21.3584304,75.70079068
6/8/20 14:49,13.7386995,0.018319304,0.052263809,0.059178391,-45.13669105,-21.38929667,75.73319094
6/8/20 14:59,13.27002464,0.019700011,0.051976279,0.052669563,-45.97050029,-22.90883727,75.73914665
6/8/20 14:42,13.55281141,0.018363126,0.051931159,0.060643055,-46.3567226,-18.61530619,75.74266046
6/8/20 14:35,12.79511046,0.010026772,0.061033822,0.053320792,-42.62369808,-18.51223529,75.79215286
6/8/20 14:36,13.14096821,0.016020105,0.051208205,0.05192317,-43.30398517,-21.84596474,75.82914486
6/8/20 14:39,13.40270512,0.021317575,0.061694699,0.056998644,-43.71287691,-21.20367604,75.83783638
6/8/20 14:29,12.40686896,0.01646365,0.062045231,0.05995163,-43.7044758,-23.28036177,75.84889092
6/8/20 15:02,13.33506737,0.02048108,0.051076024,0.056933494,-46.57805366,-22.4429992,75.86089532
6/8/20 14:23,14.91645139,0.0070011,0.065195643,0.066660535,-37.05624785,-18.50908277,75.87618448
6/8/20 14:40,13.07886427,0.014529705,0.04757007,0.059280977,-42.19301871,-19.17784777,75.89662723
6/8/20 15:01,13.16728987,0.019860488,0.055674448,0.052603034,-45.12890006,-21.6005627,75.91296116
6/8/20 14:28,11.09626406,1.00E-04,0.08291449,0.05038507,-30.68476105,-13.95024314,75.91546738
6/8/20 14:32,11.86030606,0.005176824,0.072871251,0.057873285,-38.95174161,-15.78084033,75.92272983
6/8/20 14:11,15,0.012712889,0.074636337,0.09559826,-48.29310649,-20.22177737,75.92938592
6/8/20 14:18,11.37339386,1.00E-04,0.082159909,0.057395573,-34.59555751,-16.56427502,75.95485433
6/8/20 14:52,13.08006951,0.019787807,0.055474542,0.054908918,-45.09332546,-20.78559322,75.97357999
6/8/20 15:01,13.41725419,0.018545341,0.052915826,0.055850412,-44.78032574,-21.26218172,75.98791828
6/8/20 15:04,13.79213413,0.019499342,0.051067708,0.054142467,-45.75690616,-22.34016451,75.99348385
6/8/20 14:56,13.25090154,0.017361291,0.056155155,0.05038146,-43.61133566,-21.26134707,76.0119984
6/8/20 14:32,12.56190367,0.018843985,0.063836295,0.063519966,-43.71142035,-19.52911566,76.04733995
6/8/20 14:56,13.4614469,0.019437441,0.054359955,0.056153835,-44.76390437,-21.37592911,76.05273023
6/8/20 14:36,11.5894167,0.011610438,0.059157695,0.049467997,-41.24981815,-18.88849837,76.05476055
6/8/20 14:15,10.54567673,0.0225452,0.086212245,0.049627754,-40.48024438,-22.57751007,76.09623438
6/8/20 14:24,14.12152633,0.02023084,0.049045917,0.073277737,-46.57004993,-19.05523066,76.10423141
6/8/20 14:51,13.31009469,0.018744197,0.055097431,0.056865765,-45.39349371,-20.21140773,76.11262965
6/8/20 14:07,3.52356592,1.00E-04,0.087723758,0.04444114,-29.29670062,-13.64060503,76.14053317
6/8/20 14:02,8.664184562,0.01615144,0.088417354,0.009755733,-42.01515646,-18.29839666,76.1698031
6/8/20 14:37,13.07605846,0.009767332,0.068801086,0.055029831,-40.07844736,-16.11767492,76.1879317
6/8/20 14:11,11.33937312,0.02274903,0.07454166,0.069540541,-43.26318905,-22.92006159,76.19146402
6/8/20 14:28,12.79785713,0.008253678,0.072976472,0.065515176,-41.19916481,-14.62305859,76.21942992
6/8/20 14:48,13.10021177,0.0209321,0.053208835,0.055620381,-45.86695335,-21.11337563,76.25627234
6/8/20 14:34,11.50126993,0.021229501,0.063819791,0.050146047,-38.7967246,-22.43353046,76.26069761
6/8/20 14:54,13.53830799,0.017433838,0.052476749,0.055760742,-44.35374158,-20.78174225,76.26464955
6/8/20 14:15,14.32133681,1.00E-04,0.071009058,0.078388201,-28.98102888,-17.30033324,76.26682306
6/8/20 14:32,11.84069918,0.015169858,0.066799339,0.0541396,-37.65620893,-18.97335876,76.28555305
6/8/20 14:38,13.59762804,0.018312213,0.05150841,0.05209092,-46.05579262,-18.82547913,76.28783328
6/8/20 14:38,13.21644252,0.014882817,0.056077683,0.054012629,-44.62129865,-22.08809395,76.30818203
6/8/20 14:31,12.52670974,0.017749397,0.06188104,0.066513049,-44.61481027,-19.52932222,76.34077234
6/8/20 14:45,12.82728874,0.014543206,0.056921767,0.05471017,-42.67298695,-20.08001918,76.37574754
6/8/20 14:45,13.98366093,0.015623535,0.053289357,0.062027192,-45.71839003,-19.96357063,76.37648878
6/8/20 14:49,13.55757318,0.019937915,0.053293415,0.060399845,-47.06937962,-21.01512804,76.38476162
6/8/20 14:29,11.88464125,0.007568095,0.081102235,0.058901731,-40.64072441,-17.31904509,76.4040902
6/8/20 14:10,13.01613921,1.00E-04,0.095258355,0.08036085,-36.86631472,-11.86035504,76.41950985
6/8/20 14:20,10.82873946,0.02579132,0.074420648,0.076150861,-44.72481375,-23.09641003,76.42992806
6/8/20 14:40,13.0585837,0.024589645,0.052810444,0.058962363,-46.16307043,-21.11500025,76.44303284
6/8/20 14:46,13.42107439,0.017741491,0.053267149,0.05568758,-43.75149313,-20.56329471,76.44337798
6/8/20 14:59,13.63762182,0.019417615,0.051839198,0.050750038,-43.81342962,-22.23833266,76.4526262
6/8/20 14:08,13.52318619,0.007989019,0.1,0.089464614,-38.14194626,-15.87638075,76.46680056
6/8/20 14:16,13.68388103,1.00E-04,0.070425725,0.085404139,-28.43247613,-11.40425849,76.47879005
6/8/20 14:51,13.40350078,0.017234376,0.054544221,0.058460479,-43.77066439,-20.34120837,76.48313723
6/8/20 14:42,12.8020959,0.018613933,0.055354605,0.055834142,-44.46024868,-20.24043211,76.50571759
6/8/20 14:41,12.58902177,0.024944697,0.051556233,0.056687677,-45.49992795,-20.1072798,76.54285176
6/8/20 14:37,12.97831231,0.012411015,0.054313888,0.054671137,-39.71080471,-17.04865306,76.5730857
6/8/20 14:25,11.88228844,0.002116623,0.070381471,0.068643094,-39.18262985,-14.83962744,76.58422683
6/8/20 14:28,9.838362765,0.000980855,0.082853795,0.052060316,-35.99779755,-20.21796855,76.61150776
6/8/20 14:26,12.25060574,0.001519244,0.083673287,0.050611737,-35.42818076,-18.07851582,76.6454906
6/8/20 14:51,13.131829,0.020100418,0.054091625,0.057487899,-45.52144016,-21.23511762,76.64914956
6/8/20 14:36,13.29583522,0.016721331,0.053296254,0.050556472,-44.67804764,-19.04529051,76.66347223
6/8/20 14:17,13.12901472,0.012985444,0.06843357,0.062559377,-35.0677561,-25.27663445,76.68386912
6/8/20 14:27,9.412825302,0.008495179,0.085800309,0.053736073,-42.2526674,-17.36644134,76.68980045
6/8/20 14:42,13.31932564,0.013254506,0.049767947,0.057783134,-45.21056812,-19.13201674,76.70525932
6/8/20 14:59,13.51283565,0.016116176,0.053148401,0.054094954,-44.29133594,-21.47699662,76.71293517
6/8/20 14:48,13.24985781,0.020080423,0.053796661,0.058014478,-45.20082966,-20.55652261,76.73453224
6/8/20 14:38,12.34351019,0.020686082,0.052241246,0.056734857,-45.90004242,-20.38063401,76.73609386
6/8/20 14:52,12.87940855,0.019596289,0.05443742,0.051924297,-44.13381795,-20.62159335,76.76603068
6/8/20 14:39,12.61056615,0.017526889,0.04757896,0.043482107,-44.43684635,-22.0759224,76.77705154
6/8/20 14:41,13.09726167,0.012129698,0.059135166,0.058047912,-44.0057934,-19.33119963,76.79306592
6/8/20 14:23,14.67122438,0.007654528,0.074307055,0.063962997,-41.33105012,-16.88014105,76.8352681
6/8/20 14:30,12.65544855,0.013220818,0.058287119,0.0641257,-43.88262732,-20.62472018,76.8727077
6/8/20 14:20,13.31813274,0.016594052,0.065654017,0.074249852,-50.09079192,-22.56138619,76.92650292
6/8/20 14:40,13.18235385,0.014128107,0.057389436,0.050772753,-44.41468084,-21.02336814,76.95214257
6/8/20 14:23,13.58376832,0.016384,0.055262428,0.074709169,-41.22453213,-20.15951461,76.97589519
6/8/20 14:54,13.35373541,0.022598223,0.049943335,0.050192255,-46.36875036,-22.22360754,76.98122848
6/8/20 14:45,13.11182424,0.01791993,0.052002854,0.062689069,-44.48927876,-19.96759247,76.98210186
6/8/20 14:37,13.90888512,0.012395687,0.062087909,0.056764903,-46.94315192,-18.42490622,76.99425422
6/8/20 14:22,11.00072566,0.017091086,0.064178075,0.077823861,-48.80830877,-18.93849551,77.00324664
6/8/20 15:04,13.70770655,0.018376215,0.05248414,0.054586997,-45.22688711,-21.87816798,77.038147
6/8/20 14:31,12.07517394,0.02183831,0.065435529,0.052681752,-42.43849918,-18.38535501,77.07015178
6/8/20 14:39,13.51901662,0.015896888,0.046131106,0.050249079,-46.29935432,-23.12988472,77.10850807
6/8/20 14:29,11.09584793,0.007232014,0.074381956,0.066235166,-42.48672386,-18.8378695,77.11169694
6/8/20 14:27,13.26516277,0.000891659,0.079891978,0.055870488,-36.21234306,-13.09345938,77.18840045
6/8/20 14:14,14.52175812,1.00E-04,0.088831717,0.080992248,-28.89866828,-17.01116568,77.20076098
6/8/20 14:10,12.91682882,0.031134532,0.084175075,0.07094453,-46.0322929,-23.73217504,77.22113233
6/8/20 14:39,12.93388348,0.011823684,0.052674445,0.051232197,-42.48740823,-20.05703245,77.22628432
6/8/20 14:36,12.71670339,0.01327134,0.055017424,0.056823281,-44.40977831,-21.6523856,77.31030455
6/8/20 14:18,9.817814638,1.00E-04,0.096366656,0.055710551,-27.93441775,-13.34681083,77.34092468
6/8/20 14:23,15,0.021910989,0.053543125,0.078279708,-47.72431184,-24.52319045,77.36724884
6/8/20 14:49,13.43614552,0.018920685,0.052615928,0.057911563,-45.02693183,-21.37005652,77.40953942
6/8/20 14:28,13.38815586,0.001662501,0.074521412,0.064112729,-36.86466199,-15.71686838,77.44699031
6/8/20 14:25,11.52262678,0.015964982,0.068409267,0.040140007,-41.98772478,-15.93603136,77.49030614
6/8/20 14:34,12.22762902,0.021092772,0.056395355,0.048656366,-41.67226723,-21.59549337,77.49963664
6/8/20 14:41,13.96884378,0.018864475,0.051349272,0.059009247,-44.81244873,-21.39392602,77.5186751
6/8/20 14:14,13.21437665,0.005937089,0.075157608,0.077490284,-45.20863889,-10.65118123,77.6026768
6/8/20 14:33,13.11078659,0.023196715,0.054624619,0.049351386,-38.98127588,-22.02831883,77.63303408
6/8/20 14:14,10.33430186,0.01288017,0.079693767,0.083506653,-33.39322784,-19.46698619,77.66023019
6/8/20 14:21,13.05562313,0.033237232,0.061798563,0.072783018,-47.17154749,-24.92178015,77.67769833
6/8/20 14:25,11.98283758,0.004847564,0.084670146,0.059106351,-34.36962318,-17.16652678,77.75700454
6/8/20 14:57,13.44188803,0.018469031,0.053042954,0.055808405,-44.59889008,-21.3509569,77.76585341
6/8/20 14:19,11.85045011,0.00034882,0.090644538,0.064734739,-28.94184669,-14.69757425,77.77573331
6/8/20 14:34,12.41736716,0.020897983,0.064464971,0.048005214,-39.73054385,-21.78881993,77.81137496
6/8/20 14:24,12.58586875,1.00E-04,0.083481326,0.060643651,-40.00280465,-12.20878388,77.82077819
6/8/20 14:12,14.18021503,0.01733932,0.1,0.081644604,-47.77047809,-25.57547705,77.82365788
6/8/20 14:16,11.20144538,1.00E-04,0.1,0.071747621,-27.50367734,-11.00961586,77.86783917
6/8/20 14:21,13.960496,0.004565293,0.082856648,0.081047245,-41.76605228,-23.26317968,77.88796069
6/8/20 14:22,14.79505993,0.014729304,0.064571249,0.084571975,-46.92463383,-13.75961447,77.89806829
6/8/20 14:11,15,0.003669985,0.096243545,0.080381729,-42.70977271,-14.20913057,77.97929963
6/8/20 14:20,13.14582128,0.029206717,0.068666687,0.072996503,-49.25064621,-22.4790659,78.05300739
6/8/20 14:18,12.50958269,1.00E-04,0.08166126,0.074856398,-40.61892727,-13.30896772,78.05373196
6/8/20 14:17,11.57705294,0.0112634,0.09097788,0.072323092,-34.51657287,-17.04697692,78.07849947
6/8/20 14:49,13.58684057,0.018458495,0.051797841,0.058891874,-47.01310413,-21.26684546,78.08020325
6/8/20 14:15,15,0.015336494,0.087532174,0.08877268,-36.60458403,-19.29586431,78.0903647
6/8/20 14:33,12.22136945,0.027217237,0.060615751,0.045330706,-41.91035604,-20.76529367,78.16884329
6/8/20 14:13,14.70658686,1.00E-04,0.088294485,0.096730319,-41.2411038,-8.74515487,78.21162051
6/8/20 14:26,12.71263127,0.004612473,0.081856747,0.063082557,-41.57284506,-20.83450002,78.24460185
6/8/20 14:30,12.29558922,0.008797544,0.081692189,0.061616778,-35.6163953,-15.59882079,78.26091234
6/8/20 14:11,12.04581119,0.004216348,0.090612637,0.071717079,-30.36765985,-17.21717639,78.2713927
6/8/20 14:30,14.12381509,0.013673037,0.060557415,0.058069675,-44.94190511,-20.6713567,78.27345661
6/8/20 14:26,11.31870993,1.00E-04,0.079018409,0.060670672,-36.40242445,-19.65093313,78.28388925
6/8/20 14:21,14.59873378,0.020374385,0.067887901,0.062719608,-38.7434644,-26.23023547,78.40986181
6/8/20 14:07,15,1.00E-04,0.064824068,0.058011694,-36.9356231,-20.74101173,78.44551134
6/8/20 14:16,11.74996902,0.011088449,0.08687502,0.070366804,-29.92184321,-24.12504135,78.49525769
6/8/20 14:09,12.55338156,0.040866593,0.07749914,0.087974032,-47.48577765,-23.79256566,78.5138249
6/8/20 14:07,10.96246288,0.029717937,0.065386096,0.053836451,-37.435439,-31.48773849,78.54220319
6/8/20 14:35,13.18101264,0.004581249,0.072680095,0.061895756,-43.32407024,-19.55129268,78.67502497
6/8/20 14:20,13.26895715,0.03061131,0.074744125,0.071799567,-45.43057091,-30.82639454,78.73924926
6/8/20 14:03,11.23408084,1.00E-04,0.1,0.044690725,-39.78289624,-14.93041678,78.76039749
6/8/20 14:09,13.84662992,0.027635516,0.090272601,0.081986611,-49.30555224,-25.99749718,78.80820032
6/8/20 14:38,12.53987494,0.020628988,0.055453115,0.04895776,-47.50028472,-21.01375797,78.82298496
6/8/20 14:39,13.07573776,0.01037812,0.053525673,0.060051256,-43.57225183,-21.81615663,78.83550158
6/8/20 14:17,10.51924885,0.010734126,0.092184193,0.068587879,-37.37605864,-14.39211259,78.90171773
6/8/20 14:23,15,1.00E-04,0.059899122,0.069141859,-37.67886323,-17.39313409,78.90265533
6/8/20 14:07,14.28894574,1.00E-04,0.1,0.048777042,-38.33280296,-14.20535176,78.90306593
6/8/20 14:41,13.37357621,0.014568904,0.051498205,0.056007992,-44.33238703,-20.19035394,79.02916774
6/8/20 14:00,12.98549138,0.05583789,0.059389698,0.046835678,-47.26938278,-31.72812773,79.06308804
6/8/20 14:11,9.371796902,0.041225315,0.052556372,0.070025118,-44.96775632,-22.90009626,79.08056486
6/8/20 14:23,15,0.006185915,0.058523266,0.075179446,-37.53722941,-12.69678709,79.11676211
6/8/20 14:06,14.35366723,1.00E-04,0.087950729,0.043974826,-33.88266815,-21.93100922,79.15456591
6/8/20 13:59,10.4308818,0.001704821,0.1,0.062549525,-35.04197938,-22.1990517,79.18913291
6/8/20 14:25,10.35131481,0.013145345,0.082498431,0.056203249,-36.99996912,-16.29253892,79.23527565
6/8/20 14:30,12.46128461,0.010679144,0.063992373,0.056789096,-44.57721883,-21.67838067,79.24342076
6/8/20 14:25,13.43697476,0.00818288,0.065498998,0.074383032,-50.12412683,-13.80874626,79.45799901
6/8/20 14:27,11.06576074,1.00E-04,0.077756403,0.067195083,-38.63116181,-17.83469137,79.47679265
6/8/20 14:03,9.749585138,0.0253183,0.093774053,0.057538275,-35.93471012,-24.90163088,79.72736285
6/8/20 14:19,12.0026839,1.00E-04,0.088547681,0.063835518,-27.36268241,-14.95142577,79.73279029
6/8/20 14:21,12.78893644,0.016434366,0.077205404,0.080797258,-35.70075433,-17.02448224,79.76735256
6/8/20 14:12,11.29943563,0.022827554,0.056180405,0.083434876,-41.03474457,-35.34929709,79.80238257
6/8/20 14:21,12.20381634,0.009798708,0.066015414,0.065932256,-39.89860634,-26.98469321,79.81703698
6/8/20 14:20,13.64779271,0.015118362,0.083967891,0.06352635,-33.35466816,-22.80747441,79.85584082
6/8/20 14:19,10.72428377,1.00E-04,0.083669028,0.047472412,-25.52103272,-17.63465337,79.88991582
6/8/20 14:09,11.7391448,1.00E-04,0.098091672,0.067222928,-37.16924144,-2.186855662,79.90772004
6/8/20 14:41,13.57608088,0.017218991,0.050132826,0.056282781,-44.75678231,-21.12779294,79.94233992
6/8/20 14:06,3.920162443,1.00E-04,0.1,0.039802461,-41.72611607,-8.012492108,79.97343846
6/8/20 14:14,12.56112204,0.013595023,0.072454493,0.069640449,-31.54839409,-21.00652847,80.0511324
6/8/20 14:22,11.26120017,0.014138397,0.076483876,0.075488176,-34.91342242,-15.86479201,80.05534328
6/8/20 14:10,11.73514435,0.008797166,0.085868366,0.1,-36.89147236,-10.42608079,80.05963773
6/8/20 14:31,12.09569275,0.021526428,0.066787787,0.051134576,-37.78585227,-18.76335158,80.08504465
6/8/20 14:15,9.793232481,0.009006231,0.086736549,0.081921535,-32.74753369,-14.89463591,80.11486497
6/8/20 14:10,12.74279572,0.012709769,0.052842924,0.041972842,-45.32248036,-27.7383503,80.15950959
6/8/20 14:24,12.28034244,1.00E-04,0.058381003,0.082945705,-40.65824217,-13.85440081,80.17107714
6/8/20 14:17,12.10290335,0.005235841,0.084042369,0.063692355,-37.04017185,-14.33545455,80.26290302
6/8/20 13:57,1,0.04466819,0.049119709,0.028795372,-39.98127563,-40,80.31582365
6/8/20 14:10,13.54311773,0.032249486,0.0674995,0.080435542,-43.59209611,-38.86610822,80.54162707
6/8/20 14:18,12.82325677,1.00E-04,0.08319641,0.066992056,-37.59996714,-20.94397028,80.64726066
6/8/20 14:22,14.17107517,1.00E-04,0.064988304,0.071707268,-45.21414645,-12.13173949,80.70407665
6/8/20 14:08,9.132871849,0.007557224,0.087592058,0.050280502,-35.26992192,-32.81120955,80.72000562
6/8/20 14:26,11.72574103,0.019706912,0.076369981,0.061256706,-39.62843381,-18.31927705,80.78409172
6/8/20 14:02,9.231082762,0.019150309,0.090068246,0.059106033,-34.16378173,-29.7632086,80.79069556
6/8/20 14:19,12.17793196,0.007961993,0.072045939,0.069299307,-32.11841487,-19.94139588,80.92856986
6/8/20 14:30,11.49620259,0.016495429,0.068002338,0.048448532,-38.51814398,-17.4445223,81.14109222
6/8/20 14:12,12.62054849,0.005591506,0.091037234,0.057078312,-31.07330329,-12.07341767,81.19490991
6/8/20 13:51,15,1.00E-04,0.085195792,0.079029084,-37.03310127,-23.96220979,81.22823344
6/8/20 14:18,12.3410021,0.025086305,0.085286774,0.063814719,-33.55795372,-26.60002033,81.31357982
6/8/20 14:11,12.93193034,0.027762909,0.098507145,0.089997677,-39.53257898,-21.44261763,81.52261937
6/8/20 14:29,11.03273069,1.00E-04,0.080418226,0.057121649,-37.55119322,-18.89796895,81.62504731
6/8/20 13:58,13.24867317,0.066302294,0.075341813,0.04466416,-44.7449179,-40,81.86478489
6/8/20 14:02,9.329687342,0.064896352,0.080203176,0.005023625,-40.45305555,-25.2168366,81.91971611
6/8/20 14:12,14.06141858,0.039062565,0.075106109,0.076443283,-53.53077539,-31.32978813,82.1617415
6/8/20 13:53,14.89780313,0.060112475,0.000563782,0.073512478,-54.57083547,-32.50168815,82.1810915
6/8/20 14:25,12.31228162,0.003741761,0.062965475,0.056532446,-46.82055151,-20.03315418,82.20524174
6/8/20 14:07,9.085057099,1.00E-04,0.1,0.066054386,-36.60307155,-22.49784906,82.39131557
6/8/20 13:58,11.37855659,0.1,0.073298787,0.040341938,-42.09293994,-40,82.75689351
6/8/20 14:24,13.89473694,0.003028686,0.079668049,0.051950031,-47.08847533,-17.64995698,82.80427488
6/8/20 13:59,10.78129081,0.042241895,0.003113068,0.000822805,-45.03909632,-23.62086521,82.82018619
6/8/20 14:01,8.106397223,1.00E-04,0.095752894,0.020404454,-31.01108904,-26.98675432,82.83453029
6/8/20 14:34,11.98105692,0.015255882,0.064837432,0.0425336,-33.25231777,-17.72209819,82.87357011
6/8/20 13:53,12.79477773,0.027009849,0.088216898,1.00E-04,-50.33658941,-17.37607393,83.05078158
6/8/20 13:58,1,0.039883528,0.006195284,0.010294064,-36.45914819,-37.02006067,83.11904344
6/8/20 14:18,11.85425311,1.00E-04,0.096798488,0.077635119,-25.10594061,-10.54192602,83.16691474
6/8/20 14:13,14.86487968,0.013577109,0.1,0.1,-57.34671877,-16.40395132,83.1898128
6/8/20 14:03,11.20094572,0.00657459,0.062400416,0.030021091,-38.45722517,-34.15947977,83.212092
6/8/20 14:17,10.6396745,0.015724059,0.082560255,0.070360471,-31.48477769,-20.9309799,83.31454762
6/8/20 13:57,7.372570058,1.00E-04,0.047315218,0.028536854,-42.41572728,-16.62391467,83.38086398
6/8/20 14:01,6.378249836,0.035230552,0.1,1.00E-04,-42.8184929,-40,83.41940303
6/8/20 14:05,13.78565784,0.005398884,0.1,0.067796064,-36.49464272,-34.36571681,83.66254827
6/8/20 14:03,5.801537057,0.056481489,0.065434748,0.0352591,-49.86207676,-40,83.66914398
6/8/20 13:59,2.07480344,0.068830429,1.00E-05,0.001198318,-48.54732766,-40,83.77149533
6/8/20 14:12,12.56474421,0.001106029,0.081714453,0.072810151,-45.39105806,-9.84352904,83.77548485
6/8/20 14:05,7.971633448,0.00733125,0.1,0.037054648,-26.8673277,-25.42218116,83.85446558
6/8/20 14:08,8.071323609,0.040427625,0.084309855,0.088228523,-52.84616734,-17.00050466,84.05845907
6/8/20 13:56,7.769886204,0.010479002,0.057578031,1.00E-04,-32.60792165,-35.8992935,84.10211855
6/8/20 14:22,12.32310736,0.017051511,0.057720221,0.067469518,-54.43975195,-27.42355327,84.12943485
6/8/20 14:27,11.40985884,0.001740208,0.077749218,0.049023481,-43.58503737,-23.61599269,84.16805494
6/8/20 14:13,15,1.00E-04,0.092859769,0.1,-48.00832092,-12.07078166,84.20943706
6/8/20 13:53,5.575049983,0.085746762,0.008703354,0.041047302,-56.62146069,-27.4422678,84.26509372
6/8/20 14:06,6.974154563,0.019662386,0.08438788,0.029078885,-48.39868975,-32.80746761,84.2836035
6/8/20 14:17,11.13611044,1.00E-04,0.096816018,0.062134153,-30.31584652,-3.344842572,84.33134135
6/8/20 14:26,11.14484823,0.009818555,0.082845277,0.053978205,-35.36019114,-12.7934733,84.42538306
6/8/20 13:54,15,0.049551126,1.00E-05,1.00E-04,-46.35681745,-40,84.55945547
6/8/20 14:01,9.53377185,0.020505159,0.049805344,0.050544597,-38.49104876,-40,84.71726118
6/8/20 13:56,12.94234087,0.1,1.00E-05,1.00E-04,-43.8757185,-40,84.92367861
6/8/20 13:57,6.086412054,0.063407948,1.00E-05,0.029365173,-51.84767433,-40,85.1857052
6/8/20 14:10,15,0.030641012,0.07969351,0.089701046,-45.97832325,-13.03104957,85.20200131
6/8/20 13:55,4.291947889,0.043924691,0.012742788,1.00E-04,-48.06071653,-40,85.34202609
6/8/20 14:13,13.25760446,0.019648561,0.078142048,0.074238769,-34.17502916,-18.95375173,85.47783085
6/8/20 13:57,4.941669106,0.042066863,0.029133133,0.005396903,-57.50821558,-27.9952927,85.78732157
6/8/20 14:08,10.8877501,0.02766784,0.096575282,0.045201518,-32.74914629,-24.24041074,85.79714729
6/8/20 14:07,9.912096426,1.00E-04,0.1,0.000888095,-43.732193,-19.76603672,85.81132195
6/8/20 14:27,11.46613849,0.009695845,0.072046903,0.055285241,-28.09928186,-18.14021677,85.84116264
6/8/20 14:24,12.38187548,0.026635883,0.06024355,0.064492978,-47.91207461,-13.50540199,85.9509028
6/8/20 14:06,9.078562644,0.021386048,0.1,0.053661542,-35.44052443,-16.83774311,86.07874038
6/8/20 14:19,11.30229081,0.002192403,0.092723239,0.065725875,-25.30363681,-10.86818772,86.22671959
6/8/20 14:01,7.107992879,0.013748456,0.084325155,0.042908454,-44.93296682,-33.82014544,86.2992364
6/8/20 14:14,11.87372697,0.018428988,0.073252316,0.067874092,-36.31275434,-14.20157014,86.30612688
6/8/20 14:06,4.929591181,0.026890294,0.1,0.048362346,-39.48407564,-14.93028011,86.38472284
6/8/20 14:12,10.54255301,0.007431831,0.080770198,0.076323541,-33.26984245,-1.863400207,86.45632656
6/8/20 14:13,13.83014482,0.026054754,0.089277606,0.089693813,-36.4924839,-18.92472613,86.54000577
6/8/20 14:15,12.7739327,0.005397139,0.083287966,0.08246408,-26.47373386,-14.43740417,86.62806043
6/8/20 14:21,13.12885983,0.017119309,0.062408819,0.069722042,-40.07327774,-10.78544707,86.71605257
6/8/20 14:09,12.43440454,0.020820111,0.088829989,0.071321492,-39.92264161,-13.25641679,86.93050143
6/8/20 14:00,11.57616659,1.00E-04,0.051531301,0.055918566,-44.23200166,-19.17812722,86.94839535
6/8/20 14:08,9.723438634,0.006037054,0.089848974,0.072343708,-46.7050763,-26.16594168,87.17811441
6/8/20 13:57,1,0.087317374,0.023847327,1.00E-04,-56.32736403,-26.54104966,87.22197389
6/8/20 14:04,12.38037266,0.015172617,0.099599029,0.051345103,-31.08604167,-18.4809627,87.78451607
6/8/20 14:17,13.91972783,0.000452428,0.088790342,0.089505674,-45.06051469,-20.73520906,88.3128093
6/8/20 14:05,11.60883791,0.00951901,0.07006056,0.068750147,-27.48056941,-34.23950242,88.53313661
6/8/20 14:19,11.17426617,0.010584543,0.1,0.070504423,-30.61007234,-11.55048346,88.64461416
6/8/20 14:05,8.800927944,0.04510002,0.088750895,0.051386723,-38.72904973,-18.44048154,88.81491837
6/8/20 13:53,1,0.1,1.00E-05,0.065922648,-60,-37.67497745,88.83827538
6/8/20 14:10,6.367547791,1.00E-04,0.071690679,0.030659429,-45.29744817,-21.93904688,88.93717572
6/8/20 13:55,8.266763354,0.1,0.017264499,0.005628215,-60,-40,89.37501586
6/8/20 13:55,12.70053692,0.1,1.00E-05,0.007164846,-58.10547261,-25.73294212,89.87440633
6/8/20 14:13,14.52440584,0.018907144,0.1,0.068008126,-35.9256416,-13.68536953,90.05200774
6/8/20 13:55,12.42297286,0.096826333,0.043003622,1.00E-04,-60,-40,90.07669926
6/8/20 14:04,15,0.00039579,0.1,0.054812968,-29.70407171,-1.382139635,90.35911477
6/8/20 13:59,3.663889965,0.041222091,0.039584944,0.017879216,-59.99487417,-31.03719403,90.38023399
6/8/20 14:00,5.441820912,0.017317791,0.098815522,0.023420729,-32.64435097,-15.95045478,90.40397707
6/8/20 13:56,8.582081989,0.084213491,0.011962368,0.048600069,-60,-40,90.4415914
6/8/20 13:58,1,0.050597454,1.00E-05,1.00E-04,-36.56865431,-28.30517775,90.55607221
6/8/20 14:04,8.829983123,1.00E-04,0.1,0.063896411,-49.60280441,-18.48999015,90.62155908
6/8/20 14:00,14.34430904,0.039579311,0.099095077,0.033176731,-28.63115797,-34.83510354,90.6594448
6/8/20 14:02,7.336011995,0.032371621,0.05684329,0.061102216,-28.90526612,-40,90.67429056
6/8/20 13:56,13.70337704,0.1,1.00E-05,0.024762087,-60,-40,90.85367506
6/8/20 14:02,11.91899339,0.039831205,0.033366126,0.039546616,-36.1001974,-19.86034194,90.92076582
6/8/20 14:03,9.658399074,0.008765467,0.096010019,0.1,-58.61945503,-21.2931546,91.16703731
6/8/20 14:03,11.03706986,1.00E-04,0.088120804,0.039718017,-44.48316546,-26.17159309,91.19056196
6/8/20 14:16,10.07139584,1.00E-04,0.094176965,0.050568494,-19.63926027,-18.36812219,91.57557872
6/8/20 13:57,10.43377754,1.00E-04,0.059175487,1.00E-04,-29.12828162,-40,91.68352771
6/8/20 13:54,12.62579659,0.1,1.00E-05,0.036704143,-60,-40,91.89580828
6/8/20 14:08,10.14094482,1.00E-04,0.082839914,0.057084245,-34.79460396,-33.8480754,91.96885754
6/8/20 13:55,15,0.081175917,1.00E-05,1.00E-04,-59.95183879,-40,92.42357221
6/8/20 14:06,12.33451983,0.027111615,0.061027163,0.034596362,-36.52249615,-13.85212899,92.48291184
6/8/20 13:56,1,0.1,0.1,0.0469451,-60,-22.92856086,92.49741342
6/8/20 13:58,1,0.060317913,0.047022724,0.009383757,-59.02348508,-38.76251509,92.56769673
6/8/20 14:00,4.876017917,0.011405601,0.095735049,0.048308806,-46.24950527,-40,92.90668335
6/8/20 14:00,7.661621842,0.075556153,0.048467137,0.026035453,-60,-15.03743293,94.59706837
6/8/20 14:11,13.49117894,0.018052196,0.082370127,0.093189893,-41.74587368,-10.62657833,94.81760254
6/8/20 13:53,3.345180615,0.029283309,0.00549401,1.00E-04,-29.6947533,-25.2704502,94.92997
6/8/20 13:56,15,0.087303678,0.033932005,0.014708831,-41.42981228,-18.21249567,95.04187988
6/8/20 14:02,8.620640737,0.035867659,0.1,0.036633108,-60,-40,95.15059197
6/8/20 14:02,4.981675126,1.00E-04,0.062103217,0.03933434,-43.11025324,-31.07689107,96.31439245
6/8/20 13:52,8.85576194,0.006610676,0.064103269,0.088505136,-60,-3.138417577,97.23764814
6/8/20 14:15,12.48301891,0.016015995,0.083783075,0.072903439,-30.96308823,-13.96194972,97.4195556
6/8/20 14:09,14.95443528,0.024373212,0.047279522,0.068297734,-29.3663365,-20.6461424,98.07331327
6/8/20 14:16,10.48685969,0.006624584,0.07916162,0.1,-27.33932918,-8.440945007,98.42945765
6/8/20 14:01,14.48208745,0.052629149,0.061916386,0.023191369,-30.04766893,-24.04970277,98.73957079
6/8/20 14:00,8.840335215,0.003588813,0.049199362,0.016578557,-53.63349108,-28.36298561,98.78391482
6/8/20 13:52,1,1.00E-04,1.00E-05,1.00E-04,-60,-14.0352233,99.39688547
6/8/20 14:04,9.624070722,1.00E-04,0.084403063,0.039580279,-15.64149914,-22.45867004,99.70590407
6/8/20 14:14,7.434218983,0.030204293,0.082223221,0.097571539,-35.38492782,-13.07599627,99.96761689
6/8/20 13:59,8.750143934,0.030323857,0.033983794,0.021142759,-41.38873987,-12.76293589,100.0419026
6/8/20 13:53,8.576464971,0.0228668,0.071896629,0.1,-60,-40,100.1129185
6/8/20 13:52,15,1.00E-04,1.00E-05,1.00E-04,-57.52470941,-5.744760815,100.2804427
6/8/20 13:54,8.516787733,0.012137153,0.011314296,0.016346133,-22.99247311,-25.37492455,100.2950701
6/8/20 13:52,15,1.00E-04,0.016424449,0.036654203,-60,3.430700253,101.0696876
6/8/20 14:08,9.391806816,1.00E-04,0.1,0.073849663,-47.52712032,-34.1349701,102.8356127
6/8/20 14:04,15,1.00E-04,0.1,0.03422457,-36.31850014,9.797594885,103.0237799
6/8/20 13:59,10.59672128,0.051141558,0.027055569,0.054390602,-24.79620469,-32.03269697,105.7172393
6/8/20 13:54,10.67343197,1.00E-04,0.1,1.00E-04,-47.24004601,-40,106.7485288
6/8/20 14:09,11.56268274,0.017739147,0.062357173,0.060343222,-27.22743097,-14.94918933,107.0994832
6/8/20 14:03,10.48434059,0.045884352,0.058515069,0.000653098,-41.63925561,-8.840904619,109.202291
6/8/20 13:58,1,0.048249067,0.054228108,0.023545511,-20.19959615,-40,111.1730347
6/8/20 13:56,7.368220682,0.067598613,0.004517374,0.078221719,-60,-13.13212427,111.40368
6/8/20 14:04,10.44360204,0.02262335,0.09290772,0.081456596,-21.67258954,-20.88427978,112.8095235
6/8/20 13:54,1.184351041,0.018844572,0.1,1.00E-04,-39.07411315,1.726858635,115.19073
6/8/20 14:04,13.86567577,0.01969764,0.091951119,0.042250988,-31.75114964,-7.00482035,115.6771562
6/8/20 14:07,11.34727754,0.017416095,0.047981956,0.063775178,-29.95900612,-9.246222907,118.4548536
6/8/20 13:59,9.865866268,0.063260807,1.00E-05,0.005777746,-33.33395546,-16.84853845,119.1673208
6/8/20 14:10,10.45694709,0.02902362,0.084557178,0.081840745,-28.58056482,-11.96391674,120.3402348
6/8/20 14:16,11.49229642,1.00E-04,0.087506173,0.06045182,-10.91494662,-15.39859071,120.3795472
6/8/20 14:01,11.52143474,0.046453511,0.086020243,0.036761402,-47.46002815,-5.021737203,120.954905
6/8/20 14:06,10.17631332,0.018564353,0.071410442,0.05216978,-18.85614625,-16.42929397,129.444423
6/8/20 14:01,7.386774887,0.061660697,0.1,0.061428615,-27.18082149,-13.36011463,130.904622
6/8/20 13:54,13.99867814,0.01477071,0.05230474,0.039935768,-32.59428813,4.358405213,134.9167388
6/8/20 13:55,6.007348209,1.00E-04,1.00E-05,1.00E-04,-2.397922912,-40,141.7956192
6/8/20 14:05,8.753581718,0.02373818,0.083852791,0.010864216,-26.73739217,-3.687260355,144.2779145
6/8/20 14:14,12.74867371,0.025578615,0.065243836,0.080296586,-25.42187917,-5.515118713,146.3610161
6/8/20 13:54,11.21530826,0.028946132,0.005329166,0.1,-10.77341959,-40,148.5857557
6/8/20 13:58,10.77735033,0.049285413,0.051078272,0.051535903,-29.24207388,-3.192369372,154.9328562
6/8/20 13:59,4.91893317,0.085838583,0.040282124,0.079864953,-6.735611567,-36.14442667,163.7295076
6/8/20 13:57,7.608350378,0.054224426,0.054674164,0.035290521,-8.364656514,-26.52504112,164.9137315
6/8/20 13:56,15,0.044938182,1.00E-05,1.00E-04,-33.26769229,9.520271122,172.2925386
6/8/20 13:53,15,0.068078546,0.082030112,0.089677438,-12.8607813,-15.21137633,175.5399939
6/8/20 13:51,13.51005586,0.025010593,0.036134869,0.02012598,-8.678480365,-12.94062623,187.6266727
6/8/20 13:52,5.623983087,1.00E-04,0.059489178,0.03334618,0,-0.733435744,190.3473846
6/8/20 13:51,15,0.048258866,0.041863347,0.01689348,-15.23270854,-6.377913631,192.2580092
6/8/20 13:53,12.96665628,0.034698369,1.00E-05,1.00E-04,-60,20,192.4021213
6/8/20 13:52,1.484980486,0.009246741,0.0508568,1.00E-04,-18.05913811,11.53840678,193.442542
6/8/20 13:51,6.368256232,0.047175033,0.1,0.001505748,-39.81733234,20,206.6844113
6/8/20 13:55,12.42594698,0.036857647,0.002005666,0.012701569,-40.72767628,20,212.5082674
6/8/20 13:52,2.491789557,0.030339305,1.00E-05,0.054262624,-2.5478179,20,321.6653551