DateTime,Kch4ox,vTch4ox,Fsed_ch4,Ksed_ch4,theta_sed_ch4,RMSE
2020-06-06 23:22:41,0.731099873781223,1.14053036378004,267.539071057249,1.22149093129668,1.05372782850623,9.66052256994123
2020-06-06 23:22:32,0.731099873781223,1.14053036378004,267.539071057249,1.22149093129668,1.05372782850623,9.66052256994123
2020-06-06 23:22:24,0.724715972835698,1.13709999506963,267.46817818667,1.08428884759134,1.05112607618383,9.77289980003382
2020-06-06 23:22:15,0.724891317351845,1.144021230169,268.74000721931,0.993278916047309,1.04719772175563,9.8043421882614
2020-06-06 23:22:07,0.714157444018577,1.14605726117057,269.076411215061,0.885027657791902,1.04511449430635,9.76897163965518
2020-06-06 23:21:59,0.724948499518082,1.13607155763364,265.547501626324,1.08616873693349,1.05214756855053,9.68844034261687
2020-06-06 23:21:50,0.726510997119006,1.13879136394016,268.633737555828,1.09192912233427,1.04937981435073,9.7753048014464
2020-06-06 23:21:42,0.731099873781223,1.14053036378004,267.539071057249,1.22149093129668,1.05372782850623,9.66052256994123
2020-06-06 23:21:33,0.736554886907942,1.14083196237557,268.079630015721,1.15831948317768,1.05011403777336,9.86143699685918
2020-06-06 23:21:24,0.732141714923717,1.14051599976317,267.796265578134,1.18576236363312,1.05396902099651,9.83617066678576
2020-06-06 23:21:16,0.719288282607605,1.14043339127209,267.368286628827,1.12960244419178,1.05026232316136,9.85332443195578
2020-06-06 23:21:07,0.721675011450555,1.1442418295231,268.104118281292,1.00358640537934,1.04660067213923,9.86291112819213
2020-06-06 23:20:59,0.723511025760649,1.14377003750366,268.101119292925,1.07733446753204,1.04712049312752,9.79508983789032
2020-06-06 23:20:50,0.7325660980363,1.1390808195173,267.623536258784,1.08733637691978,1.05240465209719,9.78933968679829
2020-06-06 23:20:42,0.719606710089754,1.14302486831105,266.94204051969,1.06366505309144,1.04954663789932,9.84679045858882
2020-06-06 23:20:33,0.716659663224042,1.14624524655823,269.426926945671,0.90343197197084,1.0446913890664,9.82185436691626
2020-06-06 23:20:25,0.733723580489019,1.1447825850881,268.325075367914,1.16862304239855,1.05191948155887,9.79657094252886
2020-06-06 23:20:16,0.716897407817299,1.13756743182923,267.612761239675,1.16026007285789,1.0479901037034,9.84230911661408
2020-06-06 23:20:08,0.718134102605892,1.14080061651908,267.788979395221,0.970934437788921,1.0464712254457,9.83653769949198
2020-06-06 23:19:59,0.710485908847255,1.1378364259952,266.176638509843,0.982234664459716,1.04590543503302,9.90389941747883
2020-06-06 23:19:51,0.72322080001828,1.14258052798639,269.011112316215,0.89239035120584,1.04390347418241,9.83893285812839
2020-06-06 23:19:42,0.729394481037406,1.14347998036827,268.13190471243,1.10559927599909,1.05177196028288,9.71314063303634
2020-06-06 23:19:34,0.720687702862208,1.14048379885237,267.264375820688,1.06259032614722,1.04796570958446,9.85147382504355
2020-06-06 23:19:25,0.719694281967461,1.14366066136363,268.734177316766,1.07130547405851,1.04797446117729,9.86259746757324
2020-06-06 23:19:16,0.713801889787339,1.13988058619319,266.929813035207,1.08190116690886,1.04776643092868,9.76267879176163
2020-06-06 23:19:08,0.721520749822987,1.14621214673881,268.260577262098,0.856407411410713,1.04561202182865,9.85107423909404
2020-06-06 23:19:00,0.719766849714537,1.14188525129208,267.14377858161,0.991641810692507,1.04551757248533,9.82330246751118
2020-06-06 23:18:51,0.713155709719266,1.14440816777906,268.973489307015,0.884595965400533,1.04468943409585,9.83422057423579
2020-06-06 23:18:43,0.72316892882608,1.14282435025931,267.355060054532,1.12427727414979,1.05035956945847,9.85425926735848
2020-06-06 23:18:34,0.721447441364383,1.14476359959609,267.753020493329,0.92274840520575,1.04693048922602,9.78548503690674
2020-06-06 23:18:25,0.717677776317892,1.14321408101875,266.524168363885,1.16166945638066,1.04759771115825,9.92828310044507
2020-06-06 23:18:17,0.728761707772946,1.14683716821919,268.314658074677,1.14487730014558,1.04776456672414,9.87637449648449
2020-06-06 23:18:08,0.717959170650718,1.14067468785536,268.245628044878,0.977818619476296,1.04725082210871,9.78090076563984
2020-06-06 23:18:00,0.725238070960909,1.14646467086863,269.806223176042,0.9483227736632,1.04556927674264,9.80529729722351
2020-06-06 23:17:51,0.730575821138279,1.1468604163925,270.846122502464,1.02877318683891,1.04533395252213,9.79764652730366
2020-06-06 23:17:43,0.735571926170439,1.14899647991988,270.529556481329,0.954032468405666,1.04619160131166,9.8425999725287
2020-06-06 23:17:35,0.732078215170405,1.14569962892212,269.734976362204,1.01447243645895,1.04646390120646,9.80051889876478
2020-06-06 23:17:26,0.72414259254192,1.14180857782718,267.614480997931,1.02866649972461,1.048480364445,9.74074830185281
2020-06-06 23:17:17,0.733141356480913,1.14776239149971,270.24688165858,0.940734209629247,1.04566977482175,9.76878609200062
2020-06-06 23:17:09,0.71964738648719,1.14700989877272,269.217359980424,1.06707092644919,1.04827964806032,9.76021942666385
2020-06-06 23:17:01,0.721640329512108,1.14793072816863,269.748645383823,0.997033198652466,1.04611463321709,9.76351344854414
2020-06-06 23:16:52,0.727604231889138,1.14490996098133,268.70500240566,1.0542721122087,1.04816434934463,9.74601192784747
2020-06-06 23:16:43,0.719360860182659,1.14354185915294,268.720629812148,1.00024786112843,1.04428130943656,9.73810276961183
2020-06-06 23:16:34,0.716785146526956,1.14926282791696,269.411471150253,0.859425439002967,1.04362305622523,9.87249505616177
2020-06-06 23:16:26,0.722801850448813,1.14124914932561,269.116572740388,0.97370819300867,1.04515579900128,9.85188972238511
2020-06-06 23:16:17,0.719847554659817,1.14675003885532,269.288102369923,0.983503119785169,1.04381383091615,9.78050186977512
2020-06-06 23:16:09,0.715016020145701,1.14807220626521,267.885241590155,1.02978304098696,1.04745110820669,9.77391614474448
2020-06-06 23:16:01,0.732325695222102,1.14781679732334,270.204469533665,0.982297485865346,1.04667443871526,9.71465825761722
2020-06-06 23:15:52,0.723831844383746,1.14591889045903,269.670629180505,0.993044291340188,1.04426697206248,9.77087171721738
2020-06-06 23:15:43,0.719963747620321,1.14647359544654,269.076966304135,0.984709648374975,1.04473828267698,9.78523008153427
2020-06-06 23:15:35,0.722694668415783,1.14352195594597,267.34261782937,1.02747032782319,1.04851093535767,9.96982941643951
2020-06-06 23:15:26,0.726225787213591,1.14775274214981,269.13517140474,0.985155038232304,1.04534334499013,9.73182085575586
2020-06-06 23:15:18,0.720023060663878,1.14543514249937,269.614501969598,1.01075516545836,1.04500222929867,9.84856560653163
2020-06-06 23:15:09,0.721889617847802,1.14613076469267,268.586043026199,0.991986711166594,1.04592208096351,9.74675809180725
2020-06-06 23:15:01,0.718438081762861,1.14721158737481,269.429528277806,0.80147641836615,1.04565121152196,9.873349841458
2020-06-06 23:14:52,0.727666760175069,1.14412981592607,270.092492214674,1.00116718450688,1.04447724470478,9.82404980260814
2020-06-06 23:14:43,0.717457698487532,1.148846685687,268.973507054177,0.931569077284073,1.04365800424028,9.79147451494436
2020-06-06 23:14:35,0.716326274929455,1.14239187537629,267.886458986522,0.964388305750826,1.04671723166079,9.86277418518939
2020-06-06 23:14:26,0.722524328700126,1.14534642934412,269.080940052041,0.994028287180327,1.04615791467053,9.74848206005954
2020-06-06 23:14:18,0.722512141558008,1.14638318728921,270.538504547356,0.984503460736642,1.04499479722763,9.77334367759071
2020-06-06 23:14:09,0.72041884720173,1.14233570978375,267.607561418123,0.985907616001555,1.04751697102718,9.77630730903896
2020-06-06 23:14:01,0.713271065978879,1.14242898548976,266.799133430909,0.892391063538271,1.04426566359283,9.81638835088344
2020-06-06 23:13:53,0.720409053446942,1.14867773411598,269.305878352547,0.933816423474168,1.04452984492354,9.74062405841025
2020-06-06 23:13:44,0.71222897666811,1.14207231300322,267.324981983649,0.862473070967293,1.04620076711025,9.78672347463717
2020-06-06 23:13:36,0.710481120461046,1.14405417928186,265.349726456822,0.89938387005018,1.04438563691793,9.90630017072715
2020-06-06 23:13:27,0.720930898642539,1.14138621884331,268.097509710852,0.941412925984811,1.0457853604142,9.75889661698982
2020-06-06 23:13:19,0.718679801215038,1.14127437088486,267.347932024279,0.913228331209284,1.04655107762328,9.73365815785092
2020-06-06 23:13:11,0.71194877177421,1.14435957239888,267.789498675246,0.813063219957509,1.04438877617248,9.77728285690811
2020-06-06 23:13:02,0.718527561397478,1.14188544512003,268.134904776031,0.963030273689668,1.04686970243168,9.82293383306647
2020-06-06 23:12:53,0.710369737565081,1.14550896272872,268.965479734136,0.787243385055454,1.04403157010533,9.84193146402369
2020-06-06 23:12:45,0.716161526724201,1.1462520947009,269.135348057801,0.858684693079604,1.04449589505829,9.76519690007845
2020-06-06 23:12:36,0.715410786030877,1.1437695598299,268.638715125772,0.964118988300169,1.04563368331215,9.89855197165037
2020-06-06 23:12:28,0.710314202344537,1.14239653595872,266.870304952556,0.901221303816177,1.04377198349524,9.88135455949945
2020-06-06 23:12:20,0.717656103854402,1.1440694805361,268.024975793035,0.965265415044786,1.04492174226365,9.72385581496035
2020-06-06 23:12:11,0.717185955975894,1.14180669729922,269.498039178384,0.945656717492717,1.04292063581314,9.8441132255409
2020-06-06 23:12:03,0.715650969735075,1.14548947363884,268.178253026527,0.935321343037697,1.04564481913977,9.7986045653265
2020-06-06 23:11:54,0.710807614860041,1.14406247878507,267.788203996975,0.834505802831207,1.04626467082801,9.76028372267489
2020-06-06 23:11:46,0.716275086536293,1.145727258264,269.054198852168,0.878468746871737,1.04426735529957,9.72563115915326
2020-06-06 23:11:37,0.713925544771396,1.14509632544164,267.922922801142,0.894482364156474,1.04458313442753,9.80555459382947
2020-06-06 23:11:28,0.711867049215907,1.14420632682014,267.855071616228,0.889678721816139,1.04626239634424,9.72978511228587
2020-06-06 23:11:20,0.716971157695826,1.14327561213612,269.022763782415,0.858562891654134,1.04382530593191,9.75215735015907
2020-06-06 23:11:11,0.715145808973765,1.14414492554758,268.524902587711,0.945750349351384,1.04477141718477,9.7695439592605
2020-06-06 23:11:03,0.714346462555674,1.14397381399705,268.572444409839,1.01899363322176,1.04343860133868,9.84232825972066
2020-06-06 23:10:54,0.717172713094367,1.14489842242416,269.750152909562,0.907205051773623,1.04411453338798,9.94783850490191
2020-06-06 23:10:46,0.709565248660203,1.14352796477526,269.546395277597,0.793612114682695,1.04215265613009,9.78029054837214
2020-06-06 23:10:37,0.717097945506317,1.14197743554418,268.108606890029,0.85023156474476,1.04453005104792,9.77013291745494
2020-06-06 23:10:28,0.726350074435441,1.14145428849717,269.984177517606,0.984037446883698,1.04376755274132,9.83847366180923
2020-06-06 23:10:20,0.711660695680895,1.14103373597038,268.450755652981,1.02273953762912,1.04313618626909,9.80458025999482
2020-06-06 23:10:12,0.715217810060132,1.14332985695613,268.580943579271,0.963711878540819,1.04574426634751,9.6654072177342
2020-06-06 23:10:03,0.720111077368941,1.14167277601356,268.502876201113,0.865256288995066,1.04394768805844,9.814487246989
2020-06-06 23:09:54,0.709340666707575,1.14061033610382,269.272246971295,0.788724004864649,1.04077208975232,9.94463232084246
2020-06-06 23:09:46,0.715136480279764,1.14312786478165,269.041479520168,0.920756942705609,1.0437053378263,9.87457206219343
2020-06-06 23:09:36,0.725721751086427,1.14096555403479,269.828840514525,1.0997232623778,1.04532366397316,9.87667399985971
2020-06-06 23:09:28,0.714332558083688,1.14259315202227,268.883902801335,0.930492831927521,1.04341064941823,9.76348824390483
2020-06-06 23:09:19,0.718566362111636,1.14316473538212,270.132179122115,0.868506276951415,1.04449524870453,9.77993309342348
2020-06-06 23:09:11,0.719780041713208,1.14536619790426,270.152456186694,0.901220182906337,1.04469712014578,9.78810175616759
2020-06-06 23:09:02,0.711363795051262,1.14140145943577,268.916100321096,0.962150351947493,1.04501142945941,9.93209986646509
2020-06-06 23:08:53,0.717653247676926,1.14584076515583,270.779771069971,0.911211798558883,1.04431698657591,9.90069166008717
2020-06-06 23:08:45,0.721665082408428,1.14424610425318,270.698661103555,0.892537756127432,1.04439072411056,9.69758789520183
2020-06-06 23:08:37,0.724483527082911,1.14248666398266,267.408744492047,1.08259060417454,1.04651488367799,9.77588648205282
2020-06-06 23:08:28,0.72117050561925,1.14062369326704,270.090551525883,1.13982423712739,1.04558546902443,9.87414780419025
2020-06-06 23:08:20,0.712240262243506,1.13944303180982,267.387397848322,0.993729296475916,1.04392962841849,9.72508067037181
2020-06-06 23:08:11,0.718891204353228,1.14147513739881,268.213706588121,1.09165268944766,1.04365090773774,9.90000440881103
2020-06-06 23:08:03,0.721574195077367,1.14242649175055,270.419667685383,1.04192362839506,1.04502304324171,9.77883320447181
2020-06-06 23:07:54,0.717676787790396,1.13933729667638,268.330621806384,0.906071570051936,1.04598429671088,9.85184271049576
2020-06-06 23:07:46,0.715908644331759,1.13669699018714,267.26560216147,1.12519230001566,1.04753463081271,9.86180619547808
2020-06-06 23:07:38,0.7279079132657,1.14195156352357,270.547264533149,1.01923518733193,1.04334878728337,9.8143532472303
2020-06-06 23:07:29,0.724954650312637,1.14182531858465,269.833723032735,1.03235809643023,1.04437959410808,9.75891292672489
2020-06-06 23:07:21,0.710649711142561,1.13860714698186,267.27146096123,1.05093264621872,1.04603414136419,9.77174528440774
2020-06-06 23:07:13,0.711625742526212,1.14097860491602,266.880729932223,1.0441962642425,1.04298627952507,9.77532219636874
2020-06-06 23:07:04,0.724733011341353,1.14318941523428,270.763226836423,1.03037486703612,1.04418589586127,9.83918136738167
2020-06-06 23:06:56,0.720941778276147,1.14075237027315,268.222166110375,1.01304411312267,1.04536333074121,9.87478564416176
2020-06-06 23:06:47,0.717385011605471,1.14273830632796,267.347177647139,1.06375469539295,1.04721217994202,9.76769954098568
2020-06-06 23:06:39,0.714955605156693,1.13929054232593,266.698396546712,1.02605307434787,1.04204043134125,9.91721799436852
2020-06-06 23:06:31,0.713421556629238,1.13793825544375,266.851736032772,1.35886450863431,1.04574958570901,10.0179503832244
2020-06-06 23:06:22,0.711248990945998,1.14436696704831,269.769777596135,1.00661050573571,1.04344407255785,9.93433984078057
2020-06-06 23:06:14,0.723190643208672,1.14208292133571,268.736916221407,0.957869058217451,1.04521282095229,9.72753417916205
2020-06-06 23:06:05,0.715133451372865,1.13244323852297,266.240482405747,1.1775118095074,1.04731291332333,9.93415188312968
2020-06-06 23:05:57,0.718299929476208,1.1410226408114,268.33649042265,0.913351647186114,1.04440077992599,9.8455866189345
2020-06-06 23:05:47,0.709058814365391,1.13959891859355,268.279533318633,1.0470310874034,1.04296269732453,9.78930345256333
2020-06-06 23:05:39,0.701908438021742,1.1425826947319,269.104305029704,1.16137897573226,1.04470116014965,9.89691170147906
2020-06-06 23:05:31,0.710337696181014,1.14087742314503,268.918973566963,1.00767391280693,1.04230535456076,9.77719217869027
2020-06-06 23:05:22,0.723257147058435,1.14243867488121,267.608908997549,0.905875503524719,1.04265038102322,9.84772966540564
2020-06-06 23:05:14,0.71657283540206,1.14274449201944,268.237238093629,0.932633976996587,1.04336146889399,9.74233164620267
2020-06-06 23:05:05,0.713881639460367,1.13975818502758,268.675937801342,0.901260080809983,1.04061411962435,9.75183788277362
2020-06-06 23:04:56,0.730408896174496,1.14294086880567,265.726753701192,1.2333618414152,1.0474602928982,9.80716098916644
2020-06-06 23:04:48,0.713013214428575,1.13860417225728,266.92547315189,1.09603124501939,1.04605316611264,9.71550911954102
2020-06-06 23:04:40,0.72025063376281,1.13973748714152,268.996358049749,0.972298518868123,1.04333160196261,9.75629674162277
2020-06-06 23:04:31,0.714255711102077,1.14204625323468,268.303494190689,0.902566857434389,1.04217310768377,9.76080434113415
2020-06-06 23:04:23,0.720471294844315,1.1395783094029,268.257175051193,0.872904041059184,1.0431565726076,9.79376419121647
2020-06-06 23:04:14,0.705769405383552,1.13886353612907,264.688070294445,1.11968961583498,1.04563182875858,9.79514645979867
2020-06-06 23:04:06,0.716643917418635,1.14070138024306,268.330163115464,0.990685276932079,1.04216204906247,9.63927546634903
2020-06-06 23:03:57,0.711711130854408,1.14318134910116,269.221640539882,0.781542412795603,1.03934339011587,9.79958907587157
2020-06-06 23:03:49,0.723440596832849,1.1411645998563,267.304040122768,1.06924655266081,1.04335695156703,9.74346236019633
2020-06-06 23:03:40,0.718597826990954,1.14118740880101,268.809128484961,1.01009688666128,1.04347864654945,9.77089985550673
2020-06-06 23:03:31,0.719790060952063,1.1424767447241,266.339462087845,1.02975182736534,1.04405242479828,9.82480443146928
2020-06-06 23:03:23,0.714999041937257,1.13935602924994,268.310168475174,0.901022248565801,1.03997779260585,9.77595389446728
2020-06-06 23:03:14,0.716672578822973,1.14082419461281,267.560639907898,0.94082587762142,1.04318627217092,9.5702093451417
2020-06-06 23:03:06,0.71177667954769,1.13961581229461,265.717362703067,0.83797625812006,1.04265507487332,9.82755744802208
2020-06-06 23:02:57,0.711823994258112,1.14085094833495,265.262458061877,0.927875607378011,1.04316796972632,9.76559580500633
2020-06-06 23:02:49,0.711600321525841,1.13930355623947,266.210466274575,0.911653949586594,1.04181163574131,9.76087894901359
2020-06-06 23:02:40,0.707545724770569,1.13593378140323,262.506555637667,0.943724228923298,1.04242022395363,9.78664567519666
2020-06-06 23:02:32,0.702450691502513,1.14311521569932,266.878556255581,0.900112910474932,1.04056077949222,9.94857587397474
2020-06-06 23:02:23,0.713577430221627,1.14389023570027,268.970088580526,0.709319484524261,1.03765485618598,9.84650704882195
2020-06-06 23:02:15,0.71811281805343,1.14089544317824,267.86715026369,1.04760790064222,1.04296161682588,9.72896199934828
2020-06-06 23:02:06,0.702815718122841,1.13724181914593,267.142753077034,0.776358611812782,1.0414440893544,9.80878930781186
2020-06-06 23:01:58,0.708943672712684,1.13706171927062,268.17966203263,0.859755282919272,1.04184437940938,9.74501768581105
2020-06-06 23:01:49,0.706853947379123,1.14225942262903,266.442694151089,0.74195709362236,1.04109143959522,9.84928430400133
2020-06-06 23:01:41,0.708725169369256,1.14223528182125,269.026508067896,0.850119371515252,1.04019695484563,9.77154505539102
2020-06-06 23:01:32,0.6987951178686,1.13224975136147,265.181118476599,1.00668791304276,1.04428071769706,9.83124359517618
2020-06-06 23:01:24,0.711925659050485,1.14106276086799,265.599896551806,0.892913418832913,1.04221848372304,9.72454699611079
2020-06-06 23:01:14,0.707677529364545,1.14226105424118,270.598220245891,0.843034523342559,1.03699053598129,9.87030265030097
2020-06-06 23:01:05,0.716770984035376,1.14116161992137,268.262491657756,0.789261231538684,1.03888352666659,9.82586067124001
2020-06-06 23:00:57,0.71141620552891,1.13860422576118,268.478652730894,0.935465167111291,1.04067305612387,9.72898340069804
2020-06-06 23:00:49,0.712447425517703,1.13994409799028,266.848881836831,0.896531987128759,1.04154679855696,9.7811211655284
2020-06-06 23:00:40,0.710006815219099,1.1366408554013,265.769499790384,0.860909376868421,1.03977647349943,9.92324008664188
2020-06-06 23:00:32,0.700747378701967,1.13875853814743,269.990455907892,0.732978699845385,1.03772144607416,9.83892209497438
2020-06-06 23:00:23,0.709426070779637,1.13990823323504,268.314164569887,0.763398143727813,1.03886215570442,9.76487800708018
2020-06-06 23:00:15,0.707894593321662,1.13977483566281,265.240266747827,1.15767492799356,1.04267474224058,9.76948738026945
2020-06-06 23:00:06,0.713822630647038,1.14322928212485,269.835970588816,1.04380259401883,1.04400480720632,9.91259267900637
2020-06-06 22:59:58,0.713794864831941,1.13741871085105,268.884532790143,0.823194049503032,1.03775946441293,9.80121867781748
2020-06-06 22:59:49,0.700796748246291,1.14391620039026,264.541743188798,0.818313982420164,1.04200093985245,9.83305300787926
2020-06-06 22:59:41,0.71551679100981,1.13774256375912,265.555867699111,0.931988772809985,1.04358412343971,9.74802053934456
2020-06-06 22:59:33,0.695276756882204,1.13639887374046,263.567771713996,1.11968487313963,1.04492782311181,9.81160618504409
2020-06-06 22:59:24,0.701983199044717,1.13952548744513,264.578220581372,0.83672561497897,1.04434687133418,9.88557653541212
2020-06-06 22:59:16,0.719352740149906,1.13968760511035,267.229012109552,0.88052787087535,1.04414040411223,9.89203689090461
2020-06-06 22:59:07,0.711521258471515,1.13111266410845,265.723511748819,0.859110090517189,1.04368799776165,9.77069325563497
2020-06-06 22:58:59,0.708943183795816,1.13491111301493,267.282677038227,0.604272893613948,1.04285879112314,9.88932466113014
2020-06-06 22:58:50,0.704728769702693,1.13534067086485,267.451735852639,0.955767349557806,1.04010083067241,9.74955519721393
2020-06-06 22:58:42,0.712890568631674,1.13418847260331,265.450677303602,1.12626256653281,1.04306905289684,9.90116218366199
2020-06-06 22:58:33,0.711514340695967,1.1304596092064,265.710008860231,1.18376945773913,1.04374660236605,9.79443187940946
2020-06-06 22:58:25,0.715958579130988,1.14629936243077,267.019266824241,0.70839744123296,1.03799460494085,9.79207894812873
2020-06-06 22:58:16,0.728446144274002,1.13638009079565,268.033085963367,1.00125794250643,1.04533912824295,9.77087402390489
2020-06-06 22:58:08,0.732274022472758,1.13914523700247,268.281521613992,0.942451012300616,1.03995059183765,9.80243168218709
2020-06-06 22:58:00,0.720412972947363,1.13957573522473,268.609828234174,1.04444636598096,1.03887331751175,9.76250205207472
2020-06-06 22:57:51,0.703278121665651,1.13938945955099,265.254136789865,0.910844694989132,1.04558444009382,9.69560051366379
2020-06-06 22:57:43,0.717763963771267,1.1365001097075,262.720411188868,0.870181111438336,1.04299341149308,9.77630471424845
2020-06-06 22:57:34,0.726764051360778,1.14115775154271,269.913932473425,0.92731207263819,1.04267764351028,9.79695055107858
2020-06-06 22:57:26,0.724797522284075,1.14505114622885,269.560817597275,1.06801452944267,1.03920519812787,9.905830979933
2020-06-06 22:57:18,0.728642159407344,1.14017169270565,265.948001764699,0.838820846742296,1.03699364921673,9.85511093996378
2020-06-06 22:57:09,0.704669698649482,1.13717437269702,267.522951667349,0.712000342078023,1.03699339380908,9.79514206861207
2020-06-06 22:57:00,0.708624679162364,1.1419002325713,267.898468945339,0.904165521244367,1.03909558817088,9.69294152443747
2020-06-06 22:56:52,0.727272298721835,1.14151585535431,267.207918273586,0.928856752501094,1.04261037792009,9.84265429698841
2020-06-06 22:56:44,0.726826734137288,1.14272588662991,267.241549314158,0.924787767309549,1.04293891218547,9.78327924717398
2020-06-06 22:56:35,0.725927816187912,1.13688873080526,266.231805493412,0.922277639506393,1.04349080110013,9.72961035357283
2020-06-06 22:56:27,0.71589912388777,1.14042738632564,266.470551573798,0.853393743413685,1.04023303653616,9.83194781489774
2020-06-06 22:56:18,0.713158456285035,1.14721532594425,269.483684616766,0.356248296145554,1.03535429841557,10.0454862524608
2020-06-06 22:56:10,0.712964784507913,1.13979123291519,269.934996106905,0.801472229245426,1.04026868220595,9.7719615868764
2020-06-06 22:56:01,0.715576642221651,1.14369789072136,266.838243360601,0.909529594127811,1.04033731702977,9.7839908687587
2020-06-06 22:55:53,0.71693706657353,1.14325600749581,265.00162615902,0.997665620429797,1.04282670250435,9.82351960385163
2020-06-06 22:55:44,0.718493377247046,1.14489146633538,266.288905209163,0.935097523761469,1.03816613630022,9.77285768106895
2020-06-06 22:55:35,0.720156480270717,1.14039510585361,266.400001325442,0.809294094592479,1.04122953539143,9.75737376074705
2020-06-06 22:55:27,0.697997400289024,1.14676082185221,269.074858411532,0.856527950193902,1.04166724880141,9.94294479173612
2020-06-06 22:55:18,0.704760624655961,1.14220679862676,269.19851451484,0.908858317346108,1.03619395973776,9.79403813992993
2020-06-06 22:55:10,0.729666541421718,1.14880900510291,270.285531175919,0.853351286469893,1.04056394436636,9.8165553824984
2020-06-06 22:55:02,0.714096853770635,1.14596661987881,266.938475115061,1.02862793754216,1.04026231409379,9.7423673800423
2020-06-06 22:54:53,0.733001087021698,1.14582724521219,269.986967025616,0.863158098862082,1.03923648223153,9.85864635933966
2020-06-06 22:54:45,0.722256156626128,1.1502165516615,269.788174972113,1.11159442053106,1.041639202027,9.96301874630965
2020-06-06 22:54:36,0.708122055696469,1.14018251874641,266.917365512186,0.905175664221283,1.04120882749595,9.733921380171
2020-06-06 22:54:28,0.716576084159959,1.14404190692674,271.923886640174,0.573982101617989,1.03550883492101,9.87792994576344
2020-06-06 22:54:19,0.709634478996403,1.15327967316266,269.863016081261,0.835209517486894,1.03960946735462,9.89953237193297
2020-06-06 22:54:11,0.718938635790401,1.14724685994947,264.289877558224,1.00003883247867,1.04351395715031,9.77294446381115
2020-06-06 22:54:03,0.699096129387748,1.14815597729568,267.228048278543,0.766649135663089,1.04164838235276,9.77093464590296
2020-06-06 22:53:54,0.72072323197208,1.14778098997022,268.977673729933,0.798560090528663,1.04084644224969,9.75047319796914
2020-06-06 22:53:45,0.720686771075682,1.14992901723434,269.273336114416,0.966382750648906,1.04224495681707,9.7864203120356
2020-06-06 22:53:37,0.698456968878652,1.14637890842162,267.832403530782,0.78700396583029,1.03803628048931,9.83002853643757
2020-06-06 22:53:28,0.713971819530863,1.14972137453596,266.444980186635,0.857833443925777,1.04090772055707,9.80261999932627
2020-06-06 22:53:20,0.723051786705307,1.14322715393995,266.160461819418,1.02696979428971,1.04221968359094,9.76479868060894
2020-06-06 22:53:11,0.70628152373226,1.14566666997928,265.314988578713,0.651233581601383,1.04097690639459,9.82822349935069
2020-06-06 22:53:03,0.717092403612927,1.14970670366057,269.42546403783,0.89099072273625,1.03856976611359,9.72644946820559
2020-06-06 22:52:54,0.702599540180587,1.15161573643211,266.767194223793,1.00836468162287,1.0406146417813,9.81249076832583
2020-06-06 22:52:46,0.715873374808456,1.14722016378173,268.557110471541,0.827553497736582,1.04282737196715,9.74058320262284
2020-06-06 22:52:37,0.706355211889914,1.14409855971725,269.961100979127,0.674411173781645,1.03545620297296,9.84099540487375
2020-06-06 22:52:28,0.707350170934309,1.14904737139688,268.741024686553,0.887819652795349,1.04046779825434,9.83518449069619
2020-06-06 22:52:20,0.69998490190831,1.1481869006316,268.365524286411,1.12026337593863,1.04031457853201,9.92834671355199
2020-06-06 22:52:12,0.703565231975293,1.14515866443951,265.506403378035,1.01348038289547,1.04190977632722,9.91769760259146
2020-06-06 22:52:03,0.703949348249805,1.14879251350479,267.652929476862,0.933316058457866,1.03930492917259,9.84664742645845
2020-06-06 22:51:55,0.705811051808742,1.14521715750019,264.778509880114,0.965822447248965,1.04206843779896,9.77470677649899
2020-06-06 22:51:46,0.698685802806845,1.15071954699559,268.190509070367,0.620080605251599,1.03607685873796,9.85655710313278
2020-06-06 22:51:38,0.690322925558462,1.1487192095491,268.246024069914,0.906014867844341,1.0385898099613,9.85086443124842
2020-06-06 22:51:30,0.703792366157872,1.14647640931015,270.265785014549,0.618340781990775,1.03889645166323,9.86032997441671
2020-06-06 22:51:21,0.696201535096887,1.14563775477031,265.470647339593,0.442711877299252,1.03780680537933,10.0000245735635
2020-06-06 22:51:13,0.707612049757847,1.14626648069313,268.141119554272,0.687610315421944,1.03819695792317,9.85503225875649
2020-06-06 22:51:04,0.70641830472806,1.14935386851025,268.732708843405,0.873686470151481,1.03905247097368,9.72299316955347
2020-06-06 22:50:56,0.714182161586951,1.14724188879741,269.02957920531,0.712887761397039,1.04048270627578,9.82239457224571
2020-06-06 22:50:47,0.703633102713167,1.14600676833696,266.747174503262,0.777603283272469,1.03907108145051,9.81712075782371
2020-06-06 22:50:39,0.702961572585606,1.14774420535227,268.381413955502,0.750600066263658,1.04142180217181,9.66068994113991
2020-06-06 22:50:30,0.708402943210124,1.14730567958586,269.331781236846,0.744984722307369,1.03522365734297,9.85493197110838
2020-06-06 22:50:21,0.704592383610907,1.15149783456519,268.231432879696,0.831009079326944,1.03832522707597,9.75961108584787
2020-06-06 22:50:13,0.704780409762503,1.14894552810772,268.126815453379,0.85323723935722,1.03405097733874,9.85244562011708
2020-06-06 22:50:04,0.704371804287585,1.15086661155963,266.454520817943,0.647222695400283,1.0377294961757,9.83918300093947
2020-06-06 22:49:56,0.709959827071609,1.14456504968529,264.821613565013,0.76883484644807,1.03768243129963,9.81971843566737
2020-06-06 22:49:47,0.705681488750394,1.14886361865677,266.244581141189,1.12718960010327,1.03906071255504,9.92067690637462
2020-06-06 22:49:38,0.707606572663931,1.14978497833103,270.842570366684,0.772572718899107,1.03603543467988,9.82995731111807
2020-06-06 22:49:30,0.705557935687558,1.15184536917699,268.547564814702,0.798270292955894,1.03698875593603,9.8262310700301
2020-06-06 22:49:21,0.699695082321384,1.14821254555234,265.086715480889,0.670709530426271,1.03798114274599,9.85459594291383
2020-06-06 22:49:13,0.707727551574915,1.14416063554147,265.558308343778,0.838473412976564,1.03855226283007,9.78285162377924
2020-06-06 22:49:04,0.704479246415004,1.14867861832601,267.378173447168,0.949258895907511,1.03508527483332,9.81112861024964
2020-06-06 22:48:55,0.681891617441942,1.15012741625838,260.323092943965,0.852586971195242,1.04328718646205,9.86050915271923
2020-06-06 22:48:47,0.69468564815234,1.14659282920016,263.652284617716,1.1118399650912,1.03854806725254,9.92464409899273
2020-06-06 22:48:38,0.709961340907407,1.15088370860885,268.266717100149,0.754053568582996,1.03954274452079,9.7748810685683
2020-06-06 22:48:30,0.700016372897712,1.14437726211851,265.671987067919,0.91447787853969,1.03431630023151,9.77514388491505
2020-06-06 22:48:21,0.693441763270686,1.14707220488763,265.534439474098,0.815987329967217,1.03914633612854,9.86034324343781
2020-06-06 22:48:13,0.692906617169775,1.14920335102916,268.855507164801,0.53138582513052,1.03662269044097,9.83527138548914
2020-06-06 22:48:04,0.700481135813605,1.15174085103937,267.789443961327,0.888060096030375,1.03727579016946,9.78487381754818
2020-06-06 22:47:56,0.690068428389542,1.1542955081407,270.405819804156,0.668508808270159,1.0356776258795,9.88066969932158
2020-06-06 22:47:47,0.69126234494572,1.14816777213901,264.420899475726,0.728994426352918,1.03681180098036,9.83866745777557
2020-06-06 22:47:39,0.69829510996435,1.14542387591579,263.676659880393,0.720039630958836,1.03639509646968,9.81034144207698
2020-06-06 22:47:30,0.697253961030176,1.1490288984246,265.784542044451,0.9963976918465,1.03690020900906,9.90939366281276
2020-06-06 22:47:22,0.692817070711875,1.14686523703299,270.92819858836,0.73281302009619,1.03370529958481,9.88670412539172
2020-06-06 22:47:13,0.691720265270887,1.14902507682383,266.698840353373,0.716741679742594,1.03574074395729,9.79262170208731
2020-06-06 22:47:05,0.695214199617978,1.15121523606788,266.835631723417,0.899753321788991,1.04203349275223,9.79665937960796
2020-06-06 22:46:56,0.708085798646314,1.14420472339531,263.645823864149,1.13279363197552,1.03946332675796,9.80477701015544
2020-06-06 22:46:48,0.695712855475077,1.1556977996962,271.541383582972,0.932167460023567,1.03018891227428,9.93681450870297
2020-06-06 22:46:39,0.684249025055959,1.15088412048869,264.043369184167,1.03791554040584,1.03621652792566,9.81304120654005
2020-06-06 22:46:31,0.704730978079429,1.14671899917013,266.572669499546,1.23552098324611,1.03724735967147,9.95990519469443
2020-06-06 22:46:22,0.684061505495204,1.15641105999232,266.701804288989,0.71411538555762,1.03226018898523,9.82233041467106
2020-06-06 22:46:14,0.701009007501645,1.15127493247772,267.899908323653,0.734793307721934,1.03409924073142,9.80418226854026
2020-06-06 22:46:05,0.69321001841488,1.14815520243142,265.660758101059,0.821127485074766,1.03489003629622,9.72608064325336
2020-06-06 22:45:57,0.714460188477422,1.15023863475302,272.768596052532,1.11649200569698,1.0351626699376,9.85048230725761
2020-06-06 22:45:48,0.700632353998184,1.1429082274387,262.566661897987,1.79832059774234,1.03975139907936,10.8086422412945
2020-06-06 22:45:39,0.683982574996341,1.14416973469193,261.192751111815,1.27153816594306,1.04011874041496,9.88070568026208
2020-06-06 22:45:30,0.691944556963833,1.14448431188209,267.305358953953,1.12081161719991,1.03868134533794,9.91515591226944
2020-06-06 22:45:22,0.700012629975905,1.14557643222858,269.730547537638,1.09321942977141,1.03560929343523,9.84593019139967
2020-06-06 22:45:14,0.688565660054755,1.15335433334343,269.323508419843,0.817689540879899,1.0362839779042,9.83578349201416
2020-06-06 22:45:05,0.709532642110177,1.15117058184008,269.669498282862,0.890180639399651,1.03812894859455,9.81432790197337
2020-06-06 22:44:57,0.700213173368218,1.15283791184313,268.069098235614,1.16926630536583,1.03656611252685,9.99730548898191
2020-06-06 22:44:48,0.704782558155064,1.15154590714603,265.156123552233,1.22903023404805,1.04274266060054,9.87025423167665
2020-06-06 22:44:40,0.710432912270644,1.15636916380472,267.7843341817,1.26700771438267,1.0422663581133,9.99624372626236
2020-06-06 22:44:31,0.689439286818996,1.1448153519953,269.858911685462,1.08463855596521,1.03460767091167,9.77970667576066
2020-06-06 22:44:23,0.705055136009285,1.14645207878509,265.764050288534,1.27078316338898,1.04388356691042,9.920018519414
2020-06-06 22:44:14,0.70451129125646,1.14970625309636,260.289784116166,0.9868725734683,1.04452049719124,9.79739954235763
2020-06-06 22:44:06,0.700571193786361,1.15192069717435,268.904629046236,1.04299070498135,1.03431539281124,10.0023162530221
2020-06-06 22:43:57,0.710198699149892,1.14768811223258,266.725541855562,1.23251558347905,1.04063774148166,9.89460214424521
2020-06-06 22:43:49,0.691646006951974,1.1500045601744,268.484366074269,0.893468798934432,1.03619538246752,9.78151784725731
2020-06-06 22:43:40,0.687676069427733,1.14997158910049,268.336623230427,0.931260930469821,1.03642058163782,9.87155409731722
2020-06-06 22:43:32,0.691763837595395,1.15533817513932,267.252802217719,0.974220394419892,1.03931359249942,9.79587893725254
2020-06-06 22:43:24,0.699294441463305,1.14892429031231,268.253232035037,1.04297207743511,1.03842950285764,9.92264861908499
2020-06-06 22:43:15,0.699527023800025,1.15204891606684,270.299163820414,0.938955732303364,1.03573807553623,9.88249354139959
2020-06-06 22:43:07,0.69202410104343,1.14968116245692,270.977268100459,1.00145130519078,1.0371836474359,9.87656798762793
2020-06-06 22:42:58,0.697174444002341,1.14347462369451,265.479074174057,1.02930202283381,1.03895985677217,9.86669814728454
2020-06-06 22:42:50,0.708765413413852,1.15066601865898,266.677219907815,1.19595397126066,1.04332925508976,9.77356972519066
2020-06-06 22:42:41,0.70008924884927,1.14955112254021,271.030598459926,0.809355420694754,1.03659242943493,9.75312521070238
2020-06-06 22:42:33,0.707111064039242,1.15445684582019,271.720926398346,0.826165351678773,1.03191552479706,9.81171744330276
2020-06-06 22:42:24,0.710008952326621,1.15188394650335,267.474866019986,1.1257148659129,1.03923535509591,9.93360165544034
2020-06-06 22:42:16,0.686053374927885,1.15087892491446,272.185170422291,0.80451646006489,1.03397629500726,9.85430904931602
2020-06-06 22:42:08,0.702330880261402,1.14842770582931,274.372769234919,0.954942215433057,1.03129546057471,9.81369510596209
2020-06-06 22:41:59,0.69922304510024,1.15254000000491,265.530174926591,0.950314281453687,1.04038081268978,9.78123994927085
2020-06-06 22:41:51,0.684963481425516,1.15057419978664,270.449873523954,1.06504449529511,1.0339180179428,9.83254443800618
2020-06-06 22:41:42,0.697381186190352,1.15246587355263,270.374683424375,0.990297688831622,1.03646935651187,9.86283380514298
2020-06-06 22:41:34,0.698865551872955,1.15390363414846,270.62728194292,0.974963356842224,1.03592491076621,9.90180523232106
2020-06-06 22:41:26,0.725647725142113,1.14557962347032,270.130440482123,0.866818968196852,1.03583390400727,9.85655925237906
2020-06-06 22:41:17,0.685791380987673,1.15407620814886,268.206500764338,0.761210113858355,1.03691374838636,9.92344369583053
2020-06-06 22:41:08,0.697836227208974,1.15268573948825,270.0237196102,1.06170916057591,1.03590471925787,9.83240341127196
2020-06-06 22:41:00,0.701904579190178,1.16442561180787,271.961899123154,0.940169299342356,1.03386428492935,9.87902860903179
2020-06-06 22:40:51,0.697560956778513,1.14952582145394,272.210214841664,0.73318686738756,1.03588652506848,9.87204272151909
2020-06-06 22:40:43,0.689207787973975,1.15589170131292,272.446499794286,0.867748297322076,1.03396961947925,9.86308540647535
2020-06-06 22:40:34,0.691718094934886,1.14919569115693,273.139443522438,0.632871166286851,1.03302723248832,9.84821613465678
2020-06-06 22:40:26,0.689515272080091,1.14331123848138,263.141278876759,1.07052822663436,1.0405195990313,9.97263302865611
2020-06-06 22:40:17,0.708642496285106,1.15473292665868,273.852454156422,0.685871504437,1.03295651955704,9.79493762230088
2020-06-06 22:40:09,0.709992734992825,1.14806976961212,273.645388378216,0.757257569083242,1.03724606379665,9.83184007111653
2020-06-06 22:40:00,0.691481099214063,1.15898614599096,268.500286819565,0.646971404102828,1.03892791235184,9.8705466491469
2020-06-06 22:39:52,0.697766449104713,1.15424766088519,275.565654163137,0.549621152757688,1.03347248089442,9.93403092446002
2020-06-06 22:39:43,0.689852677704789,1.14922391601369,268.90030144216,0.827783043186486,1.03646527427512,9.8278226218781
2020-06-06 22:39:35,0.703212347829313,1.15630549022041,271.860951734088,0.968161797152057,1.0341255532864,9.81700560489756
2020-06-06 22:39:26,0.706576235523407,1.14918515743746,271.089533450956,0.786375185374335,1.03387526069918,9.85277930782895
2020-06-06 22:39:18,0.692020533682129,1.15476531793608,274.802527651313,0.660814071624714,1.03031915346305,9.81178060443195
2020-06-06 22:39:09,0.685708804082329,1.15042729255172,273.923411529552,0.585435536368269,1.03003652448792,9.87629202444143
2020-06-06 22:39:01,0.690324638585268,1.15909206408979,271.249133720242,0.88965849529057,1.03052664411141,9.84320384756939
2020-06-06 22:38:52,0.687017608711901,1.14893524785057,269.468356145421,0.988603719618607,1.03812404209055,9.79742899626718
2020-06-06 22:38:44,0.679270001542354,1.1495689145909,274.014640885022,0.956939437067789,1.03175653619599,10.0114448820744
2020-06-06 22:38:35,0.6910476379865,1.14602874497017,271.705105926916,0.449479604361037,1.03261333859382,9.96313365306118
2020-06-06 22:38:27,0.695389622492872,1.14712564599627,269.784608339294,0.838624278635217,1.03677740313457,9.79245410520297
2020-06-06 22:38:18,0.687411127513403,1.14589064600193,271.388146852149,0.88233025143368,1.03712194432337,9.84147813490264
2020-06-06 22:38:10,0.68784811903411,1.16023543816936,276.590919109156,1.0490363170719,1.03665303790735,9.83867082800643
2020-06-06 22:38:02,0.705279742145162,1.15515141188315,272.498155417876,0.457442535172285,1.03677607902642,9.96272666080164
2020-06-06 22:37:53,0.711241753293386,1.14706718917894,270.103953738879,1.07514965982067,1.03556685459736,9.84942758184541
2020-06-06 22:37:45,0.688001859591763,1.15128757728741,276.319356403666,0.257965226130903,1.02929717815304,10.1599828571227
2020-06-06 22:37:37,0.690285214704597,1.15148519917959,274.696949086277,0.555478931800683,1.03308580015033,9.9496475135039
2020-06-06 22:37:28,0.686853113476357,1.14849319484506,268.629787989622,0.640631339741855,1.03309030482446,9.76868274250597
2020-06-06 22:37:20,0.694293415381363,1.1593940853324,275.596269700742,1.12448713717723,1.03439220837073,9.91779201059334
2020-06-06 22:37:11,0.689485004038673,1.15063919204899,275.175509811119,0.892696003463617,1.03300589696481,9.79663611595199
2020-06-06 22:37:03,0.697996843711057,1.15122629664446,271.587700167734,0.716596047360941,1.0336794705875,9.76824142060509
2020-06-06 22:36:54,0.689506384325343,1.16174868353542,270.320442518674,0.875137675008473,1.03347420398112,9.77670839981282
2020-06-06 22:36:45,0.678810132542114,1.15721507888832,271.177500151935,0.52922875474204,1.03285315583814,9.89945910237724
2020-06-06 22:36:37,0.696731741832533,1.15745399930792,273.025902131377,0.833022231722507,1.03769201477793,9.91615232473074
2020-06-06 22:36:29,0.691087324888754,1.15303179754657,267.262825921305,0.412500014394388,1.03490094464773,10.0446810595619
2020-06-06 22:36:20,0.680301438348148,1.15810069934246,269.066206981802,0.985881879293669,1.03921476794243,9.78746424288759
2020-06-06 22:36:12,0.712254093205144,1.161799740039,276.55106079097,0.777509935731881,1.03148791043661,9.92244191922096
2020-06-06 22:36:03,0.680943558372743,1.15469575851834,272.68256853902,0.837056888649947,1.03771707651871,9.77444537185128
2020-06-06 22:35:54,0.68748663210246,1.15018572569176,269.828690773548,0.942127927344084,1.0309880491316,9.90559950405205
2020-06-06 22:35:46,0.687621693418262,1.15668642184571,275.883638651518,1.29120844195377,1.03923909522176,10.0935846817302
2020-06-06 22:35:37,0.699484303216773,1.15799320624321,272.348985878202,0.80817837357513,1.03154240565088,9.78660532626523
2020-06-06 22:35:28,0.689950156219011,1.15771527376399,277.24853313031,0.555143521252809,1.0258427673356,9.92458448513469
2020-06-06 22:35:20,0.674671083355939,1.15646024644325,275.721830746229,0.873524952399546,1.02702932010163,9.89873415523727
2020-06-06 22:35:11,0.685215868826798,1.15516584081775,276.002631271975,0.549965465382518,1.03370744612545,9.86729843526409
2020-06-06 22:35:02,0.702462193129116,1.14801871399197,282.329973767932,0.603148176806132,1.0268916883305,9.89837471000652
2020-06-06 22:34:54,0.687909046262306,1.16070383815439,273.365800593655,0.694198157117812,1.03285474161806,9.76970751325082
2020-06-06 22:34:45,0.705267575146478,1.15869079429361,272.241352018337,1.39205896374105,1.03492389826184,10.2933242507203
2020-06-06 22:34:37,0.711069697923092,1.17357760451317,265.902478289932,0.301836946731211,1.03489978827148,10.0889492678767
2020-06-06 22:34:28,0.70653073631774,1.16544916423267,274.844978423763,1.03818228259361,1.03023389711303,9.94321774070816
2020-06-06 22:34:20,0.72397740486431,1.14413909945587,274.336508311814,1.31268867610606,1.03734659092302,10.0587699339558
2020-06-06 22:34:11,0.697049890983517,1.1571703688183,282.781808683172,0.539786731563109,1.02827915769674,9.90113291103544
2020-06-06 22:34:03,0.672990615934762,1.15390171517428,270.015061353776,0.957503203722862,1.03152955768156,9.84918717411717
2020-06-06 22:33:54,0.698500709398481,1.16729712812286,278.726878988402,0.710468472142887,1.02959371101661,9.88443755327888
2020-06-06 22:33:46,0.701681620588533,1.15575870948132,276.179868006955,0.882276874984221,1.03231831072789,9.80395905405385
2020-06-06 22:33:37,0.69366265712096,1.15932681020838,282.994524861565,0.242110273353376,1.02514332953763,10.1165012791945
2020-06-06 22:33:29,0.705703350904137,1.16009350002679,281.12578391218,0.354603290752313,1.03213153922911,10.030321312416
2020-06-06 22:33:20,0.693979833067618,1.1512725281113,273.232162047476,0.466952162427481,1.02446525542875,9.97421546717589
2020-06-06 22:33:12,0.685267189082524,1.15482283569624,275.291592064239,0.729274083766279,1.02845033382894,9.87543863003983
2020-06-06 22:33:03,0.684048226218707,1.15815763726494,278.647869770509,0.84873374108211,1.02831896975659,9.92231840358327
2020-06-06 22:32:55,0.690769306489754,1.15707952624389,268.236235197062,0.991193099471384,1.03801247592502,9.81832766487435
2020-06-06 22:32:46,0.69812550483844,1.15334908573226,278.180632941422,0.618580356540554,1.02938655200196,9.84238832904109
2020-06-06 22:32:38,0.685424777767687,1.15601103715187,277.858174613768,0.848159114239534,1.02653843621282,9.82989877768017
2020-06-06 22:32:30,0.679810679316733,1.16297366609341,273.571902638196,1.08751344568538,1.03237825273466,9.93046909717358
2020-06-06 22:32:21,0.724382288649973,1.15627515387561,276.523655688008,0.276044613559213,1.03119333971457,10.1667835251301
2020-06-06 22:32:13,0.713516459789456,1.14640219696303,274.625931201137,1.52896352752089,1.03220831678651,10.628276062347
2020-06-06 22:32:04,0.683126777783237,1.16236021688636,276.209153699023,0.694955377194396,1.02971882136514,9.78735515081578
2020-06-06 22:31:56,0.705101654240286,1.15299753374989,274.828863003392,0.726521279566002,1.03334096913335,9.83748177379445
2020-06-06 22:31:47,0.705226895319542,1.16096901047046,272.165185167216,0.574372531993007,1.03213501582461,9.86939747532375
2020-06-06 22:31:39,0.702186309145581,1.15868513201812,274.273462570509,0.908562912049602,1.0317114741999,9.83159173329889
2020-06-06 22:31:30,0.705549130785076,1.15377995994658,278.957571943822,0.664489421641559,1.02858910150966,9.86628103174904
2020-06-06 22:31:22,0.688816502956966,1.16358689931695,279.31114458181,1.12925157409407,1.02610405144045,10.0110717469881
2020-06-06 22:31:13,0.71511512025961,1.15224669356353,275.775044140254,0.577531224087177,1.02816946003439,9.87878570674684
2020-06-06 22:31:05,0.69191330444088,1.16052208280221,279.239273808838,0.419933588982984,1.02515016339923,10.0202971771731
2020-06-06 22:30:57,0.705111165946264,1.15643603945818,277.166781705941,0.867675885502242,1.02925655003879,9.81133173624281
2020-06-06 22:30:48,0.702064078401481,1.15642412915924,280.995699474305,0.268854752675299,1.02643636237804,10.1087342260142
2020-06-06 22:30:39,0.712370863667136,1.15916217856365,279.44115907711,1.02612095474568,1.02838139890817,9.91623931665787
2020-06-06 22:30:31,0.723160961851074,1.16589081190236,277.656278670617,1.1162575708187,1.02870452984531,10.0132519158988
2020-06-06 22:30:23,0.704134961633256,1.15768415558965,275.571948388057,0.553859901625285,1.03064567063385,9.87803374666743
2020-06-06 22:30:14,0.710136456324418,1.16293058793902,272.492404871546,0.763149415049902,1.03137221892883,9.88640579281987
2020-06-06 22:30:05,0.718428408389284,1.16232268863272,283.71582705843,0.35915863974166,1.02660605359876,10.0072769351335
2020-06-06 22:29:57,0.717220840247249,1.17011750057497,276.417914705362,0.0789040457493684,1.02367834353785,10.3145157004413
2020-06-06 22:29:48,0.716788833590883,1.16006375697274,279.80296526937,0.715436443130823,1.02770951536455,9.87532175754069
2020-06-06 22:29:39,0.718722850394225,1.15970369958999,276.570621689904,0.757379913706804,1.02620288112588,9.85039680202665
2020-06-06 22:29:31,0.712197458199125,1.15562000954942,276.45563039027,0.659370003802348,1.02782712853575,9.89461861782894
2020-06-06 22:29:22,0.719136751871322,1.16620873356762,274.195894244744,1.35413293645674,1.02098402287586,10.6774109733569
2020-06-06 22:29:14,0.712081709245587,1.16306992628561,295.049708694248,0.469259529599734,1.01522982316908,9.91700033141502
2020-06-06 22:29:05,0.71684460998685,1.15674155264081,282.11506150058,1.34838361726602,1.03106918432975,10.357162096509
2020-06-06 22:28:56,0.699502219170616,1.16487649270602,273.366231976083,1.2023469905429,1.02728939513754,10.0689071327528
2020-06-06 22:28:47,0.71634510370834,1.16151255655393,280.955013289033,0.863865549034551,1.02793157363177,9.84399440102472
2020-06-06 22:28:37,0.710666630691071,1.16057688084914,279.47923525737,0.69850782505689,1.02467866057631,9.83735625794478
2020-06-06 22:28:29,0.729818736382378,1.16670041455163,280.475113619377,1.32774945536617,1.03387140044066,10.3691701315437
2020-06-06 22:28:20,0.712324785882326,1.17109123744397,285.733556532777,0.186869180680769,1.02712247286269,10.1962217247726
2020-06-06 22:28:12,0.716665550412478,1.16838504587398,276.861497903219,0.670455380166804,1.02404878431628,9.84929601009999
2020-06-06 22:28:04,0.706157912400422,1.16756096891623,287.893266217551,0.001,1.0225399529732,10.4313492245114
2020-06-06 22:27:55,0.715455450747796,1.16927641822979,279.824743354363,0.445148402106537,1.02742112610843,9.9680254979173
2020-06-06 22:27:47,0.701192667828496,1.16900865219096,275.246872438495,0.783408589780519,1.03037624791065,9.94213195851735
2020-06-06 22:27:38,0.717316082402564,1.18397555369211,274.774769127011,1.06104240576402,1.03043158152191,10.0229724127368
2020-06-06 22:27:30,0.736749047059597,1.18009975700419,284.57460535145,1.17196796201409,1.02403912950912,10.2218784115876
2020-06-06 22:27:21,0.720092360261361,1.16412062969717,281.84165964447,0.898287856749259,1.02937302332344,9.81720811961772
2020-06-06 22:27:13,0.725238992002475,1.16264728849624,277.106757379612,0.143069265314241,1.02954187223038,10.2312992473181
2020-06-06 22:27:05,0.725646739298355,1.16261726789672,287.396109838199,0.098128506966605,1.02046235466386,10.3031531467083
2020-06-06 22:26:56,0.735975509310745,1.16397648203653,281.400740702177,0.527067504894271,1.02226242725512,9.97907596949907
2020-06-06 22:26:47,0.723539501080132,1.17685492974435,285.72254397053,0.598543331326901,1.0249184578986,9.84383218420996
2020-06-06 22:26:39,0.733727746559331,1.16931923382594,289.776899160384,0.001,1.0286127898871,10.4314368718743
2020-06-06 22:26:31,0.711026773274945,1.18021301649084,275.324894556866,0.411883753620163,1.03233130397588,9.91824672205697
2020-06-06 22:26:22,0.720503966467351,1.1688362182407,274.472905602961,0.389793607245969,1.03111619187488,9.98878110662926
2020-06-06 22:26:14,0.698214002428689,1.16655280095247,275.160468523366,0.4308466919963,1.02554527435346,10.0232860330235
2020-06-06 22:26:05,0.728080887907886,1.17720464945401,280.29077347123,0.430735525596605,1.02994244315256,9.93249882797166
2020-06-06 22:25:57,0.722307090197287,1.16751035654321,277.465242238147,0.68060033710745,1.0358239314739,9.8734669271183
2020-06-06 22:25:48,0.717718266909525,1.16757598342828,277.071485749697,0.709550152965782,1.02588494788571,9.82585559865541
2020-06-06 22:25:40,0.730605000622312,1.17712275419256,278.87468309771,1.35327679758525,1.02375825509081,10.5676347184335
2020-06-06 22:25:31,0.724932911933778,1.16312076196203,280.136081713528,1.2034611299043,1.031058968881,10.1038406891369
2020-06-06 22:25:22,0.724772198857069,1.16859008831128,277.827990876342,0.505990494218309,1.02425508706529,9.86801054238683
2020-06-06 22:25:14,0.699968215980504,1.17725285466277,276.031127215344,1.61080407395265,1.03208476503062,11.2069232297431
2020-06-06 22:25:05,0.724114080185815,1.1744027466872,283.548085836901,1.3769535416759,1.01948310523089,10.9034897784048
2020-06-06 22:24:56,0.750373104086461,1.17144670309577,274.054025325327,1.32600645824739,1.03412589739756,10.3129196606429
2020-06-06 22:24:48,0.71166803263602,1.1746949130655,278.405339427943,0.338356634185516,1.03300364937196,10.0267097049955
2020-06-06 22:24:39,0.745822753410147,1.17224193772926,283.801335907644,1.63025359884785,1.03332916427048,10.8533308596168
2020-06-06 22:24:31,0.731042406273054,1.1775369483145,275.929390747644,0.686632431603508,1.0310879380202,9.77730441242278
2020-06-06 22:24:22,0.723740565606963,1.17088569817512,281.542231896341,0.70061504727408,1.02563490490667,9.77865321976866
2020-06-06 22:24:14,0.719576911920149,1.16209872176714,275.66733256736,0.635107794899662,1.03939389238896,9.80296895697855
2020-06-06 22:24:05,0.726725743074035,1.16992988178903,267.074433695392,0.963347846979834,1.03889654363874,9.80997728165892
2020-06-06 22:23:57,0.717322617531624,1.17432654061495,271.913563633062,0.599814173933695,1.03220769214064,9.92840088057894
2020-06-06 22:23:48,0.716359861747611,1.17831466314314,274.962065485574,0.0603885494123266,1.02728034798847,10.3486927656906
2020-06-06 22:23:39,0.683077530857027,1.16855384768871,271.109744549498,1.92764546060523,1.03746163413599,11.4327610275016
2020-06-06 22:23:31,0.71160192888057,1.17457692328658,276.181883014385,0.889556222995651,1.02449195123382,9.92504428600612
2020-06-06 22:23:23,0.680004499520508,1.16134978065798,277.558901416544,0.001,1.02753929265503,10.4315941302546
2020-06-06 22:23:14,0.717311927616984,1.17347884246914,271.110095287087,1.00494978883167,1.03419541834943,9.83199103527012
2020-06-06 22:23:05,0.700397658785799,1.15874136398615,264.203664778501,1.13914336237929,1.03797059616713,9.9911349059387
2020-06-06 22:22:57,0.735900442758039,1.16659460203888,271.477183093412,0.0785363671607079,1.03931305654064,10.331731598178
2020-06-06 22:22:48,0.724726047097686,1.15539019425054,279.574337473617,0.001,1.02890758858795,10.4315765533234
2020-06-06 22:22:40,0.714025764976784,1.15946844867621,279.584008759836,0.001,1.02487796768499,10.4315958951425
2020-06-06 22:22:32,0.707157512524698,1.1681451160311,273.542242893442,0.995218722713928,1.03760542331596,9.86279614708467
2020-06-06 22:22:23,0.753150955911678,1.1565811089468,275.925383341834,1.16122829711216,1.04207453806657,9.89999510428264
2020-06-06 22:22:15,0.688796687532512,1.17082997021249,280.422213322658,1.60949537262091,1.02193781397883,10.9639281021601
2020-06-06 22:22:06,0.729539571066845,1.17896173935163,275.180509689265,0.509794341143007,1.0420716999773,9.91037651845491
2020-06-06 22:21:57,0.705151065380933,1.15742642975711,279.286748590248,0.655650335667488,1.02723507489657,9.8797807628413
2020-06-06 22:21:49,0.724266128354668,1.17024956241562,270.220433147382,1.31888124809003,1.03002179596369,10.1555777949918
2020-06-06 22:21:40,0.703153709535992,1.16475602256758,270.891305710509,1.17819552078782,1.02241515876899,10.2172948598917
2020-06-06 22:21:32,0.723611052463645,1.15707884062352,264.394856179152,0.0885170764329276,1.02652847970176,10.3303610226625
2020-06-06 22:21:24,0.694383204352498,1.15435484578486,265.633163884138,1.47095421912623,1.03777542914147,10.2703276404806
2020-06-06 22:21:15,0.739866680079244,1.15745205646306,289.026471690283,1.5642029630548,1.03008549380503,11.1075943683522
2020-06-06 22:21:07,0.713299540597417,1.16411234612276,277.441632722642,0.407760204653912,1.03779975208279,9.98766986070102
2020-06-06 22:20:58,0.765659086955929,1.14936159233026,284.196651948535,1.63802431250863,1.03826093847539,10.7564824096415
2020-06-06 22:20:50,0.753778946126048,1.15070017374271,281.969735889499,0.842015213710914,1.03058055556947,9.85085652284905
2020-06-06 22:20:42,0.720742126925953,1.16177148250693,275.263890601207,1.01746378610862,1.03455599740807,9.83292875551856
2020-06-06 22:20:33,0.715075578467815,1.16919668946585,287.026114206586,0.689247038715307,1.0210537456377,9.83757712273511
2020-06-06 22:20:25,0.749140445827128,1.14812250896626,279.633945103747,1.3256054881524,1.0268313249554,10.3897568247809
2020-06-06 22:20:16,0.75744855503919,1.16239935992302,295.682851243381,1.52479230463202,1.03161301844886,10.8589943052829
2020-06-06 22:20:08,0.719057827577885,1.15541312676551,293.271820268446,0.001,1.02858552093221,10.43163486495
2020-06-06 22:20:00,0.758548096327636,1.16008129821069,279.138752509511,1.46318281605033,1.03533443808162,10.6748061171697
2020-06-06 22:19:51,0.757867878807952,1.15685590260573,290.865489319556,0.633726622886894,1.03090658660163,9.84548562219123
2020-06-06 22:19:43,0.749096613396431,1.13810403793783,286.66789722499,1.83917712221093,1.03940971928088,11.0126056379025
2020-06-06 22:19:34,0.772799337675548,1.15094548385798,299.310694343931,0.812343049994552,1.01958244110144,10.0337380076768
2020-06-06 22:19:26,0.761939448189567,1.15402775642729,288.152200473405,1.31231519155964,1.01894895919706,10.5665741331843
2020-06-06 22:19:18,0.702053272950826,1.14540443912997,283.95799935589,0.748875133737686,1.03721545037421,9.92523308033999
2020-06-06 22:19:09,0.768180274485425,1.15413244943864,289.827301041011,1.1674279857281,1.02899125878167,10.1152193368903
2020-06-06 22:19:01,0.727479032468732,1.15279872198766,273.713182090324,0.719844779768743,1.02901376055123,9.85472017203185
2020-06-06 22:18:53,0.781945741614697,1.15970511125959,300,0.001,1.01759298465743,10.4315814035026
2020-06-06 22:18:44,0.730282597471226,1.16413912761859,283.695351043475,0.0516037370692236,1.02686396648539,10.3622858598604
2020-06-06 22:18:35,0.764589942069042,1.15990480641362,293.942531902735,0.001,1.02700159418428,10.4313511406132
2020-06-06 22:18:27,0.737071052685443,1.16960489147335,295.159743118995,0.001,1.02116344419098,10.4312539007633
2020-06-06 22:18:18,0.803926077374673,1.14233206817864,281.334990066846,1.05165660436727,1.02985101445619,9.98158646986377
2020-06-06 22:18:10,0.723460538081816,1.15479594904441,283.293004441581,0.50186607817177,1.02607104040174,9.89270870613657
2020-06-06 22:18:01,0.732376205937016,1.16383677322263,289.973684206654,0.107924896136728,1.02078147811255,10.2717495866757
2020-06-06 22:17:53,0.714226888173402,1.14294410825355,284.579976782546,2.05634918461797,1.02751223975389,12.7210889878065
2020-06-06 22:17:44,0.767725959337437,1.17154322033023,286.153037282268,1.97183301984911,1.02798605136712,12.3895349780903
2020-06-06 22:17:36,0.792500818983065,1.15938515845271,290.886691370082,0.79823500258957,1.033612813563,9.82833217483218
2020-06-06 22:17:27,0.777784473681904,1.17542211184948,280.346555463883,1.60110500438592,1.02859535433931,11.2863187029118
2020-06-06 22:17:19,0.703584064969591,1.17403912006819,283.932536161624,0.354389344015794,1.02879916311518,10.039895723601
2020-06-06 22:17:10,0.758706213340984,1.15147553515739,289.230971897225,0.392107591098711,1.02813513159301,9.98459830038536
2020-06-06 22:17:02,0.734758485343984,1.16695638065064,292.781425436533,1.88782842735317,1.01358907333997,13.5640644661588
2020-06-06 22:16:53,0.727016080805725,1.15822535476081,285.520441514929,2.33423799751207,1.03524967551627,14.0922824242437
2020-06-06 22:16:45,0.76960915711034,1.15958954050775,282.531429841204,0.001,1.02811256048721,10.4314293871856
2020-06-06 22:16:36,0.798356420189578,1.1648863080206,300,1.5939315198098,1.01959719959478,11.6965953601495
2020-06-06 22:16:28,0.695950997541655,1.17178928150855,289.781291628927,1.12203931401421,1.01908715451275,10.2146851330831
2020-06-06 22:16:19,0.718623088909823,1.16701878021382,287.687542878594,0.001,1.03213199765109,10.4315720990563
2020-06-06 22:16:11,0.705036923031567,1.18601941341943,300,0.001,1.02133705132496,10.4310962698884
2020-06-06 22:16:02,0.757241324145758,1.158668468685,298.241961229849,0.001,1.02585656627592,10.4312566537764
2020-06-06 22:15:54,0.769162660414145,1.17809305111366,287.397937220542,1.32201081061348,1.03529634516647,10.23453226241
2020-06-06 22:15:46,0.775280152439294,1.14641254089285,283.494043817388,0.572837753445343,1.03199218011259,9.92098326830254
2020-06-06 22:15:37,0.77022410139858,1.17483197465454,295.383903812923,0.001,1.00607832697657,10.4311760093526
2020-06-06 22:15:28,0.770919267181365,1.16955339535449,300,0.99645777317799,1.02831515507541,10.0326741388252
2020-06-06 22:15:19,0.737237355141981,1.16131112754318,298.574233013064,0.001,1.02602342638179,10.4314240421714
2020-06-06 22:15:11,0.726034408589017,1.18902947139115,300,0.001,1.02255805363405,10.4314234310262
2020-06-06 22:15:02,0.734694704296746,1.17897343928067,295.918054302747,0.0887329383881187,1.02403116952167,10.2961751077169
2020-06-06 22:14:54,0.727567970883818,1.17384603015849,294.264967838727,0.001,1.02534010863987,10.4313780083458
2020-06-06 22:14:45,0.766313391260593,1.17431491978314,287.521874371808,0.673361918264947,1.03141747147797,9.89105444897834
2020-06-06 22:14:37,0.694185576504549,1.17505192316341,284.008271341892,1.64590762315231,1.03028348099017,11.3839636225899
2020-06-06 22:14:28,0.727899752907635,1.16003303659123,292.836600557366,0.110269019925452,1.02103372926204,10.2931020471249
2020-06-06 22:14:20,0.734650003058116,1.1518515919093,286.725331620165,0.001,1.03143324800453,10.4315544300961
2020-06-06 22:14:11,0.772219583594407,1.15012269940582,294.696548104242,0.122843613156964,1.03919507962491,10.2679596806174
2020-06-06 22:14:03,0.748647444325312,1.17697157393506,297.383370988831,0.240448208919336,1.0241315884581,10.0123817653905
2020-06-06 22:13:55,0.759989794719928,1.17118827959505,300,0.001,1.04437978950129,10.431601755605
2020-06-06 22:13:46,0.740591877510784,1.16470475656735,298.05510076226,0.214948391068668,1.034465532385,10.1321724550784
2020-06-06 22:13:37,0.709647041022085,1.16603521242695,290.116295498066,0.253516667576637,1.02551859124362,10.1248317833132
2020-06-06 22:13:29,0.719820389155269,1.17759195222495,290.981402352402,0.001,1.02881579902732,10.4315178049235
2020-06-06 22:13:20,0.762811377096753,1.1794265073239,296.683093922335,1.22084653119925,1.02991526605438,10.427599310065
2020-06-06 22:13:12,0.720944904008731,1.1754794856932,283.235794956926,2.34134899110393,1.04281811092888,13.2643494142164
2020-06-06 22:13:03,0.715835754604183,1.1833430024838,295.51184437021,0.0498255339873746,1.03846458333057,10.3647721453757
2020-06-06 22:12:55,0.75726723601595,1.17484070325708,295.110642484094,1.39339339538087,1.04562542318808,10.4072153412073
2020-06-06 22:12:46,0.736714750848816,1.17082324210464,292.477514724271,1.54342679988435,1.03472285363307,11.1195194682325
2020-06-06 22:12:38,0.771723416340849,1.16495231421122,296.998609701327,0.792927791537566,1.03171008228009,9.81103486829786
2020-06-06 22:12:29,0.708571095607604,1.1812345205784,294.438943450047,0.785138200228269,1.03679323773527,9.97287166380868
2020-06-06 22:12:21,0.697888307390475,1.15921020099492,276.683541113851,0.103593078772745,1.03588540961134,10.3020702148112
2020-06-06 22:12:12,0.69018403640747,1.17706654253091,284.563874174096,0.001,1.03898911117081,10.4315037290492
2020-06-06 22:12:04,0.706570403335287,1.1796248027366,275.668914696195,1.41322904305159,1.03707552081583,10.5136571771712
2020-06-06 22:11:56,0.72422802679829,1.16815433984931,274.206500899998,1.52462196370999,1.03699994537707,10.5698813647469
2020-06-06 22:11:47,0.751306799206544,1.17717979461547,294.643140689497,0.469898015220873,1.03722537426562,9.96150885439804
2020-06-06 22:11:39,0.651130176979573,1.17017750191436,273.644891217132,0.001,1.03911642099326,10.4316135831123
2020-06-06 22:11:31,0.715723295925947,1.18086869193081,277.537929293859,3.4151198397786,1.04761416594804,18.5079877572178
2020-06-06 22:11:22,0.730202729414004,1.18766789591184,267.07581656617,0.001,1.04742224784053,10.4315964560738
2020-06-06 22:11:14,0.650180069400502,1.16817015625371,275.130644870096,3.92720834850391,1.04097235477886,24.1863332277718
2020-06-06 22:11:06,0.687597191891706,1.17209672587717,282.196900974445,1.37759549923157,1.03109776793688,10.4252210538943
2020-06-06 22:10:57,0.720651223503035,1.18685445969503,280.858420881858,1.05906732759432,1.04215108412345,9.97339405568346
2020-06-06 22:10:48,0.71226577346439,1.17275971588778,262.057992766195,1.96014802472922,1.04000574064748,11.4687147377784
2020-06-06 22:10:40,0.70487569660481,1.16044165986159,262.759089255976,0.397223236456947,1.0504289019202,10.0764509184868
2020-06-06 22:10:31,0.666608040102066,1.17432981855108,272.996374118844,2.23202343541681,1.03193521530395,12.860695057229
2020-06-06 22:10:23,0.73359388908053,1.19661598469169,284.390898304933,0.001,1.03184508988968,10.4313281037461
2020-06-06 22:10:14,0.718282309798292,1.1824379013415,276.943911088458,1.07324396725375,1.04563112867917,9.91040522777626
2020-06-06 22:10:06,0.727935980963683,1.15605500436124,273.802896616823,1.30962269581757,1.05077901909899,10.0345845549627
2020-06-06 22:09:57,0.717651692170563,1.18227605220576,273.415507985321,0.159799931205497,1.04588066321736,10.2269229856588
2020-06-06 22:09:49,0.745009615350481,1.19325171918358,286.99227924239,1.36596911834696,1.02981361391257,10.5637051781608
2020-06-06 22:09:40,0.756304280152924,1.17961578406369,290.384891377055,0.001,1.04538944051081,10.431625122848
2020-06-06 22:09:32,0.739280004613439,1.17254931906775,258.573250068731,0.391045971440078,1.03608904138329,10.0186368896015
2020-06-06 22:09:23,0.755437147521529,1.16446737080961,279.562033306852,0.001,1.04236604309813,10.4315200701328
2020-06-06 22:09:15,0.736454330744207,1.17313086503114,280.769791649681,0.235949031117075,1.04536195981173,10.1597594238458
2020-06-06 22:09:06,0.623983414351162,1.2,280.367566424081,1.65142876507976,1.03441291357971,11.1624561062577
2020-06-06 22:08:58,0.695652290259549,1.17234457236294,276.592605472811,2.33054730010315,1.02283469592903,14.9332723813048
2020-06-06 22:08:49,0.723005952893648,1.17969956654772,276.233481772593,1.16572822764165,1.04378211826035,9.90950924962375
2020-06-06 22:08:41,0.70945803219911,1.16878259993359,268.133550736863,0.001,1.02815256995627,10.4315302525831
2020-06-06 22:08:33,0.6678712930837,1.15590065739761,265.269310848748,0.937768101595208,1.01707103833417,9.96788585713811
2020-06-06 22:08:24,0.694441140768212,1.16700184972372,278.551064123191,0.522078331691693,1.03997732916802,9.90727521718123
2020-06-06 22:08:16,0.750000649203637,1.2,287.06959823768,0.85198605034531,1.03009859230438,9.93010886433912
2020-06-06 22:08:07,0.739134852029261,1.17830828543437,256.884162234473,1.50906884075744,1.02659535160938,10.5136825596022
2020-06-06 22:07:59,0.763836471897661,1.18272161961038,271.648694037678,1.17189849572383,1.0362235763699,9.97105871027249
2020-06-06 22:07:50,0.695773164201007,1.16608980148582,258.137449915503,0.0309525820480005,1.04705948636377,10.3969137086423
2020-06-06 22:07:42,0.731527072582165,1.16411978120628,288.304105177063,0.001,1.03527804528008,10.4315099412554
2020-06-06 22:07:34,0.756714825729201,1.15943744373772,280.281213300283,0.001,1.03993384277039,10.4316410316783
2020-06-06 22:07:25,0.697486955231885,1.18688658292929,279.603353270824,0.465502714853239,1.03325843616785,9.95721437160671
2020-06-06 22:07:16,0.731343405465732,1.17829194025121,259.943028200319,0.001,1.04365863665937,10.431863226542
2020-06-06 22:07:08,0.717552212603346,1.15845033191005,282.235364109806,0.001,1.0278055866942,10.4316148989313
2020-06-06 22:06:59,0.750255830265814,1.15740778128673,276.4947731865,2.45109635113247,1.03747730033802,13.3321248703041
2020-06-06 22:06:51,0.690588618788961,1.16944907078362,276.913419393075,0.001,1.03407317941339,10.4314472773062
2020-06-06 22:06:41,0.669540132605007,1.15536372129532,279.89354412295,0.001,1.0447493655083,10.4316378071937
2020-06-06 22:06:32,0.740373004737246,1.17764508259043,269.030719049092,0.209050033468434,1.03325153045494,10.1766674141126
2020-06-06 22:06:24,0.782907763601435,1.18417998596713,296.825750662636,0.001,1.03949425145779,10.4315771801927
2020-06-06 22:06:15,0.739142010922331,1.18089679534635,288.230845402076,1.84320051432006,1.04535327700654,11.329612878165
2020-06-06 22:06:07,0.752929782531251,1.17017176661152,295.044816308047,0.001,1.05190102498047,10.4316510973042
2020-06-06 22:05:59,0.745865979392618,1.15650189864775,285.707231994982,2.93287913017005,1.02192369724783,18.55848034902
2020-06-06 22:05:50,0.712938781950462,1.16172752555196,287.579695014533,0.001,1.03463443906643,10.4315449136099
2020-06-06 22:05:42,0.732966810522998,1.17090347405177,272.413431359881,0.520014258840583,1.03027627431477,9.94644811448961
2020-06-06 22:05:34,0.692003062724443,1.16553571639897,275.474822078126,0.001,1.04374865143024,10.4315063855605
2020-06-06 22:05:24,0.694411476277837,1.17091807234419,275.009684860583,3.92214738092387,1.02414149203407,27.5060631404594
2020-06-06 22:05:16,0.67482605338078,1.18622600952297,287.185869555044,1.03929570327417,1.02590831381614,10.2147657312969
2020-06-06 22:05:08,0.760063687668467,1.18496616347096,293.474496386974,0.531685796323164,1.03224028576912,9.85037357866062
2020-06-06 22:04:59,0.666896731644493,1.16668670114661,291.144124715628,0.001,1.0356191403938,10.4315576723055
2020-06-06 22:04:51,0.677311174384292,1.15266485598844,271.585094808918,0.869025595245625,1.03591908659068,9.88260213829791
2020-06-06 22:04:42,0.646722725628762,1.16340440419861,271.448535122122,0.001,1.03230794654584,10.431605870376
2020-06-06 22:04:34,0.754212946070991,1.14977509265921,286.010005365171,2.23689014732231,1.0537425135393,13.109831872573
2020-06-06 22:04:25,0.646959004236938,1.17342635970391,277.221907314341,0.001,1.01203459640348,10.4312895813036
2020-06-06 22:04:16,0.656534894750105,1.18598954434543,291.094326445719,1.99965589181037,1.01604572907931,14.4264042641515
2020-06-06 22:04:08,0.72274499838522,1.16086205221094,288.935252544653,1.32236957725409,1.02357502559678,10.6713646151383
2020-06-06 22:03:59,0.685155483454623,1.16147651046078,289.367341869006,0.001,1.01439268958675,10.4313496797686
2020-06-06 22:03:50,0.743857303537668,1.15335936076575,273.184183169384,0.001,1.03419463292981,10.4316691150898
2020-06-06 22:03:42,0.655255963452957,1.16011883122649,272.810070844198,1.24086229793382,1.01189260262064,10.5854272919731
2020-06-06 22:03:33,0.649934625369788,1.1438871850518,279.075725920259,0.001,1.01527364545625,10.4316295347647
2020-06-06 22:03:25,0.729351805667195,1.16513125840779,293.135636598639,0.9569006509853,1.0265675111243,9.9976934684396
2020-06-06 22:03:16,0.644827283564517,1.1813459506863,283.263498475758,0.133894741820611,1.02571283273618,10.2582369146889
2020-06-06 22:03:08,0.672560759107926,1.17226217359291,283.237374003196,0.001,1.01646419004329,10.4311348167628
2020-06-06 22:02:59,0.763042286926947,1.17349595711311,296.019274552655,0.001,1.01070267251839,10.4314323155969
2020-06-06 22:02:51,0.669736231951941,1.15294795067722,279.405633029023,0.252726273352976,1.0257738683996,10.1430367777573
2020-06-06 22:02:43,0.730370940957404,1.14734454463391,286.912160539451,2.60290042876084,1.0192680196075,16.6961056296563
2020-06-06 22:02:34,0.740830835973492,1.16435893868872,277.769864137656,1.28895755390279,1.02480525705372,10.4247490100791
2020-06-06 22:02:26,0.710908199754361,1.17047604961426,270.875007631746,1.3745494051953,1.0206675625857,10.5758537711061
2020-06-06 22:02:17,0.735396309141308,1.15355874153493,275.615105878195,0.001,1.00593851706639,10.4314026117632
2020-06-06 22:02:09,0.806511205661809,1.15330455011853,287.009665993868,2.16610092474636,1.04235467614865,12.4264129049044
2020-06-06 22:02:00,0.756476461438175,1.15827465544274,286.352101896773,0.001,1.00340676983939,10.4312246721613
2020-06-06 22:01:52,0.725831352329221,1.15568222885538,298.202979025047,0.001,1.01274025838772,10.4312244222407
2020-06-06 22:01:43,0.737425935709828,1.17165405196406,295.446591013537,1.44301211979671,1.00741730322727,11.676678627048
2020-06-06 22:01:35,0.762612527227246,1.15943557420345,285.736766369455,3.40059004841053,1.01603425310844,22.8051311952894
2020-06-06 22:01:27,0.597981747783256,1.1851620048472,277.733183016597,0.001,1,10.4312343977666
2020-06-06 22:01:18,0.719995965066708,1.15436681885457,279.487250419365,0.679520268909641,1.02991453223308,9.79494195553952
2020-06-06 22:01:09,0.736270583973511,1.1791135805574,300,0.001,1,10.4310804856068
2020-06-06 22:01:01,0.731832222749442,1.18629691579269,300,3.54868601606063,1,33.6962655713408
2020-06-06 22:00:52,0.827967426873262,1.17266901610632,294.636864430735,0.001,1.00933978856514,10.4314003284988
2020-06-06 22:00:44,0.73784451136047,1.14838781182449,279.545334156311,0.001,1.04496095801287,10.4318210745646
2020-06-06 22:00:35,0.747181949702483,1.16580553696554,300,1.29471586074548,1.00720870503505,11.3243073673893
2020-06-06 22:00:27,0.729442468048352,1.17104742358789,290.16456007428,0.991947789475963,1.02459398402482,10.0228759613902
2020-06-06 22:00:18,0.761936200994477,1.14904533308635,299.286184809841,0.001,1.03112029056694,10.4313874133934
2020-06-06 22:00:10,0.817555608183235,1.16340147674404,300,0.265710717945355,1.02335060548966,10.0840913652224
2020-06-06 22:00:01,0.705874925272331,1.16957008057077,290.187419686186,0.419344216155581,1,9.96878587282288
2020-06-06 21:59:53,0.734109074162223,1.17450937608625,300,0.001,1.02718791433461,10.4314546031191
2020-06-06 21:59:44,0.688361880013851,1.13982731086241,292.388089600598,0.001,1.00464457630946,10.4313980098704
2020-06-06 21:59:36,0.704243055165269,1.17454326972414,300,0.001,1.01035925618522,10.4313510722129
2020-06-06 21:59:28,0.726827358350456,1.19962771492772,291.009423055353,2.11741697567937,1.01731699739744,14.6765997804858
2020-06-06 21:59:19,0.811106703331248,1.17083776169693,278.345754163601,0.001,1.01858557806956,10.4315431550677
2020-06-06 21:59:11,0.880787266701872,1.1585556856552,300,1.68058852024608,1.03774075162994,11.3680849337229
2020-06-06 21:59:02,0.838430012952592,1.15914137946112,300,0.001,1.01945789667248,10.4314974027731
2020-06-06 21:58:54,0.716102560478059,1.15542420370396,300,0.001,1.01046222504918,10.4314268039382
2020-06-06 21:58:45,0.752135129527667,1.17938532856799,295.243377390633,0.595305524348104,1.02645548038136,9.88098889086172
2020-06-06 21:58:37,0.820956358074341,1.14552755661406,290.053253823129,0.001,1.05739308628324,10.4316624889751
2020-06-06 21:58:28,0.790281962031262,1.15630422609757,283.997623209293,0.001,1.00683932214881,10.4314674597395
2020-06-06 21:58:18,0.800130605552551,1.160541364941,285.213727364949,3.4371227448912,1.01762153777822,22.110110614138
2020-06-06 21:58:10,0.787648404856714,1.18811218272315,300,0.001,1.01568370911489,10.4311607477071
2020-06-06 21:58:01,0.817164001155045,1.18441784107664,284.473332679698,1.60461435327465,1.03001732254047,11.4467790319869
2020-06-06 21:57:53,0.770441404182472,1.1754916949529,291.230385735052,0.5863356081115,1.04506136397372,9.8663821635877
2020-06-06 21:57:44,0.824439687898318,1.14845543494287,300,0.70879760148656,1.02720651475429,9.81569076343454
2020-06-06 21:57:36,0.795641238499913,1.16477221442516,287.201827330442,0.001,1.02730403595746,10.4314740316097
2020-06-06 21:57:27,0.722588298708476,1.13551829265575,274.356185465279,0.001,1.00338272000315,10.4315921765999
2020-06-06 21:57:19,0.791430601904455,1.2,300,2.0686678041178,1.01091277184093,14.5391979145095
2020-06-06 21:57:10,0.827858945827539,1.17483618273771,278.584145223566,1.36443293043931,1.03173503175607,10.5899120883199
2020-06-06 21:57:02,0.878049485494755,1.17166549025693,266.371739929376,2.04075698676615,1.04360265185994,11.5202898556929
2020-06-06 21:56:53,0.82961969689558,1.18495637497149,300,1.01425264167253,1.01875533895939,10.3055892241513
2020-06-06 21:56:45,0.858791078412826,1.2,296.952376650838,2.14335695303284,1.0153448155159,15.0294155488069
2020-06-06 21:56:36,0.816967933877843,1.17527821308581,300,0.115094145398172,1.01703286329943,10.2694511394808
2020-06-06 21:56:28,0.775929592357136,1.16960578871318,294.367150380708,0.001,1.01354001239539,10.4314104941894
2020-06-06 21:56:19,0.736905814941654,1.16737515779452,278.009648346508,0.84935307963343,1.02619456251031,9.78095948339283
2020-06-06 21:56:11,0.75401874213474,1.1886598243294,300,0.646305738575739,1.00399312591295,9.86849355271736
2020-06-06 21:56:03,0.761756110903291,1.1974821478281,296.279583770901,0.001,1.0178033107202,10.4312010686682
2020-06-06 21:55:54,0.814322568812327,1.18924610290673,300,0.001,1.00188776431789,10.4310911407514
2020-06-06 21:55:46,0.849241738938669,1.18234267228531,295.439174108458,0.257134673863539,1.03317559791713,10.0904344750979
2020-06-06 21:55:37,0.812204617113482,1.17284502703871,280.187263846651,0.776743565106503,1.02729922769943,9.86533727871621
2020-06-06 21:55:29,0.765062325378452,1.19990792914431,274.690224141936,0.001,1,10.4313764860893
2020-06-06 21:55:19,0.848005166265601,1.18644829240474,289.624655317641,0.001,1.01653350987029,10.4310602707356
2020-06-06 21:55:10,0.776991228864806,1.19448435775171,297.012346767337,0.001,1.00134238503817,10.4310785919628
2020-06-06 21:55:01,0.764432097442722,1.1977537465371,282.876024054076,1.99118535518348,1.00242303366601,15.352223710354
2020-06-06 21:54:53,0.724191409881857,1.17742746967454,293.054019703554,0.001,1,10.4312833141755
2020-06-06 21:54:45,0.796604297882952,1.2,300,0.001,1.01574361100679,10.4311396567841
2020-06-06 21:54:36,0.779594896605297,1.19835127382317,300,3.55913632994389,1.00604301387651,29.8816814703574
2020-06-06 21:54:28,0.737047340602393,1.19349903130994,299.740233800912,1.4356497305935,1,12.3176849887508
2020-06-06 21:54:19,0.787030026380024,1.18735789886421,288.446089880677,0.001,1.00356026048007,10.4312302665118
2020-06-06 21:54:11,0.738730486670755,1.19183245190809,291.84990590227,4.50608661073743,1,44.9372463601971
2020-06-06 21:54:02,0.805752001249751,1.2,271.076115915351,2.95091405046624,1.02804261602099,19.1970134575104
2020-06-06 21:53:54,0.764417578361215,1.2,278.080464697091,0.172150192797578,1,10.1805540197739
2020-06-06 21:53:45,0.720993381154629,1.1761230348777,280.331099151848,5.00263371373595,1.00547304746274,47.9420949279663
2020-06-06 21:53:35,0.731861691969825,1.2,296.105575623067,1.41966078484995,1.00599257258725,11.9694268485646
2020-06-06 21:53:27,0.755249612965005,1.19472459711623,300,0.001,1.00975537009245,10.4310738903295
2020-06-06 21:53:18,0.730835011832805,1.2,300,0.001,1,10.431050935732
2020-06-06 21:53:10,0.706319957824958,1.19873407733632,281.054839371744,2.01972177591518,1.0014189847144,15.4389595555156
2020-06-06 21:53:02,0.781997645605915,1.19932418925205,300,0.001,1.01902934983789,10.431216080571
2020-06-06 21:52:53,0.735089749580813,1.1967372398967,295.776228244305,0.403530354979062,1.00427036565215,9.96787046492657
2020-06-06 21:52:45,0.785656679714507,1.19486720612692,300,0.001,1.04329536476749,10.4313997072345
2020-06-06 21:52:36,0.621440473858703,1.18789367321266,300,0.001,1.03268702497857,10.4313898623172
2020-06-06 21:52:28,0.694094498693495,1.2,300,0.001,1.01076632721737,10.4310943864574
2020-06-06 21:52:19,0.683652752623966,1.2,276.766508547529,0.001,1.0369157695622,10.4315100103558
2020-06-06 21:52:11,0.70833556042524,1.2,300,0.0719700748589091,1.00785425362523,10.3085047777979
2020-06-06 21:52:03,0.786935334676124,1.18589503013201,282.360328099205,0.001,1.03261767666597,10.4316496531106
2020-06-06 21:51:54,0.740977141246232,1.19918648746603,300,0.001,1.04295578631479,10.4313296029255
2020-06-06 21:51:46,0.77098544551299,1.19650903133307,280.771032181457,0.001,1.01759564876316,10.4312753894405
2020-06-06 21:51:37,0.623297934286686,1.2,290.255699786539,0.001,1,10.4312150090817
2020-06-06 21:51:29,0.661893430952992,1.2,284.668224913976,0.001,1,10.4312275096266
2020-06-06 21:51:20,0.769444245730847,1.2,300,0.815262263606971,1.01640500123384,10.0380336906762
2020-06-06 21:51:12,0.732202656459812,1.2,294.876530368826,0.568660098759597,1.03393260508259,9.84318394378602
2020-06-06 21:51:03,0.738550695913011,1.1845125921822,281.972156300257,1.45411518899102,1.00452782175995,11.4710111243871
2020-06-06 21:50:55,0.732149474926254,1.1912112393857,284.198269613239,1.98663919578361,1.00230324733558,14.7866829680592
2020-06-06 21:50:46,0.670271036778075,1.18438752353105,291.451382101562,1.32647041483938,1,11.175561664991
2020-06-06 21:50:38,0.59699632288712,1.19509407882147,279.323646371996,0.001,1.00720657803279,10.4312926112255
2020-06-06 21:50:29,0.64809391534208,1.17513758371823,294.34787841124,3.8391082463708,1,33.7145387848859
2020-06-06 21:50:21,0.704656441679222,1.186433785488,293.031925643874,0.001,1.00265354828952,10.4310384708292
2020-06-06 21:50:13,0.648590050558201,1.17521421470945,275.204638141384,3.56030167023311,1.00772206685244,24.3193831069304
2020-06-06 21:50:04,0.690514344705141,1.19315536394048,293.706449812145,0.001,1,10.4310554946386
2020-06-06 21:49:56,0.655994265983808,1.16205875831117,300,0.001,1.00170757757156,10.4314155057349
2020-06-06 21:49:47,0.645866759538914,1.12961740607679,287.114499313607,0.001,1,10.4315762186674
2020-06-06 21:49:39,0.686538664683871,1.19496870913504,277.826235226626,0.809657586767265,1,10.2029465467577
2020-06-06 21:49:30,0.693905161891116,1.2,288.562041875597,0.001,1.00812963400559,10.43095676107
2020-06-06 21:49:22,0.675396081148823,1.2,300,2.6696715437658,1.00075150821819,20.050345140236
2020-06-06 21:49:14,0.763815077295597,1.17498941988747,300,3.58560290389383,1.01466540214107,28.360358688872
2020-06-06 21:49:05,0.565766313327027,1.2,285.998278615774,0.001,1,10.4311900854934
2020-06-06 21:48:57,0.726235852882816,1.2,300,4.61938119114205,1.00882521098728,42.4004842032746
2020-06-06 21:48:48,0.678763028231353,1.17303186607897,280.573802953908,0.390646644932066,1,9.9597541522777
2020-06-06 21:48:40,0.679624500217288,1.1732723504081,285.578469489577,0.001,1.0162525621328,10.4314618982697
2020-06-06 21:48:32,0.750222166077774,1.18586183640029,292.317173529967,1.10372843364825,1.0117551643759,10.4800498870101
2020-06-06 21:48:23,0.702113642146978,1.2,299.62987765507,7.53409598689966,1.00501243193049,88.3728839741251
2020-06-06 21:48:15,0.573058707493164,1.16458198539669,300,9.13666840758358,1.00697346161648,174.987121902255
2020-06-06 21:48:07,0.752401120345249,1.17838061558986,300,1.43150047650276,1,12.1647704874067
2020-06-06 21:47:58,0.662672149307065,1.1634920566202,278.478751811308,6.36281654045576,1.00922000220905,70.7101662493663
2020-06-06 21:47:50,0.684876558064665,1.2,300,0.001,1.00295699733753,10.4311185790523
2020-06-06 21:47:42,0.707038357872453,1.16580288901689,279.875409914405,12.2165318546689,1,812.082933705854
2020-06-06 21:47:33,0.77052631689398,1.2,294.191268044864,0.001,1.01626014000394,10.4313135306447
2020-06-06 21:47:24,0.668190512083164,1.16194112490025,252.665087983468,7.34959243959286,1.0191058979711,56.9195030698454
2020-06-06 21:47:16,0.695174747614849,1.14169463392862,281.227003268467,5.81837278393767,1.02651416749875,45.6201176071392
2020-06-06 21:47:07,0.658520530021064,1.2,300,1.08289750819524,1,10.8294927785586
2020-06-06 21:46:59,0.722475183845038,1.2,258.514116749894,1.60639756155508,1.03404810940239,10.6955220436392
2020-06-06 21:46:51,0.693467057313127,1.2,288.63217663705,0.001,1.01865967490225,10.4312352197795
2020-06-06 21:46:42,0.881151310928333,1.19648827992763,275.931087350587,0.001,1.01086538513243,10.4314624579184
2020-06-06 21:46:34,0.685052804181669,1.19538672117829,277.220381531269,5.60182216891603,1.00677059143281,49.4419668938722
2020-06-06 21:46:25,0.580570426614143,1.2,289.771636224017,2.21125573334138,1,17.551243475732
2020-06-06 21:46:17,0.692081706002387,1.16981062675024,300,0.001,1,10.4310433189345
2020-06-06 21:46:09,0.661414455685055,1.17622715694274,273.296904081329,0.001,1.03229610343686,10.4315094816718
2020-06-06 21:46:00,0.818638155313961,1.18579581195388,249.290393335209,19.6737347215741,1.00003949842728,745.420028024563
2020-06-06 21:45:52,0.670998785858753,1.16971580618333,239.59682074821,0.001,1.02752316915537,10.4317049364914
2020-06-06 21:45:43,0.824224722193708,1.2,265.371419573861,0.001,1.00186528226667,10.4312412541669
2020-06-06 21:45:35,0.901747796457291,1.17318743111607,255.974186989425,0.001,1.03266499737513,10.4315274586002
2020-06-06 21:45:26,0.817384562373426,1.2,300,2.1754239097156,1.00690255266817,16.9187980064262
2020-06-06 21:45:17,0.766012696440667,1.2,268.187697772921,0.001,1.00326475128732,10.4313491864114
2020-06-06 21:45:09,0.739556233980047,1.15187282060062,230.722710468197,0.001,1.02836893902457,10.4317945069935
2020-06-06 21:45:00,0.606494190834364,1.17426001976688,300,0.001,1,10.43108200083
2020-06-06 21:44:52,0.67776155662604,1.2,300,0.001,1,10.4312372872216
2020-06-06 21:44:43,0.699798745003855,1.1877713454296,275.197173545406,0.001,1.03488890739446,10.4314790777959
2020-06-06 21:44:35,0.80482100284586,1.2,268.835381398142,0.001,1,10.4313931170407
2020-06-06 21:44:26,0.653645367581125,1.16471476739174,219.302246402159,0.001,1.03360755638867,10.4318939629465
2020-06-06 21:44:18,0.853813605634341,1.2,205.622631104497,18.7458989949121,1.03474604941791,191.054851353314
2020-06-06 21:44:10,0.749430797320441,1.13945425049685,282.950279231613,3.91324532233856,1.03991484052658,24.7242392730858
2020-06-06 21:44:01,0.56981070700854,1.10203875819532,300,12.5413233188761,1,869.036636543721
2020-06-06 21:43:53,0.887740173311449,1.11916682793454,239.02680547667,0.001,1.0068841434967,10.43170242905
2020-06-06 21:43:44,0.78921759546503,1.1103001431271,300,8.88271020946218,1,736.395584254222
2020-06-06 21:43:36,0.629026610316355,1.2,282.408973558161,0.001,1,10.431050785685
2020-06-06 21:43:27,0.887271725917331,1.16102998341195,276.257456510108,0.001,1.03431834083268,10.4315338947666
2020-06-06 21:43:19,0.757606989080747,1.13315541647863,279.567660064106,0.113813262134999,1,10.2735237429244
2020-06-06 21:43:11,0.703107476509235,1.2,244.512576920104,2.8239242782054,1.00312340007412,18.1174233161099
2020-06-06 21:43:02,0.750694284291014,1.2,297.4537102438,3.62153796141725,1,32.1686718564362
2020-06-06 21:42:54,0.746247671004244,1.2,269.035366130359,0.001,1.01620726025268,10.4314101854264
2020-06-06 21:42:45,0.832958981437242,1.2,250.835469484498,5.59552623331105,1.04816076459711,32.6701150889775
2020-06-06 21:42:37,0.655542892522234,1.17985516930765,194.259317120765,12.3445399078842,1.05237312833926,72.3915542019419
2020-06-06 21:42:29,0.581800081397453,1.10893647476225,300,0.001,1.01266610052269,10.431409737015
2020-06-06 21:42:20,0.828769919360996,1.2,300,0.001,1,10.4308413863463
2020-06-06 21:42:12,0.596383131108789,1.16602170723957,289.158618341829,0.001,1.00469545568672,10.4312385818586
2020-06-06 21:42:04,0.570907465364134,1.08976014219144,285.354361012735,29.2775403036058,1.01308641354809,1360.61039770031
2020-06-06 21:41:55,0.723481891399072,1.12320661675854,300,0.001,1.06598433515307,10.4317832216209
2020-06-06 21:41:46,0.745988201016567,1.04390868273646,240.543940134686,5.14298261625471,1,467.969402960922
2020-06-06 21:41:38,0.598225882593558,1.13599092842622,187.738962861337,0.001,1.00998155860005,10.4320254301218
2020-06-06 21:41:29,0.965978946115365,1.15260328799028,231.518097175547,0.001,1.05815323028543,10.4319421090854
2020-06-06 21:41:21,0.810557848916025,1.1137506403995,300,0.001,1.00890443122165,10.4315960766633
2020-06-06 21:41:13,0.557210039945341,1.2,283.910621734174,9.77967940284541,1.06900779555076,68.9050720461474
2020-06-06 21:41:04,0.701449351783486,1.17174644447267,300,0.001,1,10.4311651395789
2020-06-06 21:40:56,0.700195283747674,1.2,300,12.8257842579106,1,551.855546583885
2020-06-06 21:40:47,0.619092381043373,1.18975664796086,277.823792501118,0.001,1,10.4311522776139
2020-06-06 21:40:39,0.906607607351187,1.188578781086,293.472405820125,4.92447338305036,1.03492918642126,35.6317644436896
2020-06-06 21:40:30,0.328511850479897,1.13538408331579,239.744934564093,2.51523842698493,1.05182472188906,11.7784079247211
2020-06-06 21:40:22,0.744120113816702,1.11970223171083,300,20.0242904395377,1.00250315737115,1263.68756309376
2020-06-06 21:40:13,0.887708221556447,1.15697673268901,257.775546263093,39.7937524213232,1.06807252381409,685.063711909847
2020-06-06 21:40:05,0.689576569841323,1.16507317974885,300,0.001,1.05356989765146,10.4315709395516
2020-06-06 21:39:57,0.894978586740983,1.2,288.931232045421,0.001,1,10.431134988373
2020-06-06 21:39:48,1,1.2,300,31.4653844008358,1,1586.87888381008
2020-06-06 21:39:40,0.735830335963958,1.06973387390501,300,0.001,1,10.4317348308978
2020-06-06 21:39:31,0.454627407815416,1.05008634360044,292.377005392899,0.001,1.00170167890228,10.4318143073995
2020-06-06 21:39:23,0.97184355742403,1.08027816631873,285.426365635349,0.001,1.02563528042618,10.4316886703002
2020-06-06 21:39:14,0.853306540289246,1.18700806935003,293.70223383219,26.4565366516407,1.03587406022243,949.188789999524
2020-06-06 21:39:06,0.553100741575073,1.03064715436296,244.200876109383,42.686781391447,1.02911943408878,911.307257122009
2020-06-06 21:38:57,0.51033494119885,1.2,189.060611222681,24.7684410365584,1,384.358830828791
2020-06-06 21:38:48,0.301626999729863,0.975295950972374,300,0.001,1,10.4319652104161
2020-06-06 21:38:40,0.605695852319833,1.1353786318039,300,0.001,1,10.4314596840324
2020-06-06 21:38:32,0.641987566638379,1.06721759412191,300,2.94858195174353,1,25.4823705613674
2020-06-06 21:38:23,0.53000944426772,1.06937531597687,300,0.001,1,10.4315969144041
2020-06-06 21:38:14,1,1.11987063265982,300,0.001,1,10.4310370544035
2020-06-06 21:38:06,0.803500656968368,0.999840133458128,240.955982815131,4.27778755144693,1.02078250951976,44.2848069027283
2020-06-06 21:37:58,0.286109071892715,1.13195528087743,300,0.001,1.01629662309597,10.4314139218458
2020-06-06 21:37:49,0.989245609328991,1.17649503786202,271.039021426201,51.2261386881083,1,1526.90379233003
2020-06-06 21:37:41,0.240896639505603,1.11226396833088,300,32.1845518089889,1.07358172142117,717.742626117188
2020-06-06 21:37:32,0.428171015836888,1.1559174305781,152.879833681763,25.8407159210484,1.04184839298503,193.207118734394
2020-06-06 21:37:23,1,1.13513644568152,300,0.001,1,10.4314340175292
2020-06-06 21:37:15,0.779953938937963,1.2,300,6.27124244148527,1.04041402965616,52.4872276851226
2020-06-06 21:37:07,0.985623164879986,1.12966382798445,300,0.001,1.01225169609762,10.4313197125872
2020-06-06 21:36:58,1,1.16182290327197,257.092792583819,0.001,1.03798153067411,10.431689530326
2020-06-06 21:36:49,0.662422945084054,0.967543156228784,173.355465913749,0.001,1.1002119759955,10.4325514385888
2020-06-06 21:36:41,1,1.15716624496748,293.491929526091,0.001,1.02605065879281,10.4314097239022
2020-06-06 21:36:33,0.846991026770834,1.0617114861354,270.655986320812,4.80854426815169,1.10515611624049,16.8705623050792
2020-06-06 21:36:24,0.257129241298899,1.1395343706548,300,0.001,1.04165098123574,10.4316032960226
2020-06-06 21:36:16,0.733101353839722,1.05566783291163,0.001,0.001,1.15,10.4329258282628
2020-06-06 21:36:07,1,1.10846172374145,162.646522038234,12.1013640136599,1.04651996759712,52.6363135532513
2020-06-06 21:35:59,0.698384604465842,1.2,40.2044103369095,21.7937270910118,1.05617722921571,15.2955492354083
2020-06-06 21:35:50,0.906796276872281,0.945503327019143,122.477222049019,48.1826679261935,1.0879843600882,237.281200918318
2020-06-06 21:35:42,0.598377613234959,1.17295363582086,152.01577851456,0.001,1.15,10.4322729321605
2020-06-06 21:35:33,0.625614974944053,1.03684482070935,131.898184933018,0.001,1.11252997263531,10.4325488803492
2020-06-06 21:35:24,0.745088689941337,0.994724744613162,300,34.4084064242132,1.13603902581143,519.143358443564
2020-06-06 21:35:14,0.851808832615903,1.05133197977249,237.803314382377,0.001,1.02015846957354,10.4320035690576
2020-06-06 21:35:06,1,1.01494836524275,0.001,6.18957661970324,1.13161481356374,10.4329069289396
2020-06-06 21:34:57,0.589952684761177,1.09126249422708,240.21159804335,0.001,1.15,10.4322503850588
2020-06-06 21:34:49,1,0.992518404904565,200.59789509522,29.0201476584157,1.15,226.734350874775
2020-06-06 21:34:40,0.964736004787725,1.08054165758871,98.7267254683388,29.7314809698791,1.15,65.3671388330004
2020-06-06 21:34:32,0.980343268887092,1.03661196349656,151.133838486531,36.645837051901,1.15,168.059300438349
2020-06-06 21:34:23,0.725403015994797,0.908849443881113,267.791846868868,12.7981445863689,1.06302888928625,492.533052970325
2020-06-06 21:34:15,0.851080936941438,0.9665025286117,300,0.001,1.15,10.4321523818226
2020-06-06 21:34:06,0.321635608446114,1.07706421611181,192.436543674299,37.4394939249323,1.06751510851612,443.406283102207
2020-06-06 21:33:58,0.656627390584795,0.933528278381003,122.454849046527,0.001,1.09462317900915,10.4326522846945
2020-06-06 21:33:49,1,1.03071015945029,233.002491880804,14.9036768347035,1.15,112.325194532798
2020-06-06 21:33:41,0.586052880204147,1.04477945637864,57.9494110959056,73.555955395616,1.02943856405241,130.185799081418
2020-06-06 21:33:32,0.94578787087105,1.09882417347324,0.001,68.7226876548569,1.15,10.4327954021406
2020-06-06 21:33:24,0.650596291203747,1.0811655025203,247.285932626194,45.688857420233,1.08390169063038,623.025861532469
2020-06-06 21:33:15,0.590317091692777,1.04479033096517,144.330782659815,0.001,1.10955736208981,10.4324452294485
2020-06-06 21:33:07,1,1.00636798708299,220.312884031226,0.001,1.08407284254159,10.4323322141244
2020-06-06 21:32:58,1,0.9,0.001,1.42476531527549,1,10.4329230200069
2020-06-06 21:32:49,0.413925962784073,1.18703341543457,300,84.748483219752,1.13013091334204,708.222936122334
2020-06-06 21:32:41,1e-04,1.07679862113155,0.001,0.001,1.06039045195135,10.4329264407494
2020-06-06 21:32:33,1,1.05685692564723,0.001,19.0741991079802,1.15,10.4328856956799
2020-06-06 21:32:24,1,1.0121865644415,212.14558847731,0.001,1,10.4320887692602
2020-06-06 21:32:15,0.263707841540258,0.995015787700248,163.020316318296,6.591715049299,1,186.782458291199
2020-06-06 21:32:07,0.558310472761747,0.959634338470979,219.471711258245,0.001,1,10.4322700806996
2020-06-06 21:31:59,0.254719569623983,1.08087788155404,257.736086187273,0.001,1.12204009223182,10.4323163514912
2020-06-06 21:31:50,0.555195336576172,1.13857338156954,15.094159862661,33.323080559899,1.15,10.2377805842368
2020-06-06 21:31:42,0.455390889562017,1.08084101284842,266.530997988255,31.5516387669599,1,1354.20136126283
2020-06-06 21:31:33,0.30036585073523,1.03728020851144,186.89900028004,16.9296970503264,1.01927456842823,495.895022327319
2020-06-06 21:31:25,1e-04,0.9,176.782671748638,4.7487637936802,1.01971491836555,120.346858081615
2020-06-06 21:31:16,0.154798544019726,0.9,182.272996559827,42.7951700283036,1.06534206426882,286.080822880326
2020-06-06 21:31:08,1e-04,0.9,227.077504158894,0.001,1,10.4325541566608
2020-06-06 21:30:59,0.472434007538206,0.996794351081964,178.200521538433,58.250356772206,1,777.386074237992
2020-06-06 21:30:50,0.349561475823984,1.04508300135364,148.632267839407,0.001,1.02984504965311,10.4323986923552
2020-06-06 21:30:41,0.462813763610024,0.965584143777931,49.8320899192053,0.001,1,10.4327648060886
2020-06-06 21:30:33,1e-04,1.03110616522276,300,0.001,1,10.43204739949
2020-06-06 21:30:24,1,0.983138902695157,170.45488409827,0.001,1.01511226301586,10.4323688147897
2020-06-06 21:30:16,1e-04,1.04566886759182,117.308983923313,30.9595628302275,1,256.717970910146
2020-06-06 21:30:07,0.310370414797988,0.976397971233694,89.7830299465464,21.0547730787958,1.15,20.8501094020632
2020-06-06 21:29:59,0.655627692981586,1.2,59.2322979360079,40.5552101912459,1.0559178448487,52.6055863301596
2020-06-06 21:29:50,0.765306272543819,1.2,0.001,43.1886138232252,1.08061350366379,10.4327488802883
2020-06-06 21:29:41,0.531961811076286,1.2,51.5178208694558,46.3938481656145,1.15,38.4856754317095
2020-06-06 21:29:32,0.30610495411398,0.9,90.0322967765551,0.001,1.02079188330074,10.4327198101146
2020-06-06 21:29:24,0.786467092756602,1.1497539554639,45.0575945883603,25.9693115937988,1.04320104363674,22.7609559112991
2020-06-06 21:29:15,1,1.10253260388428,205.62643131077,15.1529142140103,1,741.030422284627
2020-06-06 21:29:06,0.175225403707995,0.993463466763679,136.392819089848,3.32500262444857,1,10.0164008345531
