"DateTime","Depth","PHY_TCHLA"
2013-05-16,0.1,0.98
2013-05-16,1,2.1345
2013-05-16,2,2.3844
2013-05-16,3,3.0073
2013-05-16,4,3.8444
2013-05-16,5,1.6306
2013-05-16,6,1.0672
2013-05-16,7,0.9205
2013-05-16,8,0.8689
2013-05-16,9,0.7776
2013-05-16,9.2,0.9165
2013-05-21,0.1,1.4481
2013-05-21,1,3.4794
2013-05-21,2,3.9079
2013-05-21,3,3.8325
2013-05-21,4,4.0388
2013-05-21,5,3.3326
2013-05-21,6,2.0035
2013-05-21,7,2.075
2013-05-21,8,2.071
2013-05-21,9,2.0789
2013-05-21,9.2,1.9361
2013-05-23,0.1,2.5907
2013-05-23,1,3.0112
2013-05-23,2,4.7688
2013-05-23,3,4.9592
2013-05-23,4,5.0108
2013-05-23,5,3.0866
2013-05-23,6,2.6661
2013-05-23,7,2.3368
2013-05-23,8,2.3844
2013-05-23,9,2.19
2013-05-23,9.2,2.1424
2013-05-30,0.1,1.5116
2013-05-30,1,1.7417
2013-05-30,2,2.8407
2013-05-30,3,4.9592
2013-05-30,4,7.4428
2013-05-30,5,5.1258
2013-05-30,6,4.015
2013-05-30,7,4.0507
2013-05-30,8,4.0824
2013-05-30,9,4.1023
2013-05-30,9.2,4.3006
2013-06-04,0.1,1.8131
2013-06-04,1,2.7811
2013-06-04,2,3.7769
2013-06-04,3,5.4353
2013-06-04,4,6.8754
2013-06-04,5,3.8444
2013-06-04,6,3.2096
2013-06-04,7,3.1342
2013-06-04,8,3.0271
2013-06-04,9,3.3485
2013-06-04,9.2,3.2771
2013-06-06,0.1,1.095
2013-06-06,1,1.0474
2013-06-06,2,4.5387
2013-06-06,3,6.0423
2013-06-06,4,6.566
2013-06-06,5,3.6143
2013-06-06,6,3.7849
2013-06-06,7,3.1937
2013-06-06,8,3.1461
2013-06-06,9,3.1382
2013-06-06,9.2,3.162
2013-06-13,0.1,2.3249
2013-06-13,1,2.6383
2013-06-13,2,4.5228
2013-06-13,3,7.9268
2013-06-13,4,8.4902
2013-06-13,5,2.3884
2013-06-13,6,2.2733
2013-06-13,7,1.9996
2013-06-13,8,2.1265
2013-06-13,9,2.0115
2013-06-13,9.2,2.0115
2013-06-20,0.1,1.8925
2013-06-20,1,2.4003
2013-06-20,2,4.7013
2013-06-20,3,6.8754
2013-06-20,4,6.3756
2013-06-20,5,3.2215
2013-06-20,6,2.2257
2013-06-20,7,2.7058
2013-06-20,8,2.3884
2013-06-20,9,2.7097
2013-06-20,9.2,2.7097
2013-06-25,0.1,1.1268
2013-06-25,1,1.341
2013-06-25,2,2.7296
2013-06-25,3,8.4902
2013-06-25,4,7.0143
2013-06-25,5,3.162
2013-06-25,6,2.0194
2013-06-25,7,1.9004
2013-06-25,8,1.6941
2013-06-25,9,1.7417
2013-06-25,9.2,1.8131
2013-06-27,0.1,0.369
2013-06-27,1,1.2537
2013-06-27,2,2.9597
2013-06-27,3,7.8752
2013-06-27,4,6.808
2013-06-27,5,3.2175
2013-06-27,6,2.0035
2013-06-27,7,1.3688
2013-06-27,8,1.5037
2013-06-27,9,1.821
2013-06-27,9.2,2.2019
2013-07-03,0.1,4.0547
2013-07-03,1,4.8957
2013-07-03,2,4.0388
2013-07-03,3,7.8117
2013-07-03,4,8.9147
2013-07-03,5,6.9032
2013-07-03,6,2.7216
2013-07-03,7,1.4362
2013-07-03,8,1.1783
2013-07-03,9,1.6108
2013-07-03,9.2,1.3767
2013-07-11,0.1,5.0782
2013-07-11,1,8.3473
2013-07-11,2,7.3436
2013-07-11,3,7.4864
2013-07-11,4,12.7947
2013-07-11,5,5.7447
2013-07-11,6,3.5191
2013-07-11,7,2.7613
2013-07-11,8,2.0869
2013-07-11,9,1.9956
2013-07-11,9.2,1.948
2013-07-15,0.1,3.8999
2013-07-15,1,4.7688
2013-07-15,2,8.6211
2013-07-15,3,5.8241
2013-07-15,4,7.2563
2013-07-15,5,5.1973
2013-07-15,6,3.6421
2013-07-15,7,2.1226
2013-07-15,8,2.1384
2013-07-15,9,1.702
2013-07-15,9.2,1.5473
2013-07-18,0.1,3.1779
2013-07-18,1,4.9156
2013-07-18,2,8.6131
2013-07-18,3,8.4306
2013-07-18,4,10.8864
2013-07-18,5,6.5263
2013-07-18,6,3.0946
2013-07-18,7,2.0631
2013-07-18,8,2.0194
2013-07-18,9,1.3331
2013-07-18,9.2,1.3331
2013-07-22,0.1,3.9475
2013-07-22,1,4.7013
2013-07-22,2,11.5688
2013-07-22,3,9.5375
2013-07-22,4,7.2285
2013-07-22,5,9.0138
2013-07-22,6,2.5074
2013-07-22,7,1.4918
2013-07-22,8,1.6941
2013-07-22,9,1.3688
2013-07-22,9.2,1.3688
2013-07-25,0.1,3.0787
2013-07-25,1,3.5111
2013-07-25,2,8.3672
2013-07-25,3,13.4771
2013-07-25,4,9.5455
2013-07-25,5,11.422
2013-07-25,6,4.1538
2013-07-25,7,2.7058
2013-07-25,8,2.5391
2013-07-25,9,1.8806
2013-07-25,9.2,1.9004
2013-07-29,0.1,2.7177
2013-07-29,1,3.2929
2013-07-29,2,4.737
2013-07-29,3,16.9366
2013-07-29,4,8.4465
2013-07-29,5,5.225
2013-07-29,6,3.4834
2013-07-29,7,2.0829
2013-07-29,8,1.456
2013-07-29,9,1.3093
2013-07-29,9.2,1.6385
2013-08-01,0.1,2.9517
2013-08-01,1,3.166
2013-08-01,2,4.6815
2013-08-01,3,20.8167
2013-08-01,4,12.4456
2013-08-01,5,4.2491
2013-08-01,6,4.499
2013-08-01,7,3.2056
2013-08-01,8,1.5751
2013-08-01,9,2.3408
2013-08-01,9.2,2.3447
2013-08-08,0.1,1.2974
2013-08-08,1,1.3013
2013-08-08,2,5.1973
2013-08-08,3,9.843
2013-08-08,4,16.7343
2013-08-08,5,2.9002
2013-08-08,6,2.7137
2013-08-08,7,2.7097
2013-08-08,8,2.7692
2013-08-08,9,3.043
2013-08-08,9.2,3.043
2013-08-12,0.1,0.7737
2013-08-12,1,1.0752
2013-08-12,2,4.0824
2013-08-12,3,11.4657
2013-08-12,4,14.096
2013-08-12,5,3.2969
2013-08-12,6,2.7891
2013-08-12,7,2.6701
2013-08-12,8,2.7732
2013-08-12,9,2.7137
2013-08-12,9.2,2.7137
2013-08-28,0.1,2.3408
2013-08-28,1,2.5312
2013-08-28,2,5.2607
2013-08-28,3,12.6717
2013-08-28,4,16.3852
2013-08-28,5,4.2253
2013-08-28,6,4.2848
2013-08-28,7,4.1657
2013-08-28,8,4.0507
2013-08-28,9,4.3046
2013-08-28,9.2,4.2411
2013-09-18,0.1,2.2733
2013-09-18,1,2.3685
2013-09-18,2,2.6383
2013-09-18,3,2.7573
2013-09-18,4,24.792
2013-09-18,5,6.4827
2013-09-18,6,6.6136
2013-09-18,7,6.1177
2013-09-18,8,6.6374
2013-09-18,9,6.3835
2013-09-18,9.2,6.3914
2013-09-25,0.1,3.162
2013-09-25,1,3.2771
2013-09-25,2,3.4119
2013-09-25,3,5.5265
2013-09-25,4,20.6659
2013-09-25,5,6.8913
2013-09-25,6,5.5702
2013-09-25,7,5.6813
2013-09-25,8,5.5821
2013-09-25,9,5.0941
2013-09-25,9.2,5.5702
2013-10-16,0.1,5.1377
2013-10-16,1,5.7408
2013-10-16,2,6.2407
2013-10-16,3,6.923
2013-10-16,4,5.3798
2013-10-16,5,13.9572
2013-10-16,6,3.9555
2013-10-16,7,3.1303
2013-10-16,8,3.2652
2013-10-16,9,3.1342
2013-10-16,9.2,3.3485
2013-10-23,0.1,4.8838
2013-10-23,1,5.2449
2013-10-23,2,5.7447
2013-10-23,3,6.1812
2013-10-23,4,6.2327
2013-10-23,5,4.2094
2013-10-23,6,1.6862
2013-10-23,7,1.5433
2013-10-23,8,1.4719
2013-10-23,9,1.4719
2013-10-23,9.2,1.4957
2013-10-30,0.1,5.4393
2013-10-30,1,5.8439
2013-10-30,2,5.7567
2013-10-30,3,6.2407
2013-10-30,4,5.5583
2013-10-30,5,6.1097
2013-10-30,6,6.3637
2013-10-30,7,6.1574
2013-10-30,8,5.9987
2013-10-30,9,6.201
2013-10-30,9.2,5.8757
2013-11-06,0.1,3.0192
2013-11-06,1,3.9594
2013-11-06,2,4.9592
2013-11-06,3,5.1377
2013-11-06,4,5.3282
2013-11-06,5,5.7447
2013-11-06,6,5.4432
2013-11-06,7,5.6932
2013-11-06,8,5.6932
2013-11-06,9,5.2171
2013-11-06,9.2,5.1219
2013-11-20,0.1,2.6701
2013-11-20,1,3.9277
2013-11-20,2,3.6262
2013-11-20,3,3.6143
2013-11-20,4,3.8722
2013-11-20,5,3.3643
2013-11-20,6,3.4239
2013-11-20,7,3.5032
2013-11-20,8,3.8206
2013-11-20,9,3.8047
2013-11-20,9.2,4.5823
2013-12-04,0.1,4.4514
2013-12-04,1,4.1419
2013-12-04,2,11.1602
2013-12-04,3,10.6524
2013-12-04,4,8.5735
2013-12-04,5,8.6965
2013-12-04,6,9.9501
2013-12-04,7,8.0418
2013-12-04,8,12.0489
2013-12-04,9,9.1368
2013-12-04,9.2,10.7317
2014-05-05,0.1,0.4959
2014-05-05,1,0.9284
2014-05-05,2,2.0115
2014-05-05,3,2.0472
2014-05-05,4,4.0309
2014-05-05,5,3.6024
2014-05-05,6,1.4283
2014-05-05,7,0.8649
2014-05-05,8,0.6308
2014-05-05,9,0.5912
2014-05-05,9.2,0.5039
2014-05-06,0.1,0.5436
2014-05-06,1,1.2855
2014-05-06,2,1.9758
2014-05-06,3,2.3646
2014-05-06,4,4.2054
2014-05-06,5,4.6379
2014-05-06,6,1.71
2014-05-06,7,1.2775
2014-05-06,8,0.615
2014-05-06,9,0.5158
2014-05-06,9.2,0.5951
2014-05-07,0.1,0.6745
2014-05-07,1,0.98
2014-05-07,2,1.5235
2014-05-07,3,2.2217
2014-05-07,4,2.3963
2014-05-07,5,5.6813
2014-05-07,6,2.5153
2014-05-07,7,1.3767
2014-05-07,8,1.579
2014-05-07,9,1.3331
2014-05-07,9.2,1.2537
2014-05-08,0.1,0.6229
2014-05-08,1,0.8213
2014-05-08,2,1.6544
2014-05-08,3,2.6026
2014-05-08,4,2.5788
2014-05-08,5,4.0547
2014-05-08,6,1.9559
2014-05-08,7,1.9639
2014-05-08,8,2.2217
2014-05-08,9,1.7496
2014-05-08,9.2,1.9996
2014-05-09,0.1,0.7776
2014-05-09,1,1.0117
2014-05-09,2,1.6504
2014-05-09,3,2.436
2014-05-09,4,3.0708
2014-05-09,5,5.6099
2014-05-09,6,2.682
2014-05-09,7,2.5352
2014-05-09,8,2.5907
2014-05-09,9,2.6582
2014-05-09,9.2,2.4161
2014-05-10,0.1,2.6383
2014-05-10,1,2.5629
2014-05-10,2,2.6502
2014-05-10,3,3.3405
2014-05-10,4,3.0192
2014-05-10,5,4.4316
2014-05-10,6,2.7811
2014-05-10,7,2.6463
2014-05-10,8,2.4796
2014-05-10,9,2.3249
2014-05-10,9.2,2.5907
2014-05-12,0.1,0.7657
2014-05-12,1,1.1387
2014-05-12,2,1.7695
2014-05-12,3,2.7454
2014-05-12,4,3.289
2014-05-12,5,4.7212
2014-05-12,6,3.2334
2014-05-12,7,3.289
2014-05-12,8,3.0271
2014-05-12,9,3.0549
2014-05-12,9.2,2.8565
2014-05-14,0.1,0.6665
2014-05-14,1,1.1307
2014-05-14,2,1.4521
2014-05-14,3,2.7454
2014-05-14,4,3.7412
2014-05-14,5,4.4474
2014-05-14,6,3.166
2014-05-14,7,3.5468
2014-05-14,8,3.6698
2014-05-14,9,3.3009
2014-05-14,9.2,3.7412
2014-05-15,0.1,2.793
2014-05-15,1,2.6502
2014-05-15,2,2.2733
2014-05-15,3,2.4161
2014-05-15,4,3.7769
2014-05-15,5,4.0269
2014-05-15,6,3.654
2014-05-15,7,4.2332
2014-05-15,8,3.7888
2014-05-15,9,3.6024
2014-05-15,9.2,3.7174
2014-05-19,0.1,0.8173
2014-05-19,1,1.2537
2014-05-19,2,2.5828
2014-05-19,3,3.527
2014-05-19,4,4.1618
2014-05-19,5,4.6061
2014-05-19,6,3.3564
2014-05-19,7,3.7888
2014-05-19,8,3.7412
2014-05-19,9,3.4675
2014-05-19,9.2,3.3564
2014-05-22,0.1,0.9284
2014-05-22,1,1.702
2014-05-22,2,2.2098
2014-05-22,3,3.281
2014-05-22,4,4.257
2014-05-22,5,3.4159
2014-05-22,6,3.0192
2014-05-22,7,2.9716
2014-05-22,8,2.8565
2014-05-22,9,2.9002
2014-05-22,9.2,2.9041
2014-05-26,0.1,0.5713
2014-05-26,1,1.8925
2014-05-26,2,2.0432
2014-05-26,3,3.9118
2014-05-26,4,4.0586
2014-05-26,5,3.4913
2014-05-26,6,2.7891
2014-05-26,7,2.9795
2014-05-26,8,2.8407
2014-05-26,9,2.5233
2014-05-26,9.2,2.674
2014-05-28,0.1,0.7618
2014-05-28,1,2.1107
2014-05-28,2,2.3368
2014-05-28,3,4.1261
2014-05-28,4,4.9632
2014-05-28,5,3.6857
2014-05-28,6,2.9319
2014-05-28,7,2.7811
2014-05-28,8,2.1424
2014-05-28,9,2.4161
2014-05-28,9.2,2.8605
2014-06-02,0.1,1.7893
2014-06-02,1,3.8563
2014-06-02,2,3.6341
2014-06-02,3,4.741
2014-06-02,4,7.0103
2014-06-02,5,2.3447
2014-06-02,6,1.7734
2014-06-02,7,1.7179
2014-06-02,8,1.7258
2014-06-02,9,1.71
2014-06-02,9.2,1.7139
2014-06-03,0.1,1.5156
2014-06-03,1,1.4441
2014-06-03,2,2.4241
2014-06-03,3,3.3088
2014-06-03,4,7.288
2014-06-03,5,1.9718
2014-06-03,6,1.9599
2014-06-03,7,1.9639
2014-06-03,8,1.7139
2014-06-03,9,1.4481
2014-06-03,9.2,1.8806
2014-06-04,0.1,1.214
2014-06-04,1,1.7774
2014-06-04,2,2.3487
2014-06-04,3,6.1494
2014-06-04,4,6.3279
2014-06-04,5,5.0663
2014-06-04,6,1.464
2014-06-04,7,1.1942
2014-06-04,8,1.1664
2014-06-04,9,1.1307
2014-06-04,9.2,0.8649
2014-06-05,0.1,2.1265
2014-06-05,1,2.9002
2014-06-05,2,2.7653
2014-06-05,3,6.5263
2014-06-05,4,10.2318
2014-06-05,5,1.5156
2014-06-05,6,1.2537
2014-06-05,7,1.1149
2014-06-05,8,0.8768
2014-06-05,9,0.9958
2014-06-05,9.2,0.8689
2014-06-06,0.1,1.6901
2014-06-06,1,1.8766
2014-06-06,2,2.1226
2014-06-06,3,2.7811
2014-06-06,4,10.2953
2014-06-06,5,1.8171
2014-06-06,6,1.6346
2014-06-06,7,1.1744
2014-06-06,8,0.8689
2014-06-06,9,0.9284
2014-06-06,9.2,0.738
2014-06-09,0.1,0.8014
2014-06-09,1,1.2497
2014-06-09,2,2.5748
2014-06-09,3,3.9555
2014-06-09,4,10.1168
2014-06-09,5,3.65
2014-06-09,6,1.2616
2014-06-09,7,0.9284
2014-06-09,8,0.8094
2014-06-09,9,0.6824
2014-06-09,9.2,0.6824
2014-06-12,0.1,2.0115
2014-06-12,1,2.3487
2014-06-12,2,2.4598
2014-06-12,3,2.9795
2014-06-12,4,9.601
2014-06-12,5,5.832
2014-06-12,6,1.0553
2014-06-12,7,0.8252
2014-06-12,8,0.6467
2014-06-12,9,0.7618
2014-06-12,9.2,0.5793
2014-06-16,0.1,0.5594
2014-06-16,1,1.3648
2014-06-16,2,2.6661
2014-06-16,3,2.9359
2014-06-16,4,6.7842
2014-06-16,5,4.011
2014-06-16,6,1.464
2014-06-16,7,0.9681
2014-06-16,8,0.8411
2014-06-16,9,0.607
2014-06-16,9.2,0.5555
2014-06-19,0.1,0.9522
2014-06-19,1,1.5037
2014-06-19,2,2.7256
2014-06-19,3,4.5585
2014-06-19,4,7.5856
2014-06-19,5,4.1737
2014-06-19,6,1.5354
2014-06-19,7,1.1307
2014-06-19,8,0.7062
2014-06-19,9,0.5198
2014-06-19,9.2,0.5317
2014-06-23,0.1,2.4003
2014-06-23,1,2.7772
2014-06-23,2,4.6339
2014-06-23,3,4.6141
2014-06-23,4,9.7438
2014-06-23,5,4.0348
2014-06-23,6,2.2971
2014-06-23,7,1.8329
2014-06-23,8,1.1545
2014-06-23,9,0.5951
2014-06-23,9.2,0.4563
2014-06-25,0.1,2.1821
2014-06-25,1,2.3685
2014-06-25,2,4.6418
2014-06-25,3,6.6533
2014-06-25,4,8.4624
2014-06-25,5,4.0031
2014-06-25,6,1.5989
2014-06-25,7,1.2696
2014-06-25,8,1.1426
2014-06-25,9,0.607
2014-06-25,9.2,1.2339
2014-06-29,0.1,1.3053
2014-06-29,1,2.0313
2014-06-29,2,3.4397
2014-06-29,3,5.717
2014-06-29,4,5.8995
2014-06-29,5,4.257
2014-06-29,6,2.0988
2014-06-29,7,1.2101
2014-06-29,8,0.7737
2014-06-29,9,0.9601
2014-06-29,9.2,0.8887
2014-06-30,0.1,1.2061
2014-06-30,1,1.7258
2014-06-30,2,1.952
2014-06-30,3,3.6024
2014-06-30,4,6.7009
2014-06-30,5,4.2967
2014-06-30,6,1.4521
2014-06-30,7,1.2735
2014-06-30,8,1.2616
2014-06-30,9,1.1387
2014-06-30,9.2,1.2497
2014-07-01,0.1,1.0553
2014-07-01,1,1.337
2014-07-01,2,1.6346
2014-07-01,3,4.1618
2014-07-01,4,6.8953
2014-07-01,5,3.8404
2014-07-01,6,1.8806
2014-07-01,7,1.6266
2014-07-01,8,1.6346
2014-07-01,9,1.6425
2014-07-01,9.2,1.6346
2014-07-02,0.1,0.9205
2014-07-02,1,0.9998
2014-07-02,2,1.6266
2014-07-02,3,3.2017
2014-07-02,4,8.6568
2014-07-02,5,4.1102
2014-07-02,6,1.9599
2014-07-02,7,2.1464
2014-07-02,8,1.829
2014-07-02,9,1.8925
2014-07-02,9.2,1.5552
2014-07-07,0.1,1.2656
2014-07-07,1,1.3965
2014-07-07,2,1.9044
2014-07-07,3,2.801
2014-07-07,4,3.6817
2014-07-07,5,3.9991
2014-07-07,6,2.9121
2014-07-07,7,2.7256
2014-07-07,8,2.5312
2014-07-07,9,2.8407
2014-07-07,9.2,2.5986
2014-07-09,0.1,1.0672
2014-07-09,1,1.456
2014-07-09,2,1.9718
2014-07-09,3,3.2612
2014-07-09,4,4.4514
2014-07-09,5,4.8481
2014-07-09,6,2.5193
2014-07-09,7,2.5193
2014-07-09,8,2.5986
2014-07-09,9,2.8049
2014-07-09,9.2,2.5391
2014-07-14,0.1,0.8967
2014-07-14,1,1.218
2014-07-14,2,1.9242
2014-07-14,3,4.6934
2014-07-14,4,5.3123
2014-07-14,5,4.6339
2014-07-14,6,2.7216
2014-07-14,7,3.1382
2014-07-14,8,2.4122
2014-07-14,9,2.6859
2014-07-14,9.2,2.4122
2014-07-16,0.1,1.4521
2014-07-16,1,1.7774
2014-07-16,2,1.9083
2014-07-16,3,3.3881
2014-07-16,4,6.6493
2014-07-16,5,4.864
2014-07-16,6,2.7375
2014-07-16,7,2.5272
2014-07-16,8,2.3527
2014-07-16,9,1.8964
2014-07-16,9.2,1.9242
2014-07-21,0.1,1.9758
2014-07-21,1,2.92
2014-07-21,2,3.5786
2014-07-21,3,7.8355
2014-07-21,4,7.2603
2014-07-21,5,4.257
2014-07-21,6,2.7494
2014-07-21,7,2.3368
2014-07-21,8,2.3566
2014-07-21,9,2.5352
2014-07-21,9.2,2.3408
2014-07-23,0.1,1.337
2014-07-23,1,1.7853
2014-07-23,2,2.4638
2014-07-23,3,3.9912
2014-07-23,4,8.9186
2014-07-23,5,4.2292
2014-07-23,6,3.3009
2014-07-23,7,3.5667
2014-07-23,8,3.3802
2014-07-23,9,3.4556
2014-07-23,9.2,3.2929
2014-07-28,0.1,1.5989
2014-07-28,1,1.9123
2014-07-28,2,2.5431
2014-07-28,3,4.6537
2014-07-28,4,9.5613
2014-07-28,5,3.8722
2014-07-28,6,3.9872
2014-07-28,7,3.7293
2014-07-28,8,3.3762
2014-07-28,9,3.4834
2014-07-28,9.2,3.5349
2014-07-30,0.1,1.2616
2014-07-30,1,1.6981
2014-07-30,2,2.2852
2014-07-30,3,4.9671
2014-07-30,4,10.8785
2014-07-30,5,5.4591
2014-07-30,6,3.9277
2014-07-30,7,3.5984
2014-07-30,8,3.6738
2014-07-30,9,3.4913
2014-07-30,9.2,3.8047
2014-08-02,0.1,3.1104
2014-08-02,1,3.2572
2014-08-02,2,3.8801
2014-08-02,3,8.018
2014-08-02,4,10.577
2014-08-02,5,6.0304
2014-08-02,6,4.5942
2014-08-02,7,3.6143
2014-08-02,8,3.1223
2014-08-02,9,2.924
2014-08-02,9.2,3.1739
2014-08-04,0.1,1.4521
2014-08-04,1,1.7615
2014-08-04,2,2.1662
2014-08-04,3,2.9557
2014-08-04,4,12.6717
2014-08-04,5,5.2211
2014-08-04,6,2.6542
2014-08-04,7,2.0115
2014-08-04,8,2.0075
2014-08-04,9,5.6495
2014-08-04,9.2,11.2078
2014-08-06,0.1,1.0871
2014-08-06,1,1.341
2014-08-06,2,1.8567
2014-08-06,3,3.4953
2014-08-06,4,7.8514
2014-08-06,5,6.5898
2014-08-06,6,4.6379
2014-08-06,7,4.3919
2014-08-06,8,3.4318
2014-08-06,9,7.3595
2014-08-06,9.2,9.2598
2014-08-09,0.1,3.0946
2014-08-09,1,3.5508
2014-08-09,2,3.5429
2014-08-09,3,5.717
2014-08-09,4,5.7725
2014-08-09,5,8.6409
2014-08-09,6,4.1102
2014-08-09,7,3.039
2014-08-09,8,4.8521
2014-08-09,9,5.4155
2014-08-09,9.2,6.2169
2014-08-10,0.1,3.9753
2014-08-10,1,4.495
2014-08-10,2,4.7886
2014-08-10,3,4.2411
2014-08-10,4,4.4792
2014-08-10,5,7.8871
2014-08-10,6,2.0908
2014-08-10,7,1.4441
2014-08-10,8,1.6465
2014-08-10,9,3.289
2014-08-10,9.2,3.0628
2014-08-11,0.1,2.7058
2014-08-11,1,3.9317
2014-08-11,2,5.6971
2014-08-11,3,4.1657
2014-08-11,4,2.7058
2014-08-11,5,12.9375
2014-08-11,6,1.456
2014-08-11,7,1.1466
2014-08-11,8,2.8367
2014-08-11,9,3.1818
2014-08-11,9.2,3.4278
2014-08-13,0.1,1.5909
2014-08-13,1,2.2019
2014-08-13,2,3.0906
2014-08-13,3,5.9511
2014-08-13,4,2.7137
2014-08-13,5,11.5529
2014-08-13,6,1.1466
2014-08-13,7,0.8173
2014-08-13,8,2.2733
2014-08-13,9,2.8248
2014-08-13,9.2,2.8565
2014-08-18,0.1,1.7734
2014-08-18,1,3.7452
2014-08-18,2,7.1413
2014-08-18,3,7.0143
2014-08-18,4,4.1221
2014-08-18,5,7.1532
2014-08-18,6,2.9795
2014-08-18,7,2.551
2014-08-18,8,2.3527
2014-08-18,9,4.13
2014-08-18,9.2,4.2649
2014-08-19,0.1,2.7296
2014-08-19,1,3.7373
2014-08-19,2,6.7048
2014-08-19,3,5.7844
2014-08-19,4,6.9072
2014-08-19,5,3.6302
2014-08-19,6,2.1107
2014-08-19,7,1.7853
2014-08-19,8,1.8448
2014-08-19,9,1.7139
2014-08-19,9.2,1.9559
2014-08-21,0.1,1.702
2014-08-21,1,2.8565
2014-08-21,2,5.598
2014-08-21,3,7.8078
2014-08-21,4,4.376
2014-08-21,5,9.4661
2014-08-21,6,2.8803
2014-08-21,7,2.6502
2014-08-21,8,2.436
2014-08-21,9,2.5907
2014-08-21,9.2,2.5907
2014-08-25,0.1,1.7893
2014-08-25,1,3.4675
2014-08-25,2,6.443
2014-08-25,3,9.7835
2014-08-25,4,8.7758
2014-08-25,5,3.6659
2014-08-25,6,2.0194
2014-08-25,7,2.1305
2014-08-25,8,2.1702
2014-08-25,9,2.2297
2014-08-25,9.2,2.2932
2014-09-03,0.1,2.3606
2014-09-03,1,2.2416
2014-09-03,2,2.8208
2014-09-03,3,5.8558
2014-09-03,4,8.7679
2014-09-03,5,5.8162
2014-09-03,6,4.1737
2014-09-03,7,3.9515
2014-09-03,8,4.0626
2014-09-03,9,4.4435
2014-09-03,9.2,4.618
2014-09-08,0.1,3.7611
2014-09-08,1,4.1975
2014-09-08,2,4.1419
2014-09-08,3,6.9786
2014-09-08,4,19.0592
2014-09-08,5,4.1618
2014-09-08,6,2.7573
2014-09-08,7,2.7613
2014-09-08,8,2.6304
2014-09-08,9,2.4876
2014-09-08,9.2,2.4955
2014-09-15,0.1,3.7016
2014-09-15,1,4.7053
2014-09-15,2,4.8323
2014-09-15,3,5.0306
2014-09-15,4,6.0185
2014-09-15,5,3.6698
2014-09-15,6,1.3846
2014-09-15,7,1.3688
2014-09-15,8,1.2577
2014-09-15,9,1.2299
2014-09-15,9.2,1.2974
2014-09-22,0.1,2.1067
2014-09-22,1,2.9954
2014-09-22,2,4.4316
2014-09-22,3,6.0264
2014-09-22,4,11.91
2014-09-22,5,5.9669
2014-09-22,6,2.4439
2014-09-22,7,1.9282
2014-09-22,8,1.5275
2014-09-22,9,1.4878
2014-09-22,9.2,1.4719
2014-09-29,0.1,4.4911
2014-09-29,1,6.4946
2014-09-29,2,11.6283
2014-09-29,3,17.8571
2014-09-29,4,15.191
2014-09-29,5,10.8507
2014-09-29,6,3.0708
2014-09-29,7,2.9319
2014-09-29,8,3.3247
2014-09-29,9,3.3604
2014-09-29,9.2,3.6817
2014-10-04,0.1,3.4556
2014-10-04,1,5.1258
2014-10-04,2,8.514
2014-10-04,3,17.7182
2014-10-04,4,21.1579
2014-10-04,5,9.4026
2014-10-04,6,2.2416
2014-10-04,7,1.8687
2014-10-04,8,1.7853
2014-10-04,9,1.8806
2014-10-04,9.2,1.7615
2014-10-15,0.1,10.569
2014-10-15,1,13.2906
2014-10-15,2,13.4811
2014-10-15,3,18.0435
2014-10-15,4,14.4888
2014-10-15,5,13.8223
2014-10-15,6,3.8563
2014-10-15,7,1.6028
2014-10-15,8,1.4441
2014-10-15,9,1.5116
2014-10-15,9.2,1.5552
2014-10-23,0.1,4.3165
2014-10-23,1,9.0734
2014-10-23,2,10.7634
2014-10-23,3,12.5646
2014-10-23,4,12.5567
2014-10-23,5,10.9618
2014-10-23,6,11.7354
2014-10-23,7,12.148
2014-10-23,8,12.1282
2014-10-23,9,12.0092
2014-10-23,9.2,12.2591
2014-11-10,0.1,5.7884
2014-11-10,1,12.4258
2014-11-10,2,14.1198
2014-11-10,3,14.7109
2014-11-10,4,15.3616
2014-11-10,5,15.4806
2014-11-10,6,15.1632
2014-11-10,7,13.5168
2014-11-10,8,14.0008
2014-11-10,9,14.7903
2014-11-10,9.2,14.7189
2014-12-10,0.1,0.5356
2014-12-10,1,0.5991
2014-12-10,2,0.9522
2014-12-10,3,1.4005
2014-12-10,4,1.4005
2014-12-10,5,1.4997
2014-12-10,6,1.464
2014-12-10,7,1.579
2014-12-10,8,1.3807
2014-12-10,9,1.5632
2014-12-10,9.2,1.46
2015-03-16,0.1,1.1744
2015-03-16,1,2.4241
2015-03-16,2,4.6498
2015-03-16,3,4.9989
2015-03-16,4,4.5387
2015-03-16,5,4.6458
2015-03-16,6,4.9473
2015-03-16,7,3.8404
2015-03-16,8,4.1499
2015-03-16,9,2.1702
2015-03-16,9.2,2.1702
2015-03-31,0.1,0.8371
2015-03-31,1,1.583
2015-03-31,2,3.3802
2015-03-31,3,6.5263
2015-03-31,4,6.5382
2015-03-31,5,6.4073
2015-03-31,6,6.0859
2015-03-31,7,5.8082
2015-03-31,8,5.4115
2015-03-31,9,4.0943
2015-03-31,9.2,3.5944
2015-04-07,0.1,0.3531
2015-04-07,1,0.484
2015-04-07,2,0.7181
2015-04-07,3,1.0395
2015-04-07,4,1.8528
2015-04-07,5,5.963
2015-04-07,6,7.1254
2015-04-07,7,5.7487
2015-04-07,8,5.4313
2015-04-07,9,4.8204
2015-04-07,9.2,4.5903
2015-04-13,0.1,1.0038
2015-04-13,1,1.944
2015-04-13,2,2.4717
2015-04-13,3,2.0273
2015-04-13,4,2.9041
2015-04-13,5,6.1931
2015-04-13,6,5.8796
2015-04-13,7,4.1102
2015-04-13,8,4.3601
2015-04-13,9,3.1144
2015-04-13,9.2,2.9795
2015-04-16,3,27.093
2015-04-16,4,26.9621
2015-04-19,0.1,2.4598
2015-04-19,1,2.5748
2015-04-19,2,4.6934
2015-04-19,3,8.3592
2015-04-19,4,9.0218
2015-04-19,5,6.3637
2015-04-19,6,2.6383
2015-04-19,7,1.6981
2015-04-19,8,1.3648
2015-04-19,9,1.0474
2015-04-19,9.2,1.0474
2015-04-21,0.1,1.0633
2015-04-21,1,2.6582
2015-04-21,2,4.3562
2015-04-21,3,6.4271
2015-04-21,4,5.6297
2015-04-21,5,7.6292
2015-04-21,6,3.7412
2015-04-21,7,2.4003
2015-04-21,8,1.7576
2015-04-21,9,1.4322
2015-04-21,9.2,1.3767
2015-04-25,0.1,2.3487
2015-04-25,1,3.2056
2015-04-25,2,4.0626
2015-04-25,3,6.8596
2015-04-25,4,6.8437
2015-04-25,5,5.9153
2015-04-25,6,3.1937
2015-04-25,7,2.1781
2015-04-25,8,2.3646
2015-04-25,9,1.8052
2015-04-25,9.2,1.9877
2015-04-28,0.1,0.6586
2015-04-28,1,0.7261
2015-04-28,2,1.9202
2015-04-28,3,3.2572
2015-04-28,4,4.9433
2015-04-28,5,5.8598
2015-04-28,6,4.737
2015-04-28,7,3.1461
2015-04-28,8,1.5473
2015-04-28,9,1.4084
2015-04-28,9.2,1.5235
2015-05-01,0.1,2.4598
2015-05-01,1,2.9359
2015-05-01,2,3.2136
2015-05-01,3,3.9039
2015-05-01,4,6.0066
2015-05-01,5,7.8435
2015-05-01,6,6.1256
2015-05-01,7,2.5828
2015-05-01,8,2.1781
2015-05-01,9,1.7576
2015-05-01,9.2,1.5632
2015-05-05,0.1,0.7221
2015-05-05,1,0.7856
2015-05-05,2,1.1069
2015-05-05,3,3.2771
2015-05-05,4,4.987
2015-05-05,5,5.9312
2015-05-05,6,4.3363
2015-05-05,7,3.2215
2015-05-05,8,2.7692
2015-05-05,9,2.5629
2015-05-05,9.2,2.8168
2015-05-07,0.1,1.8964
2015-05-07,1,2.6542
2015-05-07,2,2.067
2015-05-07,3,4.7093
2015-05-07,4,7.1809
2015-05-07,5,8.633
2015-05-07,6,5.1536
2015-05-07,7,4.7886
2015-05-07,8,4.6696
2015-05-07,9,4.6101
2015-05-07,9.2,4.8442
2015-05-11,0.1,0.6864
2015-05-11,1,0.9125
2015-05-11,2,1.3688
2015-05-11,3,1.706
2015-05-11,4,5.9907
2015-05-11,5,10.212
2015-05-11,6,5.6257
2015-05-11,7,6.2486
2015-05-11,8,5.7447
2015-05-11,9,5.7209
2015-05-11,9.2,5.8717
2015-05-14,0.1,2.9041
2015-05-14,1,3.0827
2015-05-14,2,2.3725
2015-05-14,3,2.2495
2015-05-14,4,6.9429
2015-05-14,5,10.2159
2015-05-14,6,7.8752
2015-05-14,7,7.8831
2015-05-14,8,7.6173
2015-05-14,9,7.1849
2015-05-14,9.2,7.9268
2015-05-18,0.1,0.6983
2015-05-18,1,1.0752
2015-05-18,2,1.8409
2015-05-18,3,2.0194
2015-05-18,4,6.5025
2015-05-18,5,9.3511
2015-05-18,6,8.2362
2015-05-18,7,8.4346
2015-05-18,8,8.0696
2015-05-18,9,8.2997
2015-05-18,9.2,7.4824
2015-05-21,0.1,2.1464
2015-05-21,1,2.2059
2015-05-21,2,2.5629
2015-05-21,3,2.6939
2015-05-21,4,7.4309
2015-05-21,5,9.6566
2015-05-21,6,8.3077
2015-05-21,7,8.4941
2015-05-21,8,7.6848
2015-05-21,9,7.7324
2015-05-21,9.2,7.9268
2015-05-25,0.1,1.2616
2015-05-25,1,1.4362
2015-05-25,2,2.4003
2015-05-25,3,2.1067
2015-05-25,4,4.3641
2015-05-25,5,7.6253
2015-05-25,6,7.1968
2015-05-25,7,6.9984
2015-05-25,8,6.8754
2015-05-25,9,7.1413
2015-05-25,9.2,7.3634
2015-05-28,0.1,0.9006
2015-05-28,1,1.2775
2015-05-28,2,2.555
2015-05-28,3,2.4241
2015-05-28,4,4.253
2015-05-28,5,7.6372
2015-05-28,6,6.9111
2015-05-28,7,6.7088
2015-05-28,8,6.5382
2015-05-28,9,6.3557
2015-05-28,9.2,6.3557
2015-06-08,0.1,1.3331
2015-06-08,1,2.1702
2015-06-08,2,3.2096
2015-06-08,3,7.4388
2015-06-08,4,8.4187
2015-06-08,5,3.6381
2015-06-08,6,2.2971
2015-06-08,7,1.9877
2015-06-08,8,1.5037
2015-06-08,9,0.9363
2015-06-08,9.2,0.7499
2015-06-11,0.1,1.0672
2015-06-11,1,1.7536
2015-06-11,2,3.527
2015-06-11,3,4.7727
2015-06-11,4,18.0316
2015-06-11,5,7.6332
2015-06-11,6,3.9198
2015-06-11,7,4.1657
2015-06-11,8,3.8404
2015-06-11,9,2.7613
2015-06-11,9.2,3.0271
2015-06-15,0.1,0.6467
2015-06-15,1,1.5949
2015-06-15,2,4.737
2015-06-15,3,6.2724
2015-06-15,4,28.2872
2015-06-15,5,6.0304
2015-06-15,6,5.229
2015-06-15,7,5.9749
2015-06-15,8,4.9671
2015-06-15,9,3.8722
2015-06-15,9.2,4.4197
2015-06-22,0.1,1.3251
2015-06-22,1,2.0988
2015-06-22,2,11.3506
2015-06-22,3,11.7196
2015-06-22,5,10.3191
2015-06-22,6,7.046
2015-06-22,7,6.9707
2015-06-22,8,6.7128
2015-06-22,9,6.2684
2015-06-22,9.2,5.352
2015-06-23,0.1,1.3489
2015-06-23,1,2.1107
2015-06-23,2,3.2056
2015-06-23,3,26.1528
2015-06-23,4,13.3184
2015-06-23,5,11.426
2015-06-23,6,8.0656
2015-06-23,7,4.2649
2015-06-23,8,4.1856
2015-06-23,9,2.5867
2015-06-23,9.2,2.1821
2015-06-29,0.1,2.0273
2015-06-29,1,2.1583
2015-06-29,2,2.8526
2015-06-29,3,6.0185
2015-06-29,4,33.1789
2015-06-29,5,13.6596
2015-06-29,6,9.5098
2015-06-29,7,8.7163
2015-06-29,8,8.0696
2015-06-29,9,5.959
2015-06-29,9.2,5.8439
2015-07-02,0.1,1.4679
2015-07-02,1,1.9559
2015-07-02,2,3.5032
2015-07-02,3,6.201
2015-07-02,4,127.8914
2015-07-02,5,4.0586
2015-07-02,6,2.801
2015-07-02,7,2.8407
2015-07-02,8,2.9914
2015-07-02,9,2.0869
2015-07-02,9.2,1.9758
2015-07-06,0.1,2.551
2015-07-06,1,2.801
2015-07-06,2,6.082
2015-07-06,3,48.3778
2015-07-06,4,5.9074
2015-07-06,5,3.3128
2015-07-06,6,1.214
2015-07-06,7,0.6824
2015-07-06,8,0.6348
2015-07-06,9,0.6586
2015-07-06,9.2,0.6983
2015-07-09,0.1,1.583
2015-07-09,1,2.4598
2015-07-09,2,2.9755
2015-07-09,3,6.2605
2015-07-09,4,6.4589
2015-07-09,5,1.7457
2015-07-09,6,0.5991
2015-07-09,7,0.4444
2015-07-09,8,0.3968
2015-07-09,9,0.4364
2015-07-09,9.2,0.3769
2015-07-13,0.1,2.0353
2015-07-13,1,3.4278
2015-07-13,2,2.1027
2015-07-13,3,109.0465
2015-07-13,4,1.9837
2015-07-13,5,1.2696
2015-07-13,6,0.5317
2015-07-13,7,0.3214
2015-07-13,8,0.2738
2015-07-13,9,0.3254
2015-07-13,9.2,0.2896
2015-07-16,0.1,3.4119
2015-07-16,1,4.8957
2015-07-16,2,3.4754
2015-07-16,3,6.562
2015-07-16,4,8.1291
2015-07-16,5,1.5275
2015-07-16,6,0.3293
2015-07-16,7,0.4206
2015-07-16,8,0.3254
2015-07-16,9,0.3412
2015-07-16,9.2,0.3412
2015-07-20,0.1,2.5391
2015-07-20,1,3.8246
2015-07-20,2,4.3006
2015-07-20,3,6.6453
2015-07-20,4,6.6771
2015-07-20,5,2.551
2015-07-20,6,1.0791
2015-07-20,7,1.0276
2015-07-20,8,0.8133
2015-07-20,9,0.9522
2015-07-20,9.2,0.9919
2015-07-23,0.1,2.0789
2015-07-23,1,2.4757
2015-07-23,2,2.1583
2015-07-23,3,2.6582
2015-07-23,4,12.4535
2015-07-23,5,2.4241
2015-07-23,6,1.4084
2015-07-23,7,1.583
2015-07-23,8,1.2855
2015-07-23,9,1.3251
2015-07-23,9.2,1.1268
2015-07-27,0.1,2.2495
2015-07-27,1,2.1107
2015-07-27,2,2.3844
2015-07-27,3,3.7016
2015-07-27,4,7.657
2015-07-27,5,6.4113
2015-07-27,6,1.8687
2015-07-27,7,1.9163
2015-07-27,8,1.6504
2015-07-27,9,1.6544
2015-07-27,9.2,1.5156
2015-07-30,0.1,3.9396
2015-07-30,1,4.4633
2015-07-30,2,4.6379
2015-07-30,3,5.471
2015-07-30,4,7.5182
2015-07-30,5,3.4992
2015-07-30,6,1.0911
2015-07-30,7,1.0712
2015-07-30,8,1.0712
2015-07-30,9,0.9482
2015-07-30,9.2,0.9443
2015-08-03,0.1,2.2813
2015-08-03,1,2.7256
2015-08-03,2,3.0549
2015-08-03,3,8.6131
2015-08-03,4,12.1917
2015-08-03,5,2.8962
2015-08-03,6,1.3727
2015-08-03,7,1.1783
2015-08-03,8,1.2855
2015-08-03,9,1.2696
2015-08-03,9.2,1.1664
2015-08-08,0.1,6.0977
2015-08-08,1,6.6972
2015-08-08,2,8.1424
2015-08-08,3,17.0594
2015-08-08,4,15.3795
2015-08-08,5,3.5503
2015-08-08,6,1.3324
2015-08-08,7,1.2457
2015-08-08,8,1.2724
2015-08-08,9,1.1749
2015-08-08,9.2,1.1749
2015-08-31,0.1,8.4108
2015-08-31,1,8.4108
2015-08-31,2,9.3644
2015-08-31,3,14.0031
2015-08-31,4,19.2997
2015-08-31,5,3.6432
2015-08-31,6,1.5286
2015-08-31,7,0.6726
2015-08-31,8,0.6434
2015-08-31,9,0.6823
2015-08-31,9.2,0.6533
2015-09-07,0.1,6.8798
2015-09-07,1,6.8603
2015-09-07,2,10.0146
2015-09-07,3,20.6769
2015-09-07,4,22.3699
2015-09-07,5,4.3324
2015-09-07,6,1.9343
2015-09-07,7,0.8201
2015-09-07,8,0.7939
2015-09-07,9,0.7847
2015-09-07,9.2,0.7852
2015-09-14,0.1,5.8992
2015-09-14,1,6.1057
2015-09-14,2,8.9778
2015-09-14,3,9.9814
2015-09-14,4,11.136
2015-09-14,5,16.1632
2015-09-14,6,2.6626
2015-09-14,7,0.6168
2015-09-14,8,0.623
2015-09-14,9,0.613
2015-09-14,9.2,0.6172
2015-09-21,0.1,7.1858
2015-09-21,1,6.8493
2015-09-21,2,7.7944
2015-09-21,3,8.062
2015-09-21,4,11.03
2015-09-21,5,8.7484
2015-09-21,6,3.5402
2015-09-21,7,1.0978
2015-09-21,8,1.0429
2015-09-21,9,1.0091
2015-09-21,9.2,1.0889
2015-09-28,0.1,0.017
2015-09-28,1,8.1277
2015-09-28,2,9.8839
2015-09-28,3,8.7164
2015-09-28,4,4.6819
2015-09-28,5,2.9747
2015-09-28,6,6.8831
2015-09-28,7,0.8088
2015-09-28,8,0.7668
2015-09-28,9,0.7501
2015-09-28,9.2,0.7512
2015-10-05,0.1,2.4399
2015-10-05,1,2.3087
2015-10-05,2,3.1589
2015-10-05,3,3.7679
2015-10-05,4,4.1141
2015-10-05,5,3.8499
2015-10-05,6,3.5097
2015-10-05,7,3.0435
2015-10-05,8,2.5933
2015-10-05,9,2.0945
2015-10-05,9.2,2.1003
2015-10-19,0.1,0.6739
2015-10-19,1,0.6743
2015-10-19,2,0.9454
2015-10-19,3,1.4284
2015-10-19,4,1.4903
2015-10-19,5,1.5441
2015-10-19,6,1.6772
2015-10-19,7,1.857
2015-10-19,8,1.8514
2015-10-19,9,1.7935
2015-10-19,9.2,1.8078
2015-10-23,0.1,1.639
2015-10-23,1,2.2265
2015-10-23,2,2.8249
2015-10-23,3,2.7734
2015-10-23,4,3.0562
2015-10-23,5,2.808
2015-10-23,6,2.3532
2015-10-23,7,2.2802
2015-10-23,8,2.4298
2015-10-23,9,2.4869
2015-10-23,9.2,2.4459
2015-12-07,0.1,1.9975
2015-12-07,1,2.3872
2015-12-07,2,3.5089
2015-12-07,3,3.7387
2015-12-07,4,4.5092
2015-12-07,5,5.0877
2015-12-07,6,4.7544
2015-12-07,7,5.1405
2015-12-07,8,4.5849
2015-12-07,9,4.9617
2015-12-07,9.2,4.9642
2016-05-12,0.1,1.4921
2016-05-12,1,1.6916
2016-05-12,2,1.9939
2016-05-12,3,3.0916
2016-05-12,4,3.8047
2016-05-12,5,4.6869
2016-05-12,6,3.2304
2016-05-16,0.1,0.5223
2016-05-16,1,0.7761
2016-05-16,2,1.3224
2016-05-16,3,1.5062
2016-05-16,4,6.1985
2016-05-16,5,7.1488
2016-05-16,6,4.8108
2016-05-19,0.1,1.6972
2016-05-19,1,1.9897
2016-05-19,2,2.2751
2016-05-19,3,5.1653
2016-05-19,4,5.7059
2016-05-19,5,5.7195
2016-05-23,0.1,1.1352
2016-05-23,1,1.3653
2016-05-23,2,1.4507
2016-05-23,3,1.9424
2016-05-23,4,5.223
2016-05-23,5,6.1877
2016-05-23,6,4.3575
2016-05-26,0.1,0.9458
2016-05-26,1,0.9799
2016-05-26,2,1.0613
2016-05-26,3,1.6608
2016-05-26,4,3.0413
2016-05-29,0.1,2.3874
2016-05-29,1,2.5197
2016-05-29,2,1.7672
2016-05-29,3,1.8029
2016-05-29,4,3.0001
2016-05-29,5,4.0394
2016-05-30,0.1,1.0872
2016-05-30,1,2.3628
2016-05-30,2,1.9019
2016-05-30,3,1.8468
2016-05-30,4,2.8074
2016-05-30,5,3.0161
2016-05-31,0.1,1.484
2016-05-31,1,1.5609
2016-05-31,2,2.0806
2016-05-31,3,2.1549
2016-05-31,4,2.7885
2016-05-31,5,2.8436
2016-05-31,6,2.9833
2016-06-01,0.1,2.6023
2016-06-01,1,2.8392
2016-06-01,2,2.5588
2016-06-01,3,2.5575
2016-06-01,4,3.5999
2016-06-01,5,3.3539
2016-06-01,6,3.4716
2016-06-02,0.1,1.5351
2016-06-02,1,1.7332
2016-06-02,2,2.3239
2016-06-02,3,2.1406
2016-06-02,4,3.0449
2016-06-02,5,3.3557
2016-06-02,6,3.2717
2016-06-03,0.1,2.1944
2016-06-03,1,2.0123
2016-06-03,2,2.7546
2016-06-03,3,2.9589
2016-06-03,4,3.6312
2016-06-03,5,3.8815
2016-06-06,0.1,1.3515
2016-06-06,1,1.7178
2016-06-06,2,2.6834
2016-06-06,3,3.7343
2016-06-06,4,3.6508
2016-06-06,5,3.3171
2016-06-06,6,2.3704
2016-06-07,0.1,0.8579
2016-06-07,1,1.3284
2016-06-07,2,2.0836
2016-06-07,3,3.2007
2016-06-07,4,3.6399
2016-06-07,5,3.4394
2016-06-08,0.1,1.6522
2016-06-08,1,2.6212
2016-06-08,2,3.6179
2016-06-08,3,3.4069
2016-06-08,4,4.2069
2016-06-08,5,3.1621
2016-06-09,0.1,2.047
2016-06-09,1,1.8856
2016-06-09,2,2.9813
2016-06-09,3,3.9463
2016-06-09,4,4.4431
2016-06-09,5,3.8292
2016-06-09,6,2.5408
2016-06-13,0.1,1.1124
2016-06-13,1,1.5957
2016-06-13,2,2.5619
2016-06-13,3,3.5928
2016-06-13,4,5.737
2016-06-13,5,4.8382
2016-06-13,6,2.4959
2016-06-20,0.1,1.5726
2016-06-20,1,1.6471
2016-06-20,2,2.6752
2016-06-20,3,4.0635
2016-06-20,4,14.4524
2016-06-20,5,5.4571
2016-06-20,6,3.2692
2016-06-20,8,2.0931
2016-06-20,9,2.064
2016-06-20,9.2,2.064
2016-06-23,0.1,4.2377
2016-06-23,1,4.3883
2016-06-23,2,4.1986
2016-06-23,3,4.6062
2016-06-23,4,9.8123
2016-06-23,5,10.2966
2016-06-23,6,4.1591
2016-06-26,0.1,2.9413
2016-06-26,1,3.2106
2016-06-26,2,3.6626
2016-06-26,3,5.3787
2016-06-26,4,10.1002
2016-06-26,5,7.7128
2016-06-26,6,2.5522
2016-06-27,0.1,3.0818
2016-06-27,1,3.9727
2016-06-27,2,4.8689
2016-06-27,3,6.3352
2016-06-27,4,11.2095
2016-06-27,5,7.3169
2016-06-27,6,5.8394
2016-06-27,7,1.9233
2016-06-27,8,1.916
2016-06-27,9,1.9159
2016-06-27,9.2,2.1236
2016-06-28,0.1,3.7652
2016-06-28,1,2.4311
2016-06-28,2,4.4341
2016-06-28,3,4.737
2016-06-28,4,5.8428
2016-06-28,5,6.121
2016-06-28,6,5.3188
2016-06-28,7,2.5253
2016-06-28,8,2.3106
2016-06-28,9,2.3668
2016-06-28,9.2,2.2287
2016-06-30,0.1,2.4364
2016-06-30,1,3.4203
2016-06-30,2,3.4871
2016-06-30,3,5.2674
2016-06-30,4,7.1918
2016-06-30,5,5.0469
2016-06-30,6,3.0487
2016-06-30,7,2.128
2016-06-30,8,2.0602
2016-06-30,9,2.0119
2016-06-30,9.2,1.9797
2016-07-05,0.1,5.0834
2016-07-05,1,5.0981
2016-07-05,2,5.4864
2016-07-05,3,6.9002
2016-07-05,4,7.1423
2016-07-05,5,4.1771
2016-07-05,6,1.9548
2016-07-05,7,1.435
2016-07-05,8,1.3801
2016-07-05,9,1.3567
2016-07-05,9.2,1.3999
2016-07-07,0.1,3.7311
2016-07-07,1,3.683
2016-07-07,2,5.4525
2016-07-07,3,8.3368
2016-07-07,4,6.6772
2016-07-07,5,5.5906
2016-07-07,6,2.8387
2016-07-07,7,2.0064
2016-07-07,8,1.974
2016-07-07,9,1.9311
2016-07-07,9.2,1.9097
2016-07-11,0.1,2.0076
2016-07-11,1,2.2233
2016-07-11,2,3.4885
2016-07-11,3,8.1476
2016-07-11,4,6.0132
2016-07-11,5,6.2357
2016-07-11,6,3.8136
2016-07-11,7,2.2067
2016-07-11,8,2.1629
2016-07-11,9,2.0504
2016-07-11,9.2,2.2066
2016-07-14,0.1,1.8467
2016-07-14,1,1.9388
2016-07-14,2,2.8202
2016-07-14,3,7.9028
2016-07-14,4,6.5113
2016-07-14,5,7.2275
2016-07-14,6,3.3083
2016-07-14,7,1.9554
2016-07-14,8,1.924
2016-07-14,9,1.8546
2016-07-14,9.2,1.8681
2016-07-18,0.1,1.4988
2016-07-18,1,1.465
2016-07-18,2,2.6588
2016-07-18,3,7.5204
2016-07-18,4,7.244
2016-07-18,5,6.435
2016-07-18,6,5.309
2016-07-18,7,3.4608
2016-07-18,8,2.5523
2016-07-18,9,3.6076
2016-07-18,9.2,2.6608
2016-07-21,0.1,1.2416
2016-07-21,1,1.0511
2016-07-21,2,1.7012
2016-07-21,3,5.1466
2016-07-21,4,5.1192
2016-07-21,5,4.4691
2016-07-21,6,4.5433
2016-07-21,7,3.8145
2016-07-21,8,3.8876
2016-07-21,9,3.6084
2016-07-21,9.2,3.939
2016-07-24,0.1,1.3501
2016-07-24,1,1.7004
2016-07-24,3,9.7823
2016-07-24,4,4.6717
2016-07-24,5,6.2513
2016-07-24,6,9.2649
2016-07-24,7,5.8158
2016-07-24,8,8.8869
2016-07-24,9,8.8239
2016-07-24,9.2,10.6818
2016-07-25,0.1,1.004
2016-07-25,1,1.524
2016-07-25,2,2.6447
2016-07-25,3,4.6626
2016-07-25,4,4.2682
2016-07-25,5,3.762
2016-07-25,6,5.9589
2016-07-25,7,6.7229
2016-07-25,8,9.9608
2016-07-25,9,5.7095
2016-07-25,9.2,9.6405
2016-07-26,0.1,1.0385
2016-07-26,1,1.6522
2016-07-26,2,2.0277
2016-07-26,3,5.9186
2016-07-26,4,4.793
2016-07-26,5,4.479
2016-07-26,7,8.244
2016-07-26,8,6.7998
2016-07-26,9,6.7829
2016-07-26,9.2,6.7117
2016-07-28,0.1,2.4069
2016-07-28,1,2.4712
2016-07-28,2,2.8871
2016-07-28,3,3.5192
2016-07-28,4,4.2152
2016-07-28,5,3.5893
2016-07-28,6,2.4249
2016-07-28,7,7.2173
2016-07-28,8,6.2152
2016-07-28,9,5.5566
2016-07-28,9.2,6.0006
2016-08-01,0.1,1.0246
2016-08-01,1,1.2149
2016-08-01,2,2.5133
2016-08-01,3,2.5256
2016-08-01,4,2.555
2016-08-01,5,1.3744
2016-08-01,6,4.3145
2016-08-01,7,2.989
2016-08-01,8,2.8279
2016-08-01,9,1.8805
2016-08-01,9.2,2.3988
2016-08-08,0.1,2.9908
2016-08-08,1,2.8487
2016-08-08,2,3.0529
2016-08-08,3,3.12
2016-08-08,4,3.8165
2016-08-08,5,15.3114
2016-08-08,6,2.1581
2016-08-11,0.1,1.5385
2016-08-11,1,1.7917
2016-08-11,2,2.5564
2016-08-11,3,4.439
2016-08-11,4,2.2281
2016-08-11,5,17.4979
2016-08-11,6,1.4488
2016-08-15,0.1,1.5004
2016-08-15,1,1.5275
2016-08-15,2,1.8505
2016-08-15,3,4.4256
2016-08-15,4,6.0951
2016-08-15,5,11.7049
2016-08-15,6,2.2212
2016-08-18,0.1,2.6939
2016-08-18,1,2.7516
2016-08-18,2,2.8358
2016-08-18,3,5.7691
2016-08-18,4,8.4783
2016-08-18,5,7.6332
2016-08-18,6,1.1141
2016-08-23,0.1,3.9763
2016-08-23,1,4.1844
2016-08-23,2,4.8907
2016-08-23,3,7.4372
2016-08-23,4,9.4067
2016-08-23,5,6.0726
2016-08-23,6,1.7738
2016-08-26,0.1,2.5347
2016-08-26,1,4.4324
2016-08-26,2,5.1307
2016-08-26,3,11.6456
2016-08-26,4,10.6299
2016-08-26,5,3.1905
2016-08-26,6,1.3138
2016-09-02,0.1,3.2354
2016-09-02,1,4.5569
2016-09-02,2,5.247
2016-09-02,3,8.3463
2016-09-02,4,7.3105
2016-09-02,5,2.6899
2016-09-02,6,1.4091
2016-09-06,0.1,2.2
2016-09-06,1,3.0359
2016-09-06,2,3.8099
2016-09-06,3,6.3888
2016-09-06,4,4.6639
2016-09-06,5,3.1325
2016-09-06,6,1.6379
2016-09-09,0.1,1.5613
2016-09-09,1,2.7449
2016-09-09,2,3.4219
2016-09-09,3,17.0086
2016-09-09,4,9.0509
2016-09-09,5,4.7387
2016-09-09,6,1.6245
2016-09-16,0.1,0.2101
2016-09-16,1,4.7981
2016-09-16,2,5.4247
2016-09-16,3,20.6571
2016-09-16,4,7.4376
2016-09-16,5,3.8547
2016-09-16,6,2.3834
2016-09-17,0.1,4.0676
2016-09-17,1,7.3606
2016-09-17,2,8.8731
2016-09-17,3,10.4895
2016-09-17,4,4.0906
2016-09-17,5,2.4423
2016-09-17,6,1.9972
2016-09-17,7,0.7936
2016-09-27,0.1,8.9701
2016-09-27,1,4.2662
2016-09-27,2,4.048
2016-09-27,3,3.4799
2016-09-27,4,2.491
2016-09-27,5,3.1905
2016-09-27,6,1.0379
2016-09-27,7,0.5705
2016-09-27,8,0.505
2016-09-27,9,0.5411
2016-09-27,9.2,0.5565
2016-09-30,0.1,4.4914
2016-09-30,1,4.8032
2016-09-30,2,3.0908
2016-09-30,3,2.5814
2016-09-30,4,1.3624
2016-09-30,5,1.6415
2016-09-30,6,1.574
2016-09-30,7,0.7433
2016-09-30,8,0.7512
2016-09-30,9,0.732
2016-09-30,9.2,0.7686
2016-10-05,0.1,3.1792
2016-10-05,1,3.9498
2016-10-05,2,3.1285
2016-10-05,3,1.9356
2016-10-05,4,1.3808
2016-10-05,5,1.1506
2016-10-05,6,0.834
2016-10-05,7,1.5345
2016-10-05,8,0.7494
2016-10-05,9,0.4956
2016-10-05,9.2,0.4785
2016-10-06,0.1,2.7344
2016-10-06,1,2.7668
2016-10-06,2,2.8496
2016-10-06,3,2.7992
2016-10-06,4,2.5572
2016-10-06,5,2.1993
2016-10-06,6,0.9955
2016-10-06,7,0.8795
2016-10-06,8,3.0352
2016-10-06,9,0.9535
2016-10-06,9.2,1.0909
2016-10-07,0.1,3.3572
2016-10-07,1,3.2963
2016-10-07,2,3.4739
2016-10-07,3,3.3318
2016-10-07,4,2.2952
2016-10-07,5,1.7351
2016-10-07,6,1.4178
2016-10-07,7,1.2138
2016-10-07,8,1.1957
2016-10-07,9,1.0907
2016-10-07,9.2,1.0282
2016-10-11,0.1,2.0682
2016-10-11,1,2.7095
2016-10-11,2,2.5836
2016-10-11,3,2.3238
2016-10-11,4,2.4034
2016-10-11,5,1.7231
2016-10-11,6,1.4385
2016-10-11,7,1.4349
2016-10-11,8,1.3831
2016-10-11,9,1.3996
2016-10-11,9.2,1.4258
2016-10-14,0.1,2.1606
2016-10-14,1,2.2491
2016-10-14,2,2.1525
2016-10-14,3,2.0914
2016-10-14,4,2.177
2016-10-14,5,1.9439
2016-10-14,6,1.5977
2016-10-14,7,1.6138
2016-10-14,8,1.5328
2016-10-14,9,1.5235
2016-10-14,9.2,1.4535
2016-11-04,0.1,1.785
2016-11-04,1,1.8556
2016-11-04,2,1.9654
2016-11-04,3,1.991
2016-11-04,4,2.1382
2016-11-04,5,1.7912
2016-11-04,6,1.3814
2016-11-04,7,1.1893
2016-11-04,8,1.0247
2016-11-04,9,1.0889
2016-11-04,9.2,1.1334
2016-11-11,0.1,2.566
2016-11-11,1,2.5986
2016-11-11,2,2.9093
2016-11-11,3,3.2713
2016-11-11,4,3.053
2016-11-11,5,2.4304
2016-11-11,6,2.5008
2016-11-11,7,2.4785
2016-11-11,8,2.4917
2016-11-11,9,2.3225
2016-11-11,9.2,2.3351
2016-12-02,0.1,2.0907
2016-12-02,1,1.9431
2016-12-02,2,2.9276
2016-12-02,3,3.7803
2016-12-02,4,4.0251
2016-12-02,5,3.8749
2016-12-02,6,3.8343
2016-12-02,7,3.7475
2016-12-02,8,2.9672
2016-12-02,9,3.4802
2016-12-02,9.2,3.5608
2017-03-12,0.1,2.3547
2017-03-12,1,1.8773
2017-03-12,2,3.7714
2017-03-12,3,5.1819
2017-03-12,4,6.6515
2017-03-12,5,7.7986
2017-03-12,6,8.1606
2017-03-12,7,8.3803
2017-03-12,8,8.5356
2017-03-12,9,8.9417
2017-03-12,9.2,9.188
2017-03-26,0.1,1.8498
2017-03-26,1,2.5961
2017-03-26,2,5.3356
2017-03-26,3,10.2758
2017-03-26,4,8.7938
2017-03-26,5,7.3892
2017-03-26,6,6.4438
2017-03-26,7,6.8049
2017-03-26,8,7.3871
2017-03-26,9,8.3502
2017-03-26,9.2,8.4627
2017-04-09,0.1,0.7564
2017-04-09,1,1.5167
2017-04-09,2,2.9732
2017-04-09,3,4.6388
2017-04-09,4,5.0499
2017-04-09,5,7.455
2017-04-09,6,8.3991
2017-04-09,7,9.2086
2017-04-09,8,9.5606
2017-04-09,9,9.8474
2017-04-09,9.2,10.2207
2017-04-16,0.1,1.6078
2017-04-16,1,1.7341
2017-04-16,2,2.6149
2017-04-16,3,4.9003
2017-04-16,4,6.7433
2017-04-16,5,9.2693
2017-04-16,6,10.8491
2017-04-16,7,11.2201
2017-04-16,8,11.3277
2017-04-16,9,11.0419
2017-04-16,9.2,11.2026
2017-04-23,0.1,1.4945
2017-04-23,1,1.6527
2017-04-23,2,2.829
2017-04-23,3,4.0744
2017-04-23,4,5.7358
2017-04-23,5,8.8883
2017-04-23,6,8.9676
2017-04-23,7,12.1514
2017-04-23,8,11.4795
2017-04-23,9,11.7974
2017-04-23,9.2,12.2879
2017-04-30,0.1,0.9039
2017-04-30,1,0.973
2017-04-30,2,1.3681
2017-04-30,3,5.9496
2017-04-30,4,7.0044
2017-04-30,5,10.7695
2017-04-30,6,9.1481
2017-04-30,7,10.2341
2017-04-30,8,9.4986
2017-04-30,9,9.7957
2017-04-30,9.2,8.6507
2017-05-04,0.1,0.8216
2017-05-04,1,1.1159
2017-05-04,2,1.4152
2017-05-04,3,2.979
2017-05-04,4,6.3262
2017-05-04,5,8.5793
2017-05-04,6,8.8374
2017-05-04,7,8.8071
2017-05-04,8,9.0831
2017-05-04,9,8.3492
2017-05-04,9.2,8.734
2017-05-07,0.1,1.3371
2017-05-07,1,1.7852
2017-05-07,2,1.8404
2017-05-07,3,2.4355
2017-05-07,4,5.7629
2017-05-07,5,6.6288
2017-05-07,6,6.7341
2017-05-07,7,6.7389
2017-05-07,8,6.7977
2017-05-07,9,6.8354
2017-05-07,9.2,6.8919
2017-05-09,0.1,2.0693
2017-05-09,1,2.5576
2017-05-09,2,3.329
2017-05-09,3,2.3677
2017-05-09,4,4.3873
2017-05-09,5,5.5938
2017-05-09,6,5.8561
2017-05-09,7,6.0363
2017-05-09,8,5.9261
2017-05-09,9,5.9103
2017-05-09,9.2,6.0406
2017-05-14,0.1,0.7738
2017-05-14,1,0.9355
2017-05-14,2,1.5334
2017-05-14,3,2.8833
2017-05-14,4,4.2656
2017-05-14,5,4.5494
2017-05-14,6,4.7069
2017-05-14,7,4.8541
2017-05-14,8,4.917
2017-05-14,9,4.8501
2017-05-14,9.2,5.0016
2018-04-20,0.1,0.4552
2018-04-20,1,0.5988
2018-04-20,2,1.7897
2018-04-20,3,2.3038
2018-04-20,4,4.4444
2018-04-20,5,5.815
2018-04-20,6,4.966
2018-04-20,7,4.1091
2018-04-20,8,3.6587
2018-04-20,9,2.9414
2018-04-20,9.2,2.8294
2018-04-23,0.1,1.1247
2018-04-23,1,1.8008
2018-04-23,2,2.486
2018-04-23,3,3.3972
2018-04-23,4,4.6504
2018-04-23,5,6.5965
2018-04-23,6,7.0123
2018-04-23,7,6.3044
2018-04-23,8,5.0019
2018-04-23,9,4.6448
2018-04-23,9.2,4.6236
2018-04-30,0.1,0.2649
2018-04-30,1,0.4573
2018-04-30,2,0.6406
2018-04-30,3,1.2252
2018-04-30,4,3.2105
2018-04-30,5,5.4561
2018-04-30,6,6.1092
2018-04-30,7,7.0778
2018-04-30,8,7.1445
2018-04-30,9,7.017
2018-04-30,9.2,7.262
2018-05-04,0.1,0.4115
2018-05-04,1,0.7124
2018-05-04,2,0.9386
2018-05-04,3,0.9672
2018-05-04,4,0.7545
2018-05-04,5,1.7864
2018-05-04,6,2.6089
2018-05-04,7,4.882
2018-05-04,8,5.0735
2018-05-04,9,5.1037
2018-05-04,9.2,5.1143
2018-05-07,0.1,0.9537
2018-05-07,1,1.1589
2018-05-07,2,1.1654
2018-05-07,3,1.9907
2018-05-07,4,1.0863
2018-05-07,5,0.5562
2018-05-07,6,0.5774
2018-05-07,7,0.5393
2018-05-07,8,0.6622
2018-05-07,9,0.5377
2018-05-07,9.2,0.5381
2018-05-11,0.1,0.8558
2018-05-11,1,0.8232
2018-05-11,2,1.7592
2018-05-11,3,2.3378
2018-05-11,4,1.5644
2018-05-11,5,0.5054
2018-05-11,6,0.4899
2018-05-11,7,0.6404
2018-05-11,8,0.632
2018-05-11,9,0.5743
2018-05-11,9.2,0.6675
2018-05-14,0.1,0.5492
2018-05-14,1,0.8976
2018-05-14,2,1.8919
2018-05-14,3,2.7264
2018-05-14,4,2.7124
2018-05-14,5,0.7939
2018-05-14,6,0.6144
2018-05-14,7,0.6246
2018-05-14,8,0.6903
2018-05-14,9,0.6697
2018-05-14,9.2,0.6717
2018-05-17,0.1,1.6377
2018-05-17,1,2.7578
2018-05-17,2,3.9749
2018-05-17,3,3.0409
2018-05-17,4,2.8508
2018-05-17,5,0.8452
2018-05-17,6,0.6915
2018-05-17,7,0.9503
2018-05-17,8,0.8775
2018-05-17,9,1.0029
2018-05-17,9.2,0.8896
2018-05-21,0.1,1.7711
2018-05-21,1,2.495
2018-05-21,2,3.979
2018-05-21,3,3.0853
2018-05-21,4,1.4477
2018-05-21,5,0.7319
2018-05-21,6,0.7966
2018-05-21,7,0.9139
2018-05-21,8,0.829
2018-05-21,9,0.7441
2018-05-21,9.2,0.8209
2018-05-28,0.1,3.5018
2018-05-28,1,4.0598
2018-05-28,2,4.8726
2018-05-28,3,2.7133
2018-05-28,4,1.8318
2018-05-28,5,1.5326
2018-05-28,6,1.6418
2018-05-28,7,1.6984
2018-05-28,8,1.7631
2018-05-28,9,1.573
2018-05-28,9.2,1.4719
2018-06-04,0.1,1.1573
2018-06-04,1,1.5844
2018-06-04,2,1.9028
2018-06-04,3,2.5378
2018-06-04,4,1.7838
2018-06-04,5,1.2065
2018-06-04,6,1.092
2018-06-04,7,1.2313
2018-06-04,8,1.2875
2018-06-04,9,1.1704
2018-06-04,9.2,1.0062
2018-06-07,0.1,1.0538
2018-06-07,1,1.3246
2018-06-07,2,1.4331
2018-06-07,3,1.7014
2018-06-07,4,2.5246
2018-06-07,5,1.964
2018-06-07,6,1.7635
2018-06-07,7,1.7566
2018-06-07,8,1.8944
2018-06-07,9,1.6722
2018-06-07,9.2,1.74
2018-06-11,0.1,1.5546
2018-06-11,1,1.6397
2018-06-11,2,1.8858
2018-06-11,3,1.6936
2018-06-11,4,2.3986
2018-06-11,5,2.4436
2018-06-11,6,2.5908
2018-06-11,7,2.5878
2018-06-11,8,2.5986
2018-06-11,9,2.6026
2018-06-11,9.2,2.5534
2018-06-14,0.1,1.7298
2018-06-14,1,2.247
2018-06-14,2,2.2974
2018-06-14,3,2.8068
2018-06-14,4,4.1436
2018-06-14,5,1.3145
2018-06-14,6,1.1763
2018-06-14,7,1.4178
2018-06-14,8,1.3252
2018-06-14,9,1.1048
2018-06-14,9.2,1.0466
2018-06-18,0.1,0.6996
2018-06-18,1,1.2657
2018-06-18,2,2.1068
2018-06-18,3,1.8399
2018-06-18,4,3.4937
2018-06-18,5,1.755
2018-06-18,6,1.4679
2018-06-18,7,1.4679
2018-06-18,8,1.5164
2018-06-18,9,1.4517
2018-06-18,9.2,1.4962
2018-06-25,0.1,2.8023
2018-06-25,1,2.8993
2018-06-25,2,4.1933
2018-06-25,3,4.9333
2018-06-25,4,3.3805
2018-06-25,5,1.5407
2018-06-25,6,1.2212
2018-06-25,7,1.0231
2018-06-25,8,1.0878
2018-06-25,9,1.019
2018-06-25,9.2,0.9139
2018-07-02,0.1,1.2697
2018-07-02,1,1.7914
2018-07-02,2,11.8398
2018-07-02,3,2.5556
2018-07-02,4,2.3413
2018-07-02,5,1.6579
2018-07-02,6,1.3223
2018-07-02,7,1.3668
2018-07-02,8,1.3142
2018-07-02,9,1.2333
2018-07-02,9.2,1.3102
2018-07-05,0.1,2.0825
2018-07-05,1,3.5059
2018-07-05,2,6.2717
2018-07-05,3,3.9021
2018-07-05,4,3.3118
2018-07-05,5,1.7671
2018-07-05,6,1.3627
2018-07-05,7,1.4234
2018-07-05,8,1.3789
2018-07-05,9,1.6013
2018-07-05,9.2,1.4355
2018-07-09,0.1,1.9895
2018-07-09,1,2.6769
2018-07-09,2,3.4412
2018-07-09,3,5.3942
2018-07-09,4,3.5099
2018-07-09,5,2.9721
2018-07-09,6,1.3789
2018-07-09,7,1.4113
2018-07-09,8,1.573
2018-07-09,9,1.294
2018-07-09,9.2,1.4113
2018-07-16,0.1,1.8075
2018-07-16,1,2.4424
2018-07-16,2,7.412
2018-07-16,3,8.9607
2018-07-16,4,4.4197
2018-07-16,5,1.6337
2018-07-16,6,1.0271
2018-07-16,7,0.8371
2018-07-16,8,0.8937
2018-07-16,9,0.8977
2018-07-16,9.2,0.829
2018-07-19,0.1,2.4842
2018-07-19,1,2.586
2018-07-19,2,5.3156
2018-07-19,3,8.7633
2018-07-19,4,6.2212
2018-07-19,5,2.0541
2018-07-19,6,1.0302
2018-07-19,7,1.0339
2018-07-19,8,0.8702
2018-07-19,9,0.9607
2018-07-19,9.2,0.8838
2018-07-26,0.1,2.3599
2018-07-26,1,4.1489
2018-07-26,2,5.3064
2018-07-26,3,2.4039
2018-07-26,4,1.276
2018-07-26,5,0.3209
2018-07-26,6,0.2969
2018-07-26,7,0.2688
2018-07-26,8,0.2909
2018-07-26,9,0.2989
2018-07-26,9.2,0.3164
2018-07-30,0.1,4.9475
2018-07-30,1,4.6621
2018-07-30,2,6.0797
2018-07-30,3,2.6098
2018-07-30,4,1.919
2018-07-30,5,0.6658
2018-07-30,6,0.4849
2018-07-30,7,0.4761
2018-07-30,8,0.5223
2018-07-30,9,0.4687
2018-07-30,9.2,0.4624
2018-08-02,0.1,2.41
2018-08-02,1,2.495
2018-08-02,2,3.4857
2018-08-02,3,1.3749
2018-08-02,4,2.0704
2018-08-02,5,0.5944
2018-08-02,6,0.5378
2018-08-02,7,0.3235
2018-08-02,8,0.3559
2018-08-02,9,2.0259
2018-08-02,9.2,1.7024
2018-08-06,0.1,2.2872
2018-08-06,1,2.4096
2018-08-06,2,2.3024
2018-08-06,3,2.0833
2018-08-06,4,2.081
2018-08-06,5,0.9666
2018-08-06,6,1.3263
2018-08-06,7,1.5064
2018-08-06,8,1.3936
2018-08-06,9,1.9229
2018-08-06,9.2,1.3175
2018-08-09,0.1,3.3805
2018-08-09,1,4.6826
2018-08-09,4,2.1553
2018-08-09,5,1.112
2018-08-09,6,0.8937
2018-08-09,7,1.2819
2018-08-09,8,0.6632
2018-08-09,9,0.7481
2018-08-09,9.2,0.6875
2018-08-10,0.1,4.6098
2018-08-10,1,5.0182
2018-08-10,4,1.9288
2018-08-10,5,1.0676
2018-08-10,6,0.829
2018-08-10,7,1.0878
2018-08-10,8,1.0999
2018-08-10,9,1.0959
2018-08-10,9.2,1.1686
2018-08-13,0.1,4.8079
2018-08-13,1,6.1221
2018-08-13,2,7.0926
2018-08-13,3,6.3445
2018-08-13,4,2.6648
2018-08-13,5,1.0029
2018-08-13,6,0.9462
2018-08-13,7,0.7602
2018-08-13,8,0.7036
2018-08-13,9,0.8613
2018-08-13,9.2,0.8654
2018-08-14,0.1,2.5385
2018-08-14,1,5.2766
2018-08-14,4,2.1405
2018-08-14,5,0.8497
2018-08-14,6,0.8835
2018-08-14,7,0.8483
2018-08-14,8,0.9003
2018-08-14,9,3.8976
2018-08-14,9.2,2.6463
2018-08-16,0.1,2.4586
2018-08-16,1,3.4493
2018-08-16,2,4.9616
2018-08-16,4,4.5693
2018-08-16,5,1.8035
2018-08-16,6,0.9139
2018-08-16,7,0.8532
2018-08-16,8,0.9826
2018-08-16,9,2.1391
2018-08-16,9.2,2.3575
2018-08-20,0.1,3.8132
2018-08-20,1,4.3146
2018-08-20,2,4.533
2018-08-20,3,6.8661
2018-08-20,4,4.6826
2018-08-20,5,1.3627
2018-08-20,6,0.9422
2018-08-20,7,1.6822
2018-08-20,8,1.1565
2018-08-20,9,2.0744
2018-08-20,9.2,2.2159
2018-08-24,0.1,3.3563
2018-08-24,1,5.002
2018-08-24,2,8.3057
2018-08-24,4,3.7444
2018-08-24,5,1.2455
2018-08-24,6,1.0716
2018-08-24,7,0.8371
2018-08-24,8,0.8613
2018-08-24,9,2.4383
2018-08-24,9.2,2.4181
2018-08-27,0.1,3.6393
2018-08-27,1,3.8415
2018-08-27,2,6.6276
2018-08-27,3,7.9215
2018-08-27,4,3.514
2018-08-27,5,1.662
2018-08-27,6,0.8007
2018-08-27,7,0.6713
2018-08-27,8,1.2738
2018-08-27,9,2.1189
2018-08-27,9.2,2.0178
2018-09-03,0.1,2.0264
2018-09-03,1,3.0763
2018-09-03,2,4.871
2018-09-03,3,15.9722
2018-09-03,4,8.005
2018-09-03,5,1.7904
2018-09-03,6,1.153
2018-09-03,7,0.8076
2018-09-03,8,0.8593
2018-09-03,9,0.9784
2018-09-03,9.2,0.9311
2018-09-10,0.1,5.5843
2018-09-10,1,5.188
2018-09-10,2,5.653
2018-09-10,3,7.0319
2018-09-10,4,2.6001
2018-09-10,5,1.4355
2018-09-10,6,0.6591
2018-09-10,7,0.6187
2018-09-10,8,0.6713
2018-09-10,9,0.6551
2018-09-10,9.2,0.74
2018-09-17,0.1,5.5184
2018-09-17,1,4.8154
2018-09-17,2,4.7205
2018-09-17,3,4.0339
2018-09-17,4,2.3592
2018-09-17,5,3.7774
2018-09-17,6,3.2464
2018-09-17,7,3.0164
2018-09-17,8,3.0536
2018-09-17,9,2.8829
2018-09-17,9.2,2.6129
2018-09-21,0.1,3.1783
2018-09-21,1,4.258
2018-09-21,2,6.2677
2018-09-21,3,4.2135
2018-09-21,4,2.8548
2018-09-21,5,3.9062
2018-09-21,6,3.0692
2018-09-21,7,2.9721
2018-09-21,8,3.2552
2018-09-21,9,3.7606
2018-09-21,9.2,3.6029
2018-09-24,0.1,3.4735
2018-09-24,1,4.258
2018-09-24,2,4.6502
2018-09-24,3,2.5799
2018-09-24,4,2.131
2018-09-24,5,5.1476
2018-09-24,6,3.1622
2018-09-24,7,2.9923
2018-09-24,8,2.9802
2018-09-24,9,3.3279
2018-09-24,9.2,3.4493
2018-10-01,0.1,3.2147
2018-10-01,1,3.7606
2018-10-01,2,3.6797
2018-10-01,3,2.3575
2018-10-01,4,0.7764
2018-10-01,5,5.5924
2018-10-01,6,3.0449
2018-10-01,7,3.2066
2018-10-01,8,3.2309
2018-10-01,9,3.239
2018-10-01,9.2,3.3522
2018-10-05,0.1,2.0542
2018-10-05,1,3.2673
2018-10-05,4,1.9288
2018-10-05,5,3.0975
2018-10-05,6,3.4533
2018-10-05,7,3.3643
2018-10-05,8,3.3724
2018-10-05,9,3.2592
2018-10-05,9.2,3.239
2018-10-08,0.1,2.1836
2018-10-08,1,2.5556
2018-10-08,2,5.9887
2018-10-08,4,5.8835
2018-10-08,5,2.41
2018-10-08,6,3.332
2018-10-08,7,3.4048
2018-10-08,8,3.5625
2018-10-08,9,3.1298
2018-10-08,9.2,3.1379
2018-10-15,0.1,2.7133
2018-10-15,1,2.1715
2018-10-15,2,1.4921
2018-10-15,3,1.2859
2018-10-15,4,1.0554
2018-10-15,5,1.1646
2018-10-15,6,0.9988
2018-10-15,7,3.1177
2018-10-15,8,3.1824
2018-10-15,9,2.8751
2018-10-15,9.2,2.8548
2018-10-19,0.1,3.2592
2018-10-19,1,1.9491
2018-10-19,2,1.383
2018-10-19,3,1.1606
2018-10-19,4,1.8318
2018-10-19,5,1.9572
2018-10-19,6,1.6903
2018-10-19,7,1.7752
2018-10-19,8,2.6001
2018-10-19,9,2.7052
2018-10-19,9.2,2.8751
2018-10-22,0.1,1.8561
2018-10-22,1,2.3858
2018-10-22,2,2.495
2018-10-22,3,2.4505
2018-10-22,4,2.6324
2018-10-22,5,2.034
2018-10-22,6,2.3777
2018-10-22,7,2.495
2018-10-22,8,1.8399
2018-10-22,9,2.5718
2018-10-22,9.2,2.6486
2018-10-29,0.1,1.3061
2018-10-29,1,1.5932
2018-10-29,2,2.1634
2018-10-29,3,2.0582
2018-10-29,4,2.2443
2018-10-29,5,2.309
2018-10-29,6,2.1391
2018-10-29,7,2.3736
2018-10-29,8,1.941
2018-10-29,9,2.1391
2018-10-29,9.2,2.3736
2018-11-02,0.1,2.3131
2018-11-02,1,1.6737
2018-11-02,2,1.347
2018-11-02,3,1.1485
2018-11-02,4,1.0807
2018-11-02,5,1.0502
2018-11-02,6,1.0052
2018-11-02,7,0.9398
2018-11-02,8,0.8946
2018-11-02,9,0.8141
2018-11-02,9.2,0.8912
2018-11-07,0.1,0.9698
2018-11-07,1,1.4238
2018-11-07,2,2.4574
2018-11-07,3,3.6213
2018-11-07,4,2.2827
2018-11-07,5,1.1852
2018-11-07,6,0.7824
2018-11-07,7,0.7142
2018-11-07,8,0.7198
2018-11-07,9,0.7684
2018-11-07,9.2,0.7149
2018-11-13,0.1,1.3827
2018-11-13,1,1.5889
2018-11-13,2,1.5267
2018-11-13,3,1.8461
2018-11-13,4,1.9698
2018-11-13,5,1.6491
2018-11-13,6,1.6497
2018-11-13,7,1.8932
2018-11-13,8,1.6577
2018-11-13,9,1.5769
2018-11-13,9.2,1.3877
2018-11-19,0.1,1.1853
2018-11-19,1,1.5063
2018-11-19,2,1.6502
2018-11-19,3,1.7876
2018-11-19,4,2.0477
2018-11-19,5,2.0022
2018-11-19,6,2.1024
2018-11-19,7,2.0439
2018-11-19,8,1.9611
2018-11-19,9,1.6512
2018-11-19,9.2,1.5348
2018-12-06,0.1,2.7457
2018-12-06,1,3.3118
2018-12-06,2,3.518
2018-12-06,3,3.5665
2018-12-06,4,3.8577
2018-12-06,5,3.8819
2018-12-06,6,4.4036
2018-12-06,7,3.7444
2018-12-06,8,4.0962
2018-12-06,9,3.8253
2018-12-06,9.2,3.9426
2018-12-17,0.1,1.205
2018-12-17,1,2.6244
2018-12-17,2,3.6717
2018-12-17,3,3.6231
2018-12-17,4,4.2256
2018-12-17,5,3.4331
2018-12-17,6,4.5613
2018-12-17,7,4.7837
2018-12-17,8,3.9426
2018-12-17,9,3.9062
2018-12-17,9.2,3.7364
2019-02-08,0.1,0.9923
2019-02-08,1,0.9923
2019-02-08,2,1.9765
2019-02-08,3,4.2043
2019-02-08,4,4.2692
2019-02-08,5,4.2348
2019-02-08,6,4.17
2019-02-08,7,4.2768
2019-02-08,8,4.1433
2019-02-08,9,4.3035
2019-02-08,9.2,4.2272
2019-06-03,0.1,1.1601
2019-06-03,1,1.3623
2019-06-03,2,1.5759
2019-06-03,3,2.255
2019-06-03,4,4.189
2019-06-03,5,6.7526
2019-06-03,6,2.6326
2019-06-03,7,1.4233
2019-06-03,8,1.1029
2019-06-03,9,2.7661
2019-06-03,9.2,2.2969
2019-06-06,0.1,0.7138
2019-06-06,1,1.4424
2019-06-06,2,1.5836
2019-06-06,3,2.3885
2019-06-06,4,3.6092
2019-06-06,5,5.8103
2019-06-06,6,2.3656
2019-06-06,7,1.9498
2019-06-06,8,1.7743
2019-06-06,9,1.8086
2019-06-06,9.2,1.9917
2019-06-10,0.1,2.7814
2019-06-10,1,3.2735
2019-06-10,2,1.7972
2019-06-10,3,2.4838
2019-06-10,4,2.6517
2019-06-10,5,2.6479
2019-06-10,6,1.6751
2019-06-10,7,1.3814
2019-06-10,8,1.5263
2019-06-10,9,1.6026
2019-06-10,9.2,1.3165
2019-06-13,0.1,1.7481
2019-06-13,1,2.416
2019-06-13,2,2.605
2019-06-13,3,3.211
2019-06-13,4,4.161
2019-06-13,5,2.0158
2019-06-13,6,1.8736
2019-06-13,7,1.443
2019-06-13,8,1.5203
2019-06-13,9,1.424
2019-06-13,9.2,1.5252
2019-06-17,0.1,0.8472
2019-06-17,1,1.4759
2019-06-17,2,2.0271
2019-06-17,3,2.3016
2019-06-17,4,3.152
2019-06-17,5,1.2518
2019-06-17,6,1.1541
2019-06-17,7,1.1581
2019-06-17,8,1.1874
2019-06-17,9,1.1317
2019-06-17,9.2,1.0217
2019-06-20,0.1,2.0948
2019-06-20,1,3.0809
2019-06-20,2,3.2553
2019-06-20,3,3.4578
2019-06-20,4,3.1565
2019-06-20,5,1.0757
2019-06-20,6,0.6073
2019-06-20,7,0.6562
2019-06-20,8,0.5321
2019-06-20,9,0.495
2019-06-20,9.2,0.4765
2019-06-24,0.1,1.5783
2019-06-24,1,1.8449
2019-06-24,2,2.9799
2019-06-24,3,3.0393
2019-06-24,4,3.1773
2019-06-24,5,0.8534
2019-06-24,6,0.7004
2019-06-24,7,0.5619
2019-06-24,8,0.4934
2019-06-24,9,0.4434
2019-06-24,9.2,1.1729
2019-06-27,0.1,1.0012
2019-06-27,1,1.7488
2019-06-27,2,2.9881
2019-06-27,3,4.2132
2019-06-27,4,3.7595
2019-06-27,5,2.6439
2019-06-27,6,0.6818
2019-06-27,7,0.7202
2019-06-27,8,0.793
2019-06-27,9,0.5274
2019-06-27,9.2,1.117
2019-07-01,0.1,1.9082
2019-07-01,1,2.7327
2019-07-01,2,3.8332
2019-07-01,3,6.1653
2019-07-01,4,5.2108
2019-07-01,5,2.7076
2019-07-01,6,1.0913
2019-07-01,7,0.5647
2019-07-01,8,0.5001
2019-07-01,9,0.6188
2019-07-01,9.2,0.6242
2019-07-03,0.1,2.2987
2019-07-03,1,2.5569
2019-07-03,2,2.6998
2019-07-03,3,5.1106
2019-07-03,4,5.5651
2019-07-03,5,3.3363
2019-07-03,6,1.3117
2019-07-03,7,0.7283
2019-07-03,8,0.6836
2019-07-03,9,0.6316
2019-07-03,9.2,0.7821
2019-07-08,0.1,1.9994
2019-07-08,1,2.8691
2019-07-08,2,3.7618
2019-07-08,3,3.2048
2019-07-08,4,6.4664
2019-07-08,5,2.9912
2019-07-08,6,1.2402
2019-07-08,7,0.5612
2019-07-08,8,0.4887
2019-07-08,9,0.5879
2019-07-08,9.2,0.8969
2019-07-15,0.1,4.3896
2019-07-15,1,4.7817
2019-07-15,2,5.5049
2019-07-15,3,4.6998
2019-07-15,4,5.0817
2019-07-15,5,2.4843
2019-07-15,6,1.6552
2019-07-15,7,1.6903
2019-07-15,8,1.7738
2019-07-15,9,1.8662
2019-07-15,9.2,1.8988
2019-07-18,0.1,7.8681
2019-07-18,1,7.6782
2019-07-18,2,8.0082
2019-07-18,3,6.2715
2019-07-18,4,5.1909
2019-07-18,5,2.7145
2019-07-18,6,1.4881
2019-07-18,7,1.4171
2019-07-18,8,1.5805
2019-07-18,9,1.4778
2019-07-18,9.2,1.5258
2019-07-22,0.1,13.0698
2019-07-22,1,11.9139
2019-07-22,2,13.3864
2019-07-22,3,6.0392
2019-07-22,4,5.4517
2019-07-22,5,2.1901
2019-07-22,6,0.9808
2019-07-22,7,0.9656
2019-07-22,8,0.9045
2019-07-22,9,1.1525
2019-07-22,9.2,1.1334
2019-07-29,0.1,5.8855
2019-07-29,1,7.7133
2019-07-29,2,22.4771
2019-07-29,3,15.9553
2019-07-29,4,5.6297
2019-07-29,5,2.4361
2019-07-29,6,1.257
2019-07-29,7,0.9766
2019-07-29,8,2.6304
2019-07-29,9,3.7873
2019-07-29,9.2,3.8406
2019-08-01,0.1,7.2768
2019-08-01,1,10.3468
2019-08-01,2,14.0188
2019-08-01,3,17.7725
2019-08-01,4,4.1089
2019-08-01,5,1.8972
2019-08-01,6,1.35
2019-08-01,7,1.1357
2019-08-01,8,0.9199
2019-08-01,9,3.3587
2019-08-01,9.2,3.3623
2019-08-05,0.1,3.786
2019-08-05,1,4.6688
2019-08-05,2,6.6893
2019-08-05,3,5.4768
2019-08-05,4,3.8331
2019-08-05,5,1.4862
2019-08-05,6,0.9193
2019-08-05,7,1.1071
2019-08-05,8,2.1826
2019-08-05,9,3.1625
2019-08-05,9.2,2.8149
2019-08-08,0.1,2.7481
2019-08-08,1,3.82
2019-08-08,3,3.5547
2019-08-08,4,3.5549
2019-08-08,5,1.6476
2019-08-08,6,1.04
2019-08-08,7,1.0209
2019-08-08,8,1.1447
2019-08-08,9,1.101
2019-08-08,9.2,1.0196
2019-08-12,0.1,3.6011
2019-08-12,1,4.9
2019-08-12,4,5.0383
2019-08-12,5,1.8485
2019-08-12,6,1.02
2019-08-12,7,0.898
2019-08-12,8,0.9663
2019-08-12,9,0.9709
2019-08-12,9.2,1.0235
2019-08-15,0.1,3.9025
2019-08-15,1,5.4095
2019-08-15,4,3.8885
2019-08-15,5,1.23
2019-08-15,6,0.9737
2019-08-15,7,0.9254
2019-08-15,8,1.1828
2019-08-15,9,0.9882
2019-08-15,9.2,1.2831
2019-08-19,0.1,2.9299
2019-08-19,1,3.283
2019-08-19,4,2.4086
2019-08-19,5,1.7304
2019-08-19,6,0.975
2019-08-19,7,0.9868
2019-08-19,8,0.8614
2019-08-19,9,0.8017
2019-08-19,9.2,0.8777
2019-08-22,0.1,3.1847
2019-08-22,1,3.6492
2019-08-22,4,2.6092
2019-08-22,5,1.3337
2019-08-22,6,0.6327
2019-08-22,7,0.58
2019-08-22,8,5.8245
2019-08-22,9,4.7206
2019-08-22,9.2,4.6327
2019-08-28,0.1,2.4998
2019-08-28,2,3.2917
2019-08-28,4,2.6808
2019-08-28,5,1.1452
2019-08-28,6,0.7165
2019-08-28,7,2.3802
2019-08-28,8,2.4303
2019-08-28,9,2.6525
2019-08-28,9.2,2.4324
2019-09-02,4,4.0292
2019-09-02,5,1.5842
2019-09-02,6,1.835
2019-09-02,7,2.5581
2019-09-02,8,2.7359
2019-09-02,9,2.7846
2019-09-02,9.2,2.681
2019-09-11,0.1,1.3849
2019-09-11,1,1.6319
2019-09-11,4,4.6748
2019-09-11,5,1.146
2019-09-11,6,0.8977
2019-09-11,7,1.0741
2019-09-11,8,1.2561
2019-09-11,9,1.0992
2019-09-11,9.2,1.143
2019-09-20,4,3.918
2019-09-20,5,1.5189
2019-09-20,6,0.6478
2019-09-20,7,0.7451
2019-09-20,8,0.7103
2019-09-20,9,0.7809
2019-09-20,9.2,0.9274
2019-09-27,0.1,2.2703
2019-09-27,1,2.5035
2019-09-27,4,4.0386
2019-09-27,5,0.6635
2019-09-27,6,0.2783
2019-09-27,7,0.3453
2019-09-27,8,0.267
2019-09-27,9,0.2985
2019-09-27,9.2,0.2981
2019-10-02,0.1,1.5929
2019-10-02,1,1.7605
2019-10-02,4,3.7366
2019-10-02,5,0.4002
2019-10-02,6,0.275
2019-10-02,7,0.2631
2019-10-02,8,0.2051
2019-10-02,9,0.1949
2019-10-02,9.2,0.2651
2019-10-04,0.1,1.6101
2019-10-04,1,2.0262
2019-10-04,4,4.1048
2019-10-04,5,0.3359
2019-10-04,6,0.2721
2019-10-04,7,0.27
2019-10-04,8,0.2593
2019-10-04,9,0.2301
2019-10-04,9.2,0.2278
2019-10-11,0.1,2.1703
2019-10-11,3,1.0822
2019-10-11,4,3.8386
2019-10-11,5,0.5488
2019-10-11,6,0.2576
2019-10-11,7,0.2388
2019-10-11,8,0.2027
2019-10-11,9,0.2566
2019-10-11,9.2,0.2446
2019-10-22,0.1,2.6672
2019-10-22,1,3.0938
2019-10-22,2,1.6236
2019-10-22,3,1.4858
2019-10-22,4,1.2031
2019-10-22,5,1.032
2019-10-22,6,0.7678
2019-10-22,7,0.4278
2019-10-22,8,0.5012
2019-10-22,9,0.4949
2019-10-22,9.2,0.4854
2019-10-23,0.1,2.2476
2019-10-23,1,2.4153
2019-10-23,2,2.9089
2019-10-23,3,3.014
2019-10-23,4,2.7183
2019-10-23,5,2.8419
2019-10-23,6,0.4329
2019-10-23,7,0.3434
2019-10-23,8,0.402
2019-10-23,9,0.416
2019-10-23,9.2,0.4198
2019-10-25,0.1,3.347
2019-10-25,1,2.8575
2019-10-25,2,3.8996
2019-10-25,3,3.5922
2019-10-25,4,2.3531
2019-10-25,5,1.3189
2019-10-25,6,0.9958
2019-10-25,7,0.8842
2019-10-25,8,0.8875
2019-10-25,9,0.7752
2019-10-25,9.2,0.7833
2019-10-28,0.1,4.2593
2019-10-28,1,4.7309
2019-10-28,2,2.0084
2019-10-28,3,1.3783
2019-10-28,4,0.9837
2019-10-28,5,0.71
2019-10-28,6,0.6862
2019-10-28,7,0.6039
2019-10-28,8,0.6958
2019-10-28,9,0.6769
2019-10-28,9.2,0.6775
2019-10-30,0.1,3.9527
2019-10-30,1,5.1259
2019-10-30,2,2.3845
2019-10-30,3,1.4832
2019-10-30,4,1.0737
2019-10-30,5,0.7643
2019-10-30,6,0.7167
2019-10-30,7,0.6688
2019-10-30,8,0.6722
2019-10-30,9,0.6027
2019-10-30,9.2,0.5382
2019-11-04,0.1,2.2317
2019-11-04,1,2.293
2019-11-04,2,2.2749
2019-11-04,3,2.4907
2019-11-04,4,2.4268
2019-11-04,5,2.4931
2019-11-04,6,2.3813
2019-11-04,7,2.1126
2019-11-04,8,2.1474
2019-11-04,9,2.6407
2019-11-04,9.2,3.017
2019-11-08,0.1,2.4463
2019-11-08,1,2.643
2019-11-08,2,3.1952
2019-11-08,3,2.8961
2019-11-08,4,2.6488
2019-11-08,5,2.8279
2019-11-08,6,3.2305
2019-11-08,7,2.8056
2019-11-08,8,2.9969
2019-11-08,9,3.5274
2019-11-08,9.2,3.8431
2019-11-20,0.1,1.8312
2019-11-20,1,3.069
2019-11-20,2,3.284
2019-11-20,3,3.3425
2019-11-20,4,3.434
2019-11-20,5,3.4747
2019-11-20,6,3.5847
2019-11-20,7,3.4307
2019-11-20,8,3.6995
2019-11-20,9,3.8806
2019-11-20,9.2,3.9463
2019-12-06,0.1,2.1655
2019-12-06,1,3.4612
2019-12-06,2,3.4595
2019-12-06,3,3.7596
2019-12-06,4,3.8179
2019-12-06,5,3.451
2019-12-06,6,4.0508
2019-12-06,7,3.9729
2019-12-06,8,3.9465
2019-12-06,9,4.5489
2019-12-06,9.2,4.694
