"DateTime","Depth","OXY_oxy"
2013-05-16,0.1,270.3559375
2013-05-16,1,272.6409375
2013-05-16,2,265.4790625
2013-05-16,3,261.6859375
2013-05-16,4,254.7459375
2013-05-16,5,231.4071875
2013-05-16,6,232.0371875
2013-05-16,7,225.4528125
2013-05-16,8,219.544375
2013-05-16,9,215.4846875
2013-05-16,9.2,214.2728125
2013-05-21,0.1,285.116875
2013-05-21,1,277.6278125
2013-05-21,2,272.0940625
2013-05-21,3,250.6659375
2013-05-21,4,245.490625
2013-05-21,5,273.1425
2013-05-21,6,281.8615625
2013-05-21,7,280.00375
2013-05-21,8,281.7121875
2013-05-21,9,276.233125
2013-05-21,9.2,277.2584375
2013-05-23,0.1,277.14125
2013-05-23,1,285.5065625
2013-05-23,2,271.30875
2013-05-23,3,245.393125
2013-05-23,4,226.8540625
2013-05-23,5,290.8721875
2013-05-23,6,289.1778125
2013-05-23,7,287.194375
2013-05-23,8,287.1496875
2013-05-23,9,289.038125
2013-05-23,9.2,288.7565625
2013-05-30,0.1,269.9453125
2013-05-30,1,302.31625
2013-05-30,2,326.6665625
2013-05-30,3,276.649375
2013-05-30,4,237.4715625
2013-05-30,5,329.433125
2013-05-30,6,331.16
2013-05-30,7,329.669375
2013-05-30,8,329.71375
2013-05-30,9,318.97375
2013-05-30,9.2,307.3715625
2013-06-04,0.1,262.6521875
2013-06-04,1,264.1165625
2013-06-04,2,339.53
2013-06-04,3,279.046875
2013-06-04,4,253.9165625
2013-06-04,5,348.1484375
2013-06-04,6,351.846875
2013-06-04,7,352.4346875
2013-06-04,8,347.7359375
2013-06-04,9,345.534375
2013-06-04,9.2,342.300625
2013-06-06,0.1,207.54875
2013-06-06,1,262.829375
2013-06-06,2,338.540625
2013-06-06,3,264.976875
2013-06-06,4,283.1890625
2013-06-06,5,363.4459375
2013-06-06,6,364.399375
2013-06-06,7,363.873125
2013-06-06,8,363.4875
2013-06-06,9,361.53125
2013-06-06,9.2,355.5090625
2013-06-13,0.1,280.2028125
2013-06-13,1,322.39375
2013-06-13,2,313.4378125
2013-06-13,3,257.846875
2013-06-13,4,266.5840625
2013-06-13,5,382.9490625
2013-06-13,6,385.625
2013-06-13,7,384.6440625
2013-06-13,8,379.85375
2013-06-13,9,376.6003125
2013-06-13,9.2,376.6003125
2013-06-20,0.1,233.1053125
2013-06-20,1,305.2046875
2013-06-20,2,313.8434375
2013-06-20,3,256.04125
2013-06-20,4,240.8584375
2013-06-20,5,358.398125
2013-06-20,6,365.0265625
2013-06-20,7,363.515
2013-06-20,8,358.0253125
2013-06-20,9,343.4028125
2013-06-20,9.2,343.4028125
2013-06-25,0.1,284.708125
2013-06-25,1,374.9296875
2013-06-25,2,384.8834375
2013-06-25,3,289.7490625
2013-06-25,4,231.3109375
2013-06-25,5,352.0109375
2013-06-25,6,355.78
2013-06-25,7,342.8478125
2013-06-25,8,311.5971875
2013-06-25,9,257.620625
2013-06-25,9.2,208.5090625
2013-06-27,0.1,286.44125
2013-06-27,1,362.735625
2013-06-27,2,387.035
2013-06-27,3,233.1625
2013-06-27,4,250.1028125
2013-06-27,5,349.056875
2013-06-27,6,348.604375
2013-06-27,7,329.0928125
2013-06-27,8,282.04625
2013-06-27,9,188.786875
2013-06-27,9.2,200.5025
2013-07-03,0.1,251.1203125
2013-07-03,1,302.021875
2013-07-03,2,258.3225
2013-07-03,3,318.923125
2013-07-03,4,227.6265625
2013-07-03,5,324.868125
2013-07-03,6,339.31125
2013-07-03,7,318.906875
2013-07-03,8,263.1671875
2013-07-03,9,169.3440625
2013-07-03,9.2,148.4853125
2013-07-11,0.1,194.721875
2013-07-11,1,200.5059375
2013-07-11,2,217.246875
2013-07-11,3,214.7609375
2013-07-11,4,212.6465625
2013-07-11,5,249.108125
2013-07-11,6,249.414375
2013-07-11,7,250.03625
2013-07-11,8,227.4665625
2013-07-11,9,218.2971875
2013-07-11,9.2,222.6090625
2013-07-15,0.1,230.1753125
2013-07-15,1,259.18625
2013-07-15,2,273.8140625
2013-07-15,3,268.9190625
2013-07-15,4,252.6228125
2013-07-15,5,246.5546875
2013-07-15,6,205.1540625
2013-07-15,7,181.6996875
2013-07-15,8,176.6028125
2013-07-15,9,168.416875
2013-07-15,9.2,165.0553125
2013-07-18,0.1,213.8125
2013-07-18,1,217.1328125
2013-07-18,2,237.225
2013-07-18,3,246.3534375
2013-07-18,4,271.1478125
2013-07-18,5,244.6309375
2013-07-18,6,210.3975
2013-07-18,7,174.7775
2013-07-18,8,173.940625
2013-07-18,9,177.895625
2013-07-18,9.2,179.8434375
2013-07-22,0.1,176.1378125
2013-07-22,1,177.6696875
2013-07-22,2,222.62875
2013-07-22,3,247.6546875
2013-07-22,4,263.4928125
2013-07-22,5,210.36875
2013-07-22,6,170.8615625
2013-07-22,7,154.4596875
2013-07-22,8,149.110625
2013-07-22,9,163.610625
2013-07-22,9.2,163.610625
2013-07-25,0.1,202.0384375
2013-07-25,1,194.8790625
2013-07-25,2,220.3153125
2013-07-25,3,238.6615625
2013-07-25,4,284.22125
2013-07-25,5,284.9734375
2013-07-25,6,238.9840625
2013-07-25,7,193.631875
2013-07-25,8,154.3503125
2013-07-25,9,150.395
2013-07-25,9.2,143.31625
2013-07-29,0.1,175.9184375
2013-07-29,1,192.61375
2013-07-29,2,210.255
2013-07-29,3,231.7915625
2013-07-29,4,266.46375
2013-07-29,5,261.1815625
2013-07-29,6,218.935
2013-07-29,7,164.188125
2013-07-29,8,142.5715625
2013-07-29,9,130.970625
2013-07-29,9.2,125.859375
2013-08-01,0.1,222.853125
2013-08-01,1,221.7353125
2013-08-01,2,233.203125
2013-08-01,3,240.444375
2013-08-01,4,302.9271875
2013-08-01,5,260.8825
2013-08-01,6,215.358125
2013-08-01,7,184.9175
2013-08-01,8,143.3621875
2013-08-01,9,133.5725
2013-08-01,9.2,132.9646875
2013-08-05,1,244.0625
2013-08-05,2,354.0625
2013-08-05,3,337.8125
2013-08-05,4,68.4375
2013-08-05,5,77.8125
2013-08-05,6,144.0625
2013-08-05,7,148.75
2013-08-05,8,150.625
2013-08-05,9,150.625
2013-08-05,9.2,150.625
2013-08-08,0.1,183.15375
2013-08-08,1,192.636875
2013-08-08,2,197.4884375
2013-08-08,3,210.585625
2013-08-08,4,253.6678125
2013-08-08,5,261.13
2013-08-08,6,200.303125
2013-08-08,7,168.690625
2013-08-08,8,155.120625
2013-08-08,9,132.821875
2013-08-08,9.2,132.821875
2013-08-12,0.1,168.6109375
2013-08-12,1,164.79875
2013-08-12,2,159.76
2013-08-12,3,191.016875
2013-08-12,4,199.293125
2013-08-12,5,183.0459375
2013-08-12,6,188.0384375
2013-08-12,7,223.5534375
2013-08-12,8,224.219375
2013-08-12,9,215.2484375
2013-08-12,9.2,215.2484375
2013-08-15,1,261.5625
2013-08-15,2,255.625
2013-08-15,3,350.625
2013-08-15,4,132.8125
2013-08-15,5,94.6875
2013-08-15,6,183.4375
2013-08-15,7,186.25
2013-08-15,8,185.625
2013-08-15,9,184.0625
2013-08-15,9.2,184.0625
2013-08-28,0.1,253.770625
2013-08-28,1,255.3896875
2013-08-28,2,271.94
2013-08-28,3,141.9590625
2013-08-28,4,38.1003125
2013-08-28,5,225.9246875
2013-08-28,6,228.9840625
2013-08-28,7,230.9759375
2013-08-28,8,231.2534375
2013-08-28,9,231.626875
2013-08-28,9.2,231.2675
2013-09-18,0.1,244.371875
2013-09-18,1,243.750625
2013-09-18,2,244.4546875
2013-09-18,3,243.1175
2013-09-18,4,130.605625
2013-09-18,5,311.1728125
2013-09-18,6,317.63
2013-09-18,7,318.0571875
2013-09-18,8,318.93125
2013-09-18,9,319.003125
2013-09-18,9.2,319.8278125
2013-09-25,0.1,256.3228125
2013-09-25,1,254.7565625
2013-09-25,2,246.4178125
2013-09-25,3,200.8996875
2013-09-25,4,196.285625
2013-09-25,5,334.47375
2013-09-25,6,339.6209375
2013-09-25,7,341.1003125
2013-09-25,8,341.6084375
2013-09-25,9,344.1421875
2013-09-25,9.2,342.5775
2013-10-16,0.1,269.6084375
2013-10-16,1,269.1128125
2013-10-16,2,261.26625
2013-10-16,3,235.4840625
2013-10-16,4,184.5265625
2013-10-16,5,291.7046875
2013-10-16,6,242.1625
2013-10-16,7,241.7978125
2013-10-16,8,240.98375
2013-10-16,9,238.880625
2013-10-16,9.2,239.0090625
2013-10-22,1,288.125
2013-10-22,8,288.75
2013-10-22,9,289.0625
2013-10-22,9.2,288.75
2013-10-23,0.1,263.525625
2013-10-23,1,263.5071875
2013-10-23,2,263.9634375
2013-10-23,3,264.458125
2013-10-23,4,242.941875
2013-10-23,5,274.954375
2013-10-23,6,301.108125
2013-10-23,7,301.1184375
2013-10-23,8,302.484375
2013-10-23,9,300.0825
2013-10-23,9.2,300.0990625
2013-10-30,0.1,287.7640625
2013-10-30,1,284.12875
2013-10-30,2,277.105
2013-10-30,3,273.2871875
2013-10-30,4,279.1403125
2013-10-30,5,281.705625
2013-10-30,6,281.5140625
2013-10-30,7,280.6453125
2013-10-30,8,280.211875
2013-10-30,9,277.42875
2013-10-30,9.2,278.0434375
2013-11-06,0.1,205.025
2013-11-06,1,227.2528125
2013-11-06,2,253.5978125
2013-11-06,3,256.678125
2013-11-06,4,257.9859375
2013-11-06,5,257.1859375
2013-11-06,6,257.249375
2013-11-06,7,259.8975
2013-11-06,8,259.2490625
2013-11-06,9,256.990625
2013-11-06,9.2,256.0096875
2013-11-20,0.1,302.4275
2013-11-20,1,302.51375
2013-11-20,2,300.6759375
2013-11-20,3,300.3609375
2013-11-20,4,300.9646875
2013-11-20,5,300.4528125
2013-11-20,6,299.89125
2013-11-20,7,299.5434375
2013-11-20,8,301.234375
2013-11-20,9,302.06625
2013-11-20,9.2,301.704375
2013-12-04,0.1,364.743125
2013-12-04,1,365.189375
2013-12-04,2,359.195
2013-12-04,3,354.0078125
2013-12-04,4,349.5078125
2013-12-04,5,347.1025
2013-12-04,6,347.60625
2013-12-04,7,346.9265625
2013-12-04,8,345.1209375
2013-12-04,9,345.016875
2013-12-04,9.2,344.58
2014-05-05,0.1,272.0959375
2014-05-05,1,289.10625
2014-05-05,2,285.6571875
2014-05-05,3,288.6028125
2014-05-05,4,287.5303125
2014-05-05,5,238.6303125
2014-05-05,6,204.2315625
2014-05-05,7,188.601875
2014-05-05,8,168.529375
2014-05-05,9,164.6596875
2014-05-05,9.2,158.44125
2014-05-06,0.1,296.0534375
2014-05-06,1,298.235625
2014-05-06,2,288.398125
2014-05-06,3,301.3584375
2014-05-06,4,282.8296875
2014-05-06,5,215.075
2014-05-06,6,196.8753125
2014-05-06,7,187.130625
2014-05-06,8,156.8503125
2014-05-06,9,154.5609375
2014-05-06,9.2,168.2540625
2014-05-07,0.1,281.7675
2014-05-07,1,298.3890625
2014-05-07,2,295.9553125
2014-05-07,3,285.1675
2014-05-07,4,293.9275
2014-05-07,5,246.1571875
2014-05-07,6,214.6340625
2014-05-07,7,215.23
2014-05-07,8,214.384375
2014-05-07,9,214.9340625
2014-05-07,9.2,212.6571875
2014-05-08,0.1,272.9128125
2014-05-08,1,297.6775
2014-05-08,2,302.4953125
2014-05-08,3,287.9709375
2014-05-08,4,285.84375
2014-05-08,5,242.265
2014-05-08,6,234.5825
2014-05-08,7,233.0640625
2014-05-08,8,232.1346875
2014-05-08,9,231.6975
2014-05-08,9.2,230.385625
2014-05-09,0.1,265.9921875
2014-05-09,1,305.2025
2014-05-09,2,303.765
2014-05-09,3,293.5975
2014-05-09,4,284.9678125
2014-05-09,5,236.3384375
2014-05-09,6,245.32125
2014-05-09,7,244.7484375
2014-05-09,8,244.765625
2014-05-09,9,244.9234375
2014-05-09,9.2,244.7828125
2014-05-10,0.1,266.858125
2014-05-10,1,303.37625
2014-05-10,2,305.36375
2014-05-10,3,288.11625
2014-05-10,4,267.0584375
2014-05-10,5,251.423125
2014-05-10,6,256.536875
2014-05-10,7,256.74
2014-05-10,8,256.3909375
2014-05-10,9,255.43625
2014-05-10,9.2,256.6628125
2014-05-12,0.1,271.1178125
2014-05-12,1,298.8140625
2014-05-12,2,313.5221875
2014-05-12,3,289.6403125
2014-05-12,4,284.9359375
2014-05-12,5,233.2075
2014-05-12,6,240.45875
2014-05-12,7,239.6721875
2014-05-12,8,240.1721875
2014-05-12,9,238.63375
2014-05-12,9.2,239.033125
2014-05-14,0.1,297.6259375
2014-05-14,1,317.0853125
2014-05-14,2,321.7428125
2014-05-14,3,292.8090625
2014-05-14,4,270.6928125
2014-05-14,5,231.985
2014-05-14,6,232.055
2014-05-14,7,231.365
2014-05-14,8,231.189375
2014-05-14,9,230.3496875
2014-05-14,9.2,230.5296875
2014-05-15,0.1,286.0715625
2014-05-15,1,306.569375
2014-05-15,2,322.146875
2014-05-15,3,295.49875
2014-05-15,4,261.8165625
2014-05-15,5,240.329375
2014-05-15,6,242.3890625
2014-05-15,7,242.9065625
2014-05-15,8,241.97875
2014-05-15,9,241.40375
2014-05-15,9.2,241.32875
2014-05-19,0.1,275.5215625
2014-05-19,1,281.6996875
2014-05-19,2,280.5703125
2014-05-19,3,274.699375
2014-05-19,4,250.0828125
2014-05-19,5,250.8046875
2014-05-19,6,260.975
2014-05-19,7,260.5940625
2014-05-19,8,260.6528125
2014-05-19,9,260.0896875
2014-05-19,9.2,260.3671875
2014-05-22,0.1,275.1271875
2014-05-22,1,280.8375
2014-05-22,2,280.131875
2014-05-22,3,271.0890625
2014-05-22,4,235.7278125
2014-05-22,5,272.2725
2014-05-22,6,271.860625
2014-05-22,7,272.26625
2014-05-22,8,271.9078125
2014-05-22,9,272.8953125
2014-05-22,9.2,271.6621875
2014-05-26,0.1,266.1903125
2014-05-26,1,284.44625
2014-05-26,2,280.2628125
2014-05-26,3,259.40875
2014-05-26,4,215.6871875
2014-05-26,5,283.023125
2014-05-26,6,282.83125
2014-05-26,7,280.4109375
2014-05-26,8,283.95875
2014-05-26,9,283.4453125
2014-05-26,9.2,284.5428125
2014-05-28,0.1,263.6959375
2014-05-28,1,241.718125
2014-05-28,2,248.4865625
2014-05-28,3,229.394375
2014-05-28,4,220.4771875
2014-05-28,5,289.440625
2014-05-28,6,198.636875
2014-05-28,7,288.6653125
2014-05-28,8,287.74125
2014-05-28,9,285.690625
2014-05-28,9.2,209.145625
2014-06-02,0.1,279.9428125
2014-06-02,1,293.7303125
2014-06-02,2,292.8503125
2014-06-02,3,243.3140625
2014-06-02,4,208.595625
2014-06-02,5,296.006875
2014-06-02,6,297.5365625
2014-06-02,7,297.996875
2014-06-02,8,297.866875
2014-06-02,9,296.7628125
2014-06-02,9.2,296.2515625
2014-06-03,0.1,255.958125
2014-06-03,1,291.5740625
2014-06-03,2,296.0578125
2014-06-03,3,226.6803125
2014-06-03,4,190.0971875
2014-06-03,5,298.07
2014-06-03,6,298.5303125
2014-06-03,7,299.9740625
2014-06-03,8,297.32625
2014-06-03,9,288.10875
2014-06-03,9.2,300.779375
2014-06-04,0.1,260.92875
2014-06-04,1,287.8884375
2014-06-04,2,288.5925
2014-06-04,3,219.54375
2014-06-04,4,195.074375
2014-06-04,5,268.0740625
2014-06-04,6,293.1021875
2014-06-04,7,279.30625
2014-06-04,8,278.3378125
2014-06-04,9,241.31125
2014-06-04,9.2,224.715
2014-06-05,0.1,286.5125
2014-06-05,1,285.7796875
2014-06-05,2,287.139375
2014-06-05,3,221.830625
2014-06-05,4,169.1953125
2014-06-05,5,282.4121875
2014-06-05,6,285.5165625
2014-06-05,7,279.1403125
2014-06-05,8,264.7321875
2014-06-05,9,221.8540625
2014-06-05,9.2,153.489375
2014-06-06,0.1,251.403125
2014-06-06,1,265.2696875
2014-06-06,2,281.6515625
2014-06-06,3,215.7059375
2014-06-06,4,191.276875
2014-06-06,5,287.5659375
2014-06-06,6,282.93625
2014-06-06,7,268.44875
2014-06-06,8,246.6221875
2014-06-06,9,197.005625
2014-06-06,9.2,190.1146875
2014-06-09,0.1,257.57875
2014-06-09,1,259.9825
2014-06-09,2,260.1271875
2014-06-09,3,205.88375
2014-06-09,4,184.50875
2014-06-09,5,236.706875
2014-06-09,6,260.725625
2014-06-09,7,230.3434375
2014-06-09,8,204.705
2014-06-09,9,118.205
2014-06-09,9.2,85.0271875
2014-06-12,0.1,277.4746875
2014-06-12,1,275.228125
2014-06-12,2,269.890625
2014-06-12,3,207.4721875
2014-06-12,4,184.8609375
2014-06-12,5,239.8521875
2014-06-12,6,255.7425
2014-06-12,7,241.9259375
2014-06-12,8,207.0540625
2014-06-12,9,125.0434375
2014-06-12,9.2,106.613125
2014-06-16,0.1,258.7475
2014-06-16,1,277.4253125
2014-06-16,2,293.8171875
2014-06-16,3,194.749375
2014-06-16,4,181.5765625
2014-06-16,5,227.7628125
2014-06-16,6,220.9775
2014-06-16,7,238.5584375
2014-06-16,8,183.6921875
2014-06-16,9,43.0209375
2014-06-16,9.2,13.9690625
2014-06-19,0.1,265.908125
2014-06-19,1,294.2546875
2014-06-19,2,300.1340625
2014-06-19,3,201.0284375
2014-06-19,4,158.7925
2014-06-19,5,198.1421875
2014-06-19,6,211.87
2014-06-19,7,213.024375
2014-06-19,8,130.4240625
2014-06-19,9,53.193125
2014-06-19,9.2,22.5696875
2014-06-23,0.1,255.585
2014-06-23,1,286.8771875
2014-06-23,2,303.290625
2014-06-23,3,211.10875
2014-06-23,4,148.244375
2014-06-23,5,183.623125
2014-06-23,6,160.6546875
2014-06-23,7,178.8184375
2014-06-23,8,118.2253125
2014-06-23,9,29.610625
2014-06-23,9.2,13.1
2014-06-25,0.1,255.419375
2014-06-25,1,278.7253125
2014-06-25,2,324.3475
2014-06-25,3,202.261875
2014-06-25,4,147.03125
2014-06-25,5,162.7571875
2014-06-25,6,148.4915625
2014-06-25,7,171.1425
2014-06-25,8,82.3925
2014-06-25,9,7.3203125
2014-06-25,9.2,6.00625
2014-06-29,0.1,253.5696875
2014-06-29,1,260.3015625
2014-06-29,2,311.6471875
2014-06-29,3,205.89125
2014-06-29,4,122.324375
2014-06-29,5,160.2121875
2014-06-29,6,150.068125
2014-06-29,7,126.2971875
2014-06-29,8,84.323125
2014-06-29,9,82.0053125
2014-06-29,9.2,63.8625
2014-06-30,0.1,255.8309375
2014-06-30,1,272.1340625
2014-06-30,2,318.5421875
2014-06-30,3,199.37125
2014-06-30,4,121.60125
2014-06-30,5,154.28375
2014-06-30,6,135.644375
2014-06-30,7,134.3296875
2014-06-30,8,132.7540625
2014-06-30,9,132.60375
2014-06-30,9.2,132.2096875
2014-07-01,0.1,253.1296875
2014-07-01,1,267.786875
2014-07-01,2,320.82375
2014-07-01,3,201.22
2014-07-01,4,126.050625
2014-07-01,5,135.283125
2014-07-01,6,142.41625
2014-07-01,7,141.359375
2014-07-01,8,141.2775
2014-07-01,9,140.7828125
2014-07-01,9.2,140.61625
2014-07-02,0.1,255.889375
2014-07-02,1,265.0440625
2014-07-02,2,307.918125
2014-07-02,3,207.9790625
2014-07-02,4,132.6059375
2014-07-02,5,134.29875
2014-07-02,6,146.363125
2014-07-02,7,146.6015625
2014-07-02,8,145.17625
2014-07-02,9,145.8953125
2014-07-02,9.2,144.5390625
2014-07-07,0.1,248.331875
2014-07-07,1,247.2928125
2014-07-07,2,253.4065625
2014-07-07,3,204.5228125
2014-07-07,4,141.1425
2014-07-07,5,156.6284375
2014-07-07,6,163.9965625
2014-07-07,7,163.799375
2014-07-07,8,163.538125
2014-07-07,9,164.020625
2014-07-07,9.2,164.30875
2014-07-09,0.1,243.6384375
2014-07-09,1,251.4175
2014-07-09,2,244.70375
2014-07-09,3,171.760625
2014-07-09,4,142.6603125
2014-07-09,5,169.0115625
2014-07-09,6,170.689375
2014-07-09,7,168.769375
2014-07-09,8,168.513125
2014-07-09,9,170.405
2014-07-09,9.2,170.3096875
2014-07-14,0.1,246.179375
2014-07-14,1,256.9446875
2014-07-14,2,258.6590625
2014-07-14,3,151.4553125
2014-07-14,4,122.954375
2014-07-14,5,158.3440625
2014-07-14,6,185.3775
2014-07-14,7,185.9271875
2014-07-14,8,185.876875
2014-07-14,9,185.6003125
2014-07-14,9.2,185.7446875
2014-07-16,0.1,248.35125
2014-07-16,1,247.3090625
2014-07-16,2,246.4634375
2014-07-16,3,183.380625
2014-07-16,4,118.83125
2014-07-16,5,162.4728125
2014-07-16,6,192.166875
2014-07-16,7,193.7975
2014-07-16,8,193.2215625
2014-07-16,9,193.2971875
2014-07-16,9.2,193.67125
2014-07-21,0.1,257.8278125
2014-07-21,1,256.873125
2014-07-21,2,236.6021875
2014-07-21,3,201.78125
2014-07-21,4,111.52
2014-07-21,5,161.7484375
2014-07-21,6,200.496875
2014-07-21,7,202.3753125
2014-07-21,8,201.805
2014-07-21,9,201.5328125
2014-07-21,9.2,201.7246875
2014-07-23,0.1,254.9278125
2014-07-23,1,250.335
2014-07-23,2,238.82375
2014-07-23,3,210.8925
2014-07-23,4,113.2721875
2014-07-23,5,194.94625
2014-07-23,6,201.8196875
2014-07-23,7,202.168125
2014-07-23,8,202.8384375
2014-07-23,9,202.589375
2014-07-23,9.2,202.8490625
2014-07-28,0.1,245.524375
2014-07-28,1,246.1040625
2014-07-28,2,229.7728125
2014-07-28,3,174.0034375
2014-07-28,4,80.306875
2014-07-28,5,204.2696875
2014-07-28,6,207.5990625
2014-07-28,7,208.6321875
2014-07-28,8,208.618125
2014-07-28,9,208.435625
2014-07-28,9.2,208.828125
2014-07-30,0.1,243.94875
2014-07-30,1,243.5921875
2014-07-30,2,216.93
2014-07-30,3,169.118125
2014-07-30,4,78.16125
2014-07-30,5,177.545
2014-07-30,6,205.8865625
2014-07-30,7,207.3721875
2014-07-30,8,207.764375
2014-07-30,9,207.0928125
2014-07-30,9.2,207.1834375
2014-08-02,0.1,250.09875
2014-08-02,1,248.81125
2014-08-02,2,232.1371875
2014-08-02,3,197.708125
2014-08-02,4,71.2415625
2014-08-02,5,154.110625
2014-08-02,6,200.05125
2014-08-02,7,171.589375
2014-08-02,8,167.8790625
2014-08-02,9,131.7959375
2014-08-02,9.2,56.2678125
2014-08-04,0.1,256.28625
2014-08-04,1,251.655625
2014-08-04,2,238.55125
2014-08-04,3,179.719375
2014-08-04,4,60.3228125
2014-08-04,5,132.0703125
2014-08-04,6,190.411875
2014-08-04,7,179.933125
2014-08-04,8,90.774375
2014-08-04,9,7.6471875
2014-08-04,9.2,6.573125
2014-08-06,0.1,254.3740625
2014-08-06,1,249.911875
2014-08-06,2,240.935625
2014-08-06,3,170.0609375
2014-08-06,4,96.5553125
2014-08-06,5,129.9928125
2014-08-06,6,183.4378125
2014-08-06,7,161.1084375
2014-08-06,8,66.9375
2014-08-06,9,10.0134375
2014-08-06,9.2,6.9478125
2014-08-09,0.1,240.65875
2014-08-09,1,241.036875
2014-08-09,2,226.615
2014-08-09,3,147.66875
2014-08-09,4,51.69125
2014-08-09,5,120.075
2014-08-09,6,153.133125
2014-08-09,7,77.6128125
2014-08-09,8,15.931875
2014-08-09,9,5.2453125
2014-08-09,9.2,4.866875
2014-08-10,0.1,232.4940625
2014-08-10,1,224.4021875
2014-08-10,2,192.339375
2014-08-10,3,150.2165625
2014-08-10,4,59.0375
2014-08-10,5,136.223125
2014-08-10,6,75.1390625
2014-08-10,7,88.4671875
2014-08-10,8,5.6521875
2014-08-10,9,3.626875
2014-08-10,9.2,3.4696875
2014-08-11,0.1,235.809375
2014-08-11,1,234.1884375
2014-08-11,2,171.805
2014-08-11,3,118.68125
2014-08-11,4,33.48625
2014-08-11,5,109.4153125
2014-08-11,6,83.719375
2014-08-11,7,76.85625
2014-08-11,8,5.735625
2014-08-11,9,4.7840625
2014-08-11,9.2,4.613125
2014-08-13,0.1,252.570625
2014-08-13,1,252.549375
2014-08-13,2,226.8803125
2014-08-13,3,146.0115625
2014-08-13,4,34.2509375
2014-08-13,5,98.461875
2014-08-13,6,97.3915625
2014-08-13,7,14.4646875
2014-08-13,8,6.0578125
2014-08-13,9,4.8246875
2014-08-13,9.2,4.714375
2014-08-18,0.1,257.3740625
2014-08-18,1,271.995
2014-08-18,2,252.069375
2014-08-18,3,98.246875
2014-08-18,4,10.33
2014-08-18,5,92.7140625
2014-08-18,6,47.3696875
2014-08-18,7,6.2709375
2014-08-18,8,4.26875
2014-08-18,9,3.7121875
2014-08-18,9.2,3.7446875
2014-08-19,0.1,260.9490625
2014-08-19,1,247.665
2014-08-19,2,211.84875
2014-08-19,3,96.6909375
2014-08-19,4,14.830625
2014-08-19,5,60.656875
2014-08-19,6,23.741875
2014-08-19,7,13.6221875
2014-08-19,8,12.461875
2014-08-19,9,12.824375
2014-08-19,9.2,12.6575
2014-08-21,0.1,266.9028125
2014-08-21,1,291.5646875
2014-08-21,2,292.506875
2014-08-21,3,88.2409375
2014-08-21,4,15.5834375
2014-08-21,5,40.21375
2014-08-21,6,54.804375
2014-08-21,7,55.3696875
2014-08-21,8,55.47625
2014-08-21,9,54.9315625
2014-08-21,9.2,54.9315625
2014-08-25,0.1,264.5471875
2014-08-25,1,263.55625
2014-08-25,2,265.7496875
2014-08-25,3,69.9146875
2014-08-25,4,8.1771875
2014-08-25,5,44.519375
2014-08-25,6,88.9628125
2014-08-25,7,90.08625
2014-08-25,8,91.2190625
2014-08-25,9,90.8734375
2014-08-25,9.2,90.1059375
2014-09-03,0.1,243.79625
2014-09-03,1,257.5540625
2014-09-03,2,284.4696875
2014-09-03,3,64.3821875
2014-09-03,4,10.0753125
2014-09-03,5,53.6825
2014-09-03,6,128.983125
2014-09-03,7,132.8446875
2014-09-03,8,133.4859375
2014-09-03,9,134.6475
2014-09-03,9.2,134.54125
2014-09-08,0.1,248.0490625
2014-09-08,1,248.1696875
2014-09-08,2,247.2825
2014-09-08,3,62.8659375
2014-09-08,4,9.2625
2014-09-08,5,85.9871875
2014-09-08,6,147.8265625
2014-09-08,7,149.569375
2014-09-08,8,150.234375
2014-09-08,9,150.03875
2014-09-08,9.2,149.735625
2014-09-15,0.1,225.8809375
2014-09-15,1,226.2209375
2014-09-15,2,220.5309375
2014-09-15,3,215.36625
2014-09-15,4,8.0621875
2014-09-15,5,5.21125
2014-09-15,6,171.80875
2014-09-15,7,175.7090625
2014-09-15,8,176.5359375
2014-09-15,9,176.1740625
2014-09-15,9.2,176.264375
2014-09-22,0.1,262.706875
2014-09-22,1,263.121875
2014-09-22,2,263.3684375
2014-09-22,3,237.901875
2014-09-22,4,114.963125
2014-09-22,5,9.418125
2014-09-22,6,190.5834375
2014-09-22,7,204.3796875
2014-09-22,8,205.5878125
2014-09-22,9,205.89625
2014-09-22,9.2,204.8821875
2014-09-29,0.1,277.9971875
2014-09-29,1,275.5478125
2014-09-29,2,267.5728125
2014-09-29,3,199.260625
2014-09-29,4,105.2125
2014-09-29,5,9.0375
2014-09-29,6,226.50125
2014-09-29,7,229.9353125
2014-09-29,8,230.68375
2014-09-29,9,230.6615625
2014-09-29,9.2,230.58
2014-10-04,0.1,280.329375
2014-10-04,1,280.3834375
2014-10-04,2,280.205
2014-10-04,3,216.6978125
2014-10-04,4,53.006875
2014-10-04,5,6.4840625
2014-10-04,6,236.6265625
2014-10-04,7,245.064375
2014-10-04,8,247.2271875
2014-10-04,9,248.9178125
2014-10-04,9.2,248.69125
2014-10-15,0.1,264.63
2014-10-15,1,262.519375
2014-10-15,2,262.474375
2014-10-15,3,182.3421875
2014-10-15,4,155.035
2014-10-15,5,58.258125
2014-10-15,6,273.930625
2014-10-15,7,279.7925
2014-10-15,8,281.5934375
2014-10-15,9,281.7715625
2014-10-15,9.2,281.284375
2014-10-23,0.1,274.5784375
2014-10-23,1,275.0625
2014-10-23,2,275.188125
2014-10-23,3,274.66375
2014-10-23,4,275.1084375
2014-10-23,5,273.7875
2014-10-23,6,274.1784375
2014-10-23,7,274.260625
2014-10-23,8,274.8309375
2014-10-23,9,274.278125
2014-10-23,9.2,273.3915625
2014-11-10,0.1,319.70125
2014-11-10,1,318.3734375
2014-11-10,2,316.610625
2014-11-10,3,315.5396875
2014-11-10,4,314.221875
2014-11-10,5,314.4334375
2014-11-10,6,314.17
2014-11-10,7,313.3403125
2014-11-10,8,313.19125
2014-11-10,9,311.071875
2014-11-10,9.2,310.348125
2014-12-10,0.1,332.130625
2014-12-10,1,332.9715625
2014-12-10,2,332.0790625
2014-12-10,3,332.65625
2014-12-10,4,332.596875
2014-12-10,5,332.08875
2014-12-10,6,331.8459375
2014-12-10,7,332.024375
2014-12-10,8,332.560625
2014-12-10,9,332.285625
2014-12-10,9.2,332.685
2015-02-05,1,421.5625
2015-02-05,2,420.9375
2015-02-05,3,417.5
2015-03-16,0.1,374.709375
2015-03-16,1,375.7359375
2015-03-16,2,373.7021875
2015-03-16,3,368.4746875
2015-03-16,4,367.670625
2015-03-16,5,366.9421875
2015-03-16,6,364.3765625
2015-03-16,7,343.2821875
2015-03-16,8,317.145
2015-03-16,9,217.5615625
2015-03-16,9.2,217.5615625
2015-03-31,0.1,345.29875
2015-03-31,1,344.6571875
2015-03-31,2,347.3490625
2015-03-31,3,343.6715625
2015-03-31,4,335.171875
2015-03-31,5,326.6203125
2015-03-31,6,309.643125
2015-03-31,7,288.403125
2015-03-31,8,271.6709375
2015-03-31,9,250.3325
2015-03-31,9.2,248.1234375
2015-04-07,0.1,310.5728125
2015-04-07,1,314.0021875
2015-04-07,2,319.8865625
2015-04-07,3,325.1403125
2015-04-07,4,338.865
2015-04-07,5,303.3878125
2015-04-07,6,284.7215625
2015-04-07,7,273.0115625
2015-04-07,8,265.865
2015-04-07,9,244.159375
2015-04-07,9.2,234.0921875
2015-04-13,0.1,299.2528125
2015-04-13,1,310.5028125
2015-04-13,2,312.789375
2015-04-13,3,316.1703125
2015-04-13,4,309.8515625
2015-04-13,5,293.4215625
2015-04-13,6,268.089375
2015-04-13,7,250.260625
2015-04-13,8,241.98875
2015-04-13,9,229.8978125
2015-04-13,9.2,224.3703125
2015-04-16,0.1,291.43625
2015-04-16,1,289.41875
2015-04-16,2,302.170625
2015-04-16,3,310.161875
2015-04-16,4,294.2446875
2015-04-16,5,280.8478125
2015-04-16,6,252.8175
2015-04-16,7,234.4834375
2015-04-16,8,219.4715625
2015-04-16,9,217.781875
2015-04-16,9.2,217.781875
2015-04-19,0.1,264.5615625
2015-04-19,1,278.7078125
2015-04-19,2,321.581875
2015-04-19,3,310.349375
2015-04-19,4,280.275625
2015-04-19,5,259.9796875
2015-04-19,6,218.099375
2015-04-19,7,228.26125
2015-04-19,8,198.298125
2015-04-19,9,193.6184375
2015-04-19,9.2,157.5996875
2015-04-21,0.1,287.59
2015-04-21,1,309.9253125
2015-04-21,2,310.8959375
2015-04-21,3,303.25875
2015-04-21,4,276.3409375
2015-04-21,5,259.4184375
2015-04-21,6,241.313125
2015-04-21,7,227.4878125
2015-04-21,8,204.89375
2015-04-21,9,191.430625
2015-04-21,9.2,190.3825
2015-04-25,0.1,291.0025
2015-04-25,1,291.725625
2015-04-25,2,288.2615625
2015-04-25,3,263.823125
2015-04-25,4,241.25875
2015-04-25,5,214.9878125
2015-04-25,6,200.438125
2015-04-25,7,198.885
2015-04-25,8,197.8415625
2015-04-25,9,192.806875
2015-04-25,9.2,178.503125
2015-04-28,0.1,301.1734375
2015-04-28,1,300.378125
2015-04-28,2,302.8846875
2015-04-28,3,295.8253125
2015-04-28,4,229.3925
2015-04-28,5,216.970625
2015-04-28,6,204.160625
2015-04-28,7,193.90625
2015-04-28,8,170.57625
2015-04-28,9,157.6196875
2015-04-28,9.2,136.0365625
2015-05-01,0.1,296.1684375
2015-05-01,1,296.6359375
2015-05-01,2,296.1275
2015-05-01,3,299.221875
2015-05-01,4,225.91875
2015-05-01,5,202.646875
2015-05-01,6,189.2178125
2015-05-01,7,183.2540625
2015-05-01,8,161.0875
2015-05-01,9,158.8521875
2015-05-01,9.2,154.8559375
2015-05-05,0.1,288.56375
2015-05-05,1,289.6384375
2015-05-05,2,261.648125
2015-05-05,3,261.301875
2015-05-05,4,252.4484375
2015-05-05,5,208.22125
2015-05-05,6,165.6709375
2015-05-05,7,153.8015625
2015-05-05,8,149.2875
2015-05-05,9,149.5571875
2015-05-05,9.2,151.23
2015-05-07,0.1,275.289375
2015-05-07,1,296.1671875
2015-05-07,2,325.2225
2015-05-07,3,314.0178125
2015-05-07,4,235.743125
2015-05-07,5,175.7934375
2015-05-07,6,177.774375
2015-05-07,7,180.5721875
2015-05-07,8,179.805625
2015-05-07,9,179.52875
2015-05-07,9.2,179.485625
2015-05-11,0.1,268.2103125
2015-05-11,1,319.7590625
2015-05-11,2,338.6665625
2015-05-11,3,343.0396875
2015-05-11,4,250.3890625
2015-05-11,5,197.398125
2015-05-11,6,201.8696875
2015-05-11,7,202.5246875
2015-05-11,8,203.37
2015-05-11,9,202.9109375
2015-05-11,9.2,202.5375
2015-05-14,0.1,279.795
2015-05-14,1,295.01875
2015-05-14,2,345.9034375
2015-05-14,3,351.7490625
2015-05-14,4,286.729375
2015-05-14,5,199.261875
2015-05-14,6,197.5971875
2015-05-14,7,196.035
2015-05-14,8,194.960625
2015-05-14,9,194.939375
2015-05-14,9.2,194.8353125
2015-05-18,0.1,264.6578125
2015-05-18,1,266.2278125
2015-05-18,2,333.601875
2015-05-18,3,361.710625
2015-05-18,4,264.215
2015-05-18,5,217.376875
2015-05-18,6,216.0315625
2015-05-18,7,215.9253125
2015-05-18,8,215.52375
2015-05-18,9,215.0184375
2015-05-18,9.2,214.9278125
2015-05-21,0.1,258.785625
2015-05-21,1,258.185
2015-05-21,2,355.9059375
2015-05-21,3,362.600625
2015-05-21,4,289.184375
2015-05-21,5,225.34125
2015-05-21,6,224.1475
2015-05-21,7,223.8390625
2015-05-21,8,223.831875
2015-05-21,9,223.24
2015-05-21,9.2,222.830625
2015-05-25,0.1,291.5359375
2015-05-25,1,301.078125
2015-05-25,2,349.97625
2015-05-25,3,373.7053125
2015-05-25,4,283.740625
2015-05-25,5,232.7415625
2015-05-25,6,231.820625
2015-05-25,7,231.1259375
2015-05-25,8,230.815
2015-05-25,9,230.6609375
2015-05-25,9.2,230.0834375
2015-05-28,0.1,213.2421875
2015-05-28,1,258.4246875
2015-05-28,2,345.1821875
2015-05-28,3,376.9765625
2015-05-28,4,263.5346875
2015-05-28,5,236.20125
2015-05-28,6,232.844375
2015-05-28,7,231.9221875
2015-05-28,8,231.520625
2015-05-28,9,230.575625
2015-05-28,9.2,230.4590625
2015-06-01,0.1,213.75
2015-06-01,1,208.75
2015-06-01,2,213.125
2015-06-01,3,292.1875
2015-06-01,4,380
2015-06-01,5,325.625
2015-06-01,6,257.8125
2015-06-01,8,258.4375
2015-06-01,9,255
2015-06-01,9.2,255
2015-06-08,0.1,273.8409375
2015-06-08,1,286.6984375
2015-06-08,2,306.4740625
2015-06-08,3,320.190625
2015-06-08,4,228.525
2015-06-08,5,175.6040625
2015-06-08,6,96.2328125
2015-06-08,7,139.4884375
2015-06-08,8,137.50375
2015-06-08,9,24.4975
2015-06-08,9.2,6.7028125
2015-06-11,0.1,255.1171875
2015-06-11,1,279.52625
2015-06-11,2,340.093125
2015-06-11,3,385.48625
2015-06-11,4,227.7440625
2015-06-11,5,134.51125
2015-06-11,6,171.72375
2015-06-11,7,172.5253125
2015-06-11,8,172.5675
2015-06-11,9,170.823125
2015-06-11,9.2,170.7309375
2015-06-15,0.1,238.5796875
2015-06-15,1,280.86125
2015-06-15,2,334.1703125
2015-06-15,3,413.1296875
2015-06-15,4,235.238125
2015-06-15,5,78.4046875
2015-06-15,6,167.6971875
2015-06-15,7,170.136875
2015-06-15,8,170.125
2015-06-15,9,169.9884375
2015-06-15,9.2,169.5871875
2015-06-22,0.1,245.503125
2015-06-22,1,245.75125
2015-06-22,2,396.0703125
2015-06-22,3,429.3125
2015-06-22,5,44.545
2015-06-22,6,154.93875
2015-06-22,7,158.8184375
2015-06-22,8,159.0978125
2015-06-22,9,158.6353125
2015-06-22,9.2,158.5525
2015-06-23,0.1,250.326875
2015-06-23,1,254.1059375
2015-06-23,2,260.3128125
2015-06-23,3,269.4840625
2015-06-23,4,259.88125
2015-06-23,5,254.474375
2015-06-23,6,143.2221875
2015-06-23,7,158.49625
2015-06-23,8,160.313125
2015-06-23,9,155.135625
2015-06-23,9.2,155.101875
2015-06-29,0.1,275.7965625
2015-06-29,1,273.999375
2015-06-29,2,333.20875
2015-06-29,3,382.3728125
2015-06-29,4,219.72375
2015-06-29,5,125.213125
2015-06-29,6,218.33375
2015-06-29,7,233.0603125
2015-06-29,8,233.4184375
2015-06-29,9,232.1559375
2015-06-29,9.2,232.914375
2015-07-02,0.1,268.0625
2015-07-02,1,294.88875
2015-07-02,2,321.2225
2015-07-02,3,400.66375
2015-07-02,4,193.94375
2015-07-02,5,40.6153125
2015-07-02,6,220.7803125
2015-07-02,7,250.0484375
2015-07-02,8,255.8034375
2015-07-02,9,255.5096875
2015-07-02,9.2,255.8440625
2015-07-06,0.1,313.245
2015-07-06,1,316.9034375
2015-07-06,2,268.20625
2015-07-06,3,381.414375
2015-07-06,4,116.6109375
2015-07-06,5,6.5546875
2015-07-06,6,263.894375
2015-07-06,7,279.381875
2015-07-06,8,280.735625
2015-07-06,9,280.4759375
2015-07-06,9.2,279.2125
2015-07-09,0.1,359.148125
2015-07-09,1,373.2928125
2015-07-09,2,339.7903125
2015-07-09,3,397.69375
2015-07-09,4,134.8065625
2015-07-09,5,4.3646875
2015-07-09,6,277.8459375
2015-07-09,7,294.77
2015-07-09,8,296.3696875
2015-07-09,9,295.5828125
2015-07-09,9.2,293.99125
2015-07-13,0.1,268.3959375
2015-07-13,1,349.2171875
2015-07-13,2,360.27125
2015-07-13,3,259.986875
2015-07-13,4,23.71125
2015-07-13,5,4.08
2015-07-13,6,290.6953125
2015-07-13,7,311.4690625
2015-07-13,8,311.74625
2015-07-13,9,312.6484375
2015-07-13,9.2,311.03625
2015-07-16,0.1,240.505625
2015-07-16,1,276.54
2015-07-16,2,356.1096875
2015-07-16,3,384.7784375
2015-07-16,4,14.9009375
2015-07-16,5,3.2240625
2015-07-16,6,313.1871875
2015-07-16,7,327.3640625
2015-07-16,8,328.0325
2015-07-16,9,323.559375
2015-07-16,9.2,320.4934375
2015-07-20,0.1,268.360625
2015-07-20,1,300.8203125
2015-07-20,2,323.4353125
2015-07-20,3,253.4296875
2015-07-20,4,5.895
2015-07-20,5,56.4525
2015-07-20,6,324.6590625
2015-07-20,7,330.31875
2015-07-20,8,331.784375
2015-07-20,9,325.058125
2015-07-20,9.2,320.5090625
2015-07-23,0.1,264.63375
2015-07-23,1,262.775
2015-07-23,2,287.2715625
2015-07-23,3,140.5615625
2015-07-23,4,5.3128125
2015-07-23,5,42.559375
2015-07-23,6,316.0603125
2015-07-23,7,323.240625
2015-07-23,8,324.535625
2015-07-23,9,323.175625
2015-07-23,9.2,317.9603125
2015-07-27,0.1,258.1725
2015-07-27,1,255.77125
2015-07-27,2,284.5653125
2015-07-27,3,229.854375
2015-07-27,4,9.08125
2015-07-27,5,32.695
2015-07-27,6,285.95125
2015-07-27,7,291.645625
2015-07-27,8,291.458125
2015-07-27,9,290.240625
2015-07-27,9.2,284.1746875
2015-07-30,0.1,231.850625
2015-07-30,1,266.4475
2015-07-30,2,298.5353125
2015-07-30,3,268.223125
2015-07-30,4,12.0265625
2015-07-30,5,6.6725
2015-07-30,6,257.263125
2015-07-30,7,265.779375
2015-07-30,8,264.3075
2015-07-30,9,268.1703125
2015-07-30,9.2,268.00625
2015-08-03,0.1,255.75875
2015-08-03,1,255.0515625
2015-08-03,2,248.390625
2015-08-03,3,322.7125
2015-08-03,4,9.4228125
2015-08-03,5,28.095625
2015-08-03,6,246.8025
2015-08-03,7,250.776875
2015-08-03,8,251.114375
2015-08-03,9,249.4640625
2015-08-03,9.2,249.17125
2015-08-08,0.1,253.0521875
2015-08-08,1,253.77625
2015-08-08,2,254.03625
2015-08-08,3,310.7125
2015-08-08,4,9.145625
2015-08-08,5,4.0240625
2015-08-08,6,226.8703125
2015-08-08,7,230.459375
2015-08-08,8,230.5796875
2015-08-08,9,230.13625
2015-08-08,9.2,230.13625
2015-08-31,0.1,293.0584375
2015-08-31,1,293.0584375
2015-08-31,2,282.195
2015-08-31,3,216.1415625
2015-08-31,4,10.5296875
2015-08-31,5,4.0028125
2015-08-31,6,277.616875
2015-08-31,7,295.0565625
2015-08-31,8,295.4075
2015-08-31,9,294.88375
2015-08-31,9.2,294.5096875
2015-09-07,0.1,271.3303125
2015-09-07,1,270.38875
2015-09-07,2,260.6978125
2015-09-07,3,212.1621875
2015-09-07,4,6.81875
2015-09-07,5,3.8303125
2015-09-07,6,204.01625
2015-09-07,7,303.88875
2015-09-07,8,305.9290625
2015-09-07,9,304.86625
2015-09-07,9.2,304.2053125
2015-09-14,0.1,208.6128125
2015-09-14,1,206.4825
2015-09-14,2,201.983125
2015-09-14,3,195.4559375
2015-09-14,4,169.3734375
2015-09-14,5,7.240625
2015-09-14,6,158.3484375
2015-09-14,7,311.4353125
2015-09-14,8,314.9984375
2015-09-14,9,313.37875
2015-09-14,9.2,312.9003125
2015-09-21,0.1,211.184375
2015-09-21,1,228.6909375
2015-09-21,2,229.5534375
2015-09-21,3,231.0315625
2015-09-21,4,101.664375
2015-09-21,5,4.130625
2015-09-21,6,22.9109375
2015-09-21,7,310.2096875
2015-09-21,8,312.6584375
2015-09-21,9,312.7446875
2015-09-21,9.2,311.924375
2015-09-28,0.1,246.613125
2015-09-28,1,220.639375
2015-09-28,2,181.714375
2015-09-28,3,197.7803125
2015-09-28,4,180.5178125
2015-09-28,5,131.296875
2015-09-28,6,5.739375
2015-09-28,7,296.0053125
2015-09-28,8,302.3778125
2015-09-28,9,302.260625
2015-09-28,9.2,301.1534375
2015-10-05,0.1,213.5771875
2015-10-05,1,213.5540625
2015-10-05,2,211.6275
2015-10-05,3,210.0740625
2015-10-05,4,208.700625
2015-10-05,5,204.266875
2015-10-05,6,202.0471875
2015-10-05,7,193.8053125
2015-10-05,8,189.1334375
2015-10-05,9,186.1553125
2015-10-05,9.2,185.705
2015-10-19,0.1,177.3515625
2015-10-19,1,207.076875
2015-10-19,2,215.1709375
2015-10-19,3,223.15375
2015-10-19,4,224.6790625
2015-10-19,5,227.4384375
2015-10-19,6,229.9196875
2015-10-19,7,229.9875
2015-10-19,8,228.146875
2015-10-19,9,228.21
2015-10-19,9.2,228.82
2015-10-23,0.1,223.9878125
2015-10-23,1,261.6434375
2015-10-23,2,258.79875
2015-10-23,3,250.094375
2015-10-23,4,241.7559375
2015-10-23,5,239.2025
2015-10-23,6,241.265
2015-10-23,7,241.6878125
2015-10-23,8,241.09375
2015-10-23,9,240.424375
2015-10-23,9.2,240.079375
2015-12-07,0.1,317.7671875
2015-12-07,1,318.1328125
2015-12-07,2,318.015
2015-12-07,3,318.0290625
2015-12-07,4,317.0459375
2015-12-07,5,316.34
2015-12-07,6,315.1584375
2015-12-07,7,314.6021875
2015-12-07,8,313.7940625
2015-12-07,9,313.3884375
2015-12-07,9.2,313.1928125
2016-02-05,0.1,390.625
2016-02-05,1,414.375
2016-02-05,2,427.1875
2016-02-05,3,441.875
2016-03-30,0.1,281.25
2016-03-30,1,275.625
2016-03-30,2,278.75
2016-03-30,3,267.5
2016-03-30,4,290.3125
2016-03-30,5,283.125
2016-03-30,6,267.5
2016-03-30,8,213.125
2016-03-30,9,220
2016-03-30,9.2,220
2016-04-04,0.1,279.6875
2016-04-04,1,254.0625
2016-04-04,2,260
2016-04-04,3,254.375
2016-04-04,4,262.1875
2016-04-04,5,278.125
2016-04-04,6,249.375
2016-04-04,7,213.75
2016-04-04,8,181.5625
2016-04-04,9,191.5625
2016-04-04,9.2,186.25
2016-04-06,0.1,295.3125
2016-04-06,1,295.9375
2016-04-06,2,298.4375
2016-04-06,3,290.625
2016-04-06,4,285.3125
2016-04-06,5,290.625
2016-04-06,6,265.625
2016-04-06,7,211.25
2016-04-06,8,212.1875
2016-04-06,9,174.375
2016-04-06,9.2,179.0625
2016-04-11,0.1,331.25
2016-04-11,1,325
2016-04-11,2,325
2016-04-11,3,315.625
2016-04-11,4,303.125
2016-04-11,5,293.75
2016-04-11,6,287.5
2016-04-11,7,240.625
2016-04-11,8,231.25
2016-04-11,9,225
2016-04-11,9.2,225
2016-04-18,0.1,300.625
2016-04-18,1,301.25
2016-04-18,2,302.5
2016-04-18,3,321.5625
2016-04-18,4,324.0625
2016-04-18,5,303.125
2016-04-18,6,270.3125
2016-04-18,7,194.375
2016-04-18,8,165
2016-04-18,9,116.5625
2016-04-18,9.2,123.125
2016-04-20,0.1,288.4375
2016-04-20,1,297.5
2016-04-20,2,303.75
2016-04-20,3,325.625
2016-04-20,4,325.625
2016-04-20,5,310.625
2016-04-20,6,264.6875
2016-04-20,7,217.5
2016-04-20,8,217.5
2016-04-20,9,217.1875
2016-04-20,9.2,214.375
2016-04-25,0.1,292.5
2016-04-25,1,291.25
2016-04-25,2,293.125
2016-04-25,3,298.4375
2016-04-25,4,337.1875
2016-04-25,5,316.25
2016-04-25,6,282.8125
2016-04-25,8,286.5625
2016-04-25,9,286.5625
2016-04-25,9.2,285
2016-05-02,0.1,278.125
2016-05-02,1,281.875
2016-05-02,2,300.625
2016-05-02,3,317.1875
2016-05-02,4,325
2016-05-02,5,311.25
2016-05-02,6,312.5
2016-05-02,7,337.1875
2016-05-02,8,341.25
2016-05-02,9,338.4375
2016-05-02,9.2,340.3125
2016-05-04,0.1,264.0625
2016-05-04,1,263.4375
2016-05-04,2,283.125
2016-05-04,3,299.0625
2016-05-04,4,314.375
2016-05-04,5,292.8125
2016-05-04,6,313.125
2016-05-04,7,334.0625
2016-05-04,8,337.8125
2016-05-04,9,339.6875
2016-05-04,9.2,338.125
2016-05-09,0.1,273.4375
2016-05-09,1,271.875
2016-05-09,2,282.1875
2016-05-09,3,285
2016-05-09,4,295.625
2016-05-09,5,251.875
2016-05-09,6,345.625
2016-05-09,7,354.0625
2016-05-09,8,354.6875
2016-05-09,9,354.6875
2016-05-09,9.2,354.6875
2016-05-12,0.1,174.85375
2016-05-12,1,288.5971875
2016-05-12,2,308.1828125
2016-05-12,3,313.910625
2016-05-12,4,302.4346875
2016-05-12,5,315.064375
2016-05-12,6,392.559375
2016-05-16,0.1,225.6053125
2016-05-16,1,236.49875
2016-05-16,2,287.2859375
2016-05-16,3,289.235625
2016-05-16,4,288.7496875
2016-05-16,5,271.703125
2016-05-16,6,399.8996875
2016-05-19,0.1,295.01875
2016-05-19,1,296.210625
2016-05-19,2,295.5634375
2016-05-19,3,302.080625
2016-05-19,4,282.015625
2016-05-19,5,345.7440625
2016-05-23,0.1,229.9509375
2016-05-23,1,222.0940625
2016-05-23,2,288.29125
2016-05-23,3,300.3690625
2016-05-23,4,288.204375
2016-05-23,5,278.414375
2016-05-23,6,419.3940625
2016-05-26,0.1,293.8496875
2016-05-26,1,313.1440625
2016-05-26,2,314.4040625
2016-05-26,3,311.3446875
2016-05-26,4,293.2375
2016-05-29,0.1,284.0259375
2016-05-29,1,315.4128125
2016-05-29,2,335.28125
2016-05-29,3,334.404375
2016-05-29,4,291.3378125
2016-05-29,5,304.11125
2016-05-30,0.1,291.866875
2016-05-30,1,321.0684375
2016-05-30,2,326.32
2016-05-30,3,334.6696875
2016-05-30,4,330.9278125
2016-05-30,5,265.945
2016-05-31,0.1,240.83125
2016-05-31,1,230.6278125
2016-05-31,2,312.2571875
2016-05-31,3,325.5615625
2016-05-31,4,326.245625
2016-05-31,5,305.3296875
2016-05-31,6,448.109375
2016-06-01,0.1,345.5021875
2016-06-01,1,352.5234375
2016-06-01,2,353.3028125
2016-06-01,3,355.1990625
2016-06-01,4,339.6378125
2016-06-01,5,300.1528125
2016-06-01,6,267.956875
2016-06-02,0.1,228.416875
2016-06-02,1,358.1065625
2016-06-02,2,356.615625
2016-06-02,3,357.4784375
2016-06-02,4,340.6971875
2016-06-02,5,289.644375
2016-06-02,6,438.005
2016-06-03,0.1,293.19125
2016-06-03,1,313.8625
2016-06-03,2,378.0371875
2016-06-03,3,375.9459375
2016-06-03,4,322.4490625
2016-06-03,5,273.3378125
2016-06-06,0.1,228.200625
2016-06-06,1,228.7746875
2016-06-06,2,389.339375
2016-06-06,3,392.438125
2016-06-06,4,331.859375
2016-06-06,5,218.1359375
2016-06-06,6,457.7121875
2016-06-07,0.1,275.636875
2016-06-07,1,263.850625
2016-06-07,2,236.0725
2016-06-07,3,387.225625
2016-06-07,4,314.0025
2016-06-07,5,207.209375
2016-06-08,0.1,227.8284375
2016-06-08,1,255.2959375
2016-06-08,2,293.5828125
2016-06-08,3,392.1028125
2016-06-08,4,270.1975
2016-06-08,5,208.8721875
2016-06-09,0.1,243.8084375
2016-06-09,1,219.1796875
2016-06-09,2,277.3790625
2016-06-09,3,412.9384375
2016-06-09,4,354.395
2016-06-09,5,199.363125
2016-06-09,6,386.8946875
2016-06-13,0.1,179.2509375
2016-06-13,1,203.825625
2016-06-13,2,264.2478125
2016-06-13,3,431.65875
2016-06-13,4,367.68
2016-06-13,5,184.215625
2016-06-13,6,444.5465625
2016-06-20,0.1,284.2690625
2016-06-20,1,288.5740625
2016-06-20,2,283.32
2016-06-20,3,432.265
2016-06-20,4,346.089375
2016-06-20,5,180.735
2016-06-20,6,418.2940625
2016-06-20,8,428.8721875
2016-06-20,9,429.15375
2016-06-20,9.2,429.15375
2016-06-23,0.1,221.8715625
2016-06-23,1,213.546875
2016-06-23,2,231.4146875
2016-06-23,3,332.0740625
2016-06-23,4,364.9259375
2016-06-23,5,169.0271875
2016-06-23,6,385.8725
2016-06-26,0.1,227.2140625
2016-06-26,1,253.5634375
2016-06-26,2,279.60875
2016-06-26,3,337.1121875
2016-06-26,4,244.5390625
2016-06-26,5,151.508125
2016-06-26,6,399.6759375
2016-06-27,0.1,262.0315625
2016-06-27,1,187.9525
2016-06-27,2,230.576875
2016-06-27,3,322.1275
2016-06-27,4,232.848125
2016-06-27,5,216.6503125
2016-06-27,6,232.201875
2016-06-27,7,239.6575
2016-06-27,8,386.7628125
2016-06-27,9,389.5721875
2016-06-27,9.2,382.4746875
2016-06-28,0.1,282.7396875
2016-06-28,1,183.44875
2016-06-28,2,172.5240625
2016-06-28,3,204.694375
2016-06-28,4,194.6353125
2016-06-28,5,182.6515625
2016-06-28,6,196.581875
2016-06-28,7,212.5815625
2016-06-28,8,376.1203125
2016-06-28,9,389.3440625
2016-06-28,9.2,393.0590625
2016-06-30,0.1,190.063125
2016-06-30,1,246.470625
2016-06-30,2,279.11
2016-06-30,3,275.2946875
2016-06-30,4,270.6334375
2016-06-30,5,240.176875
2016-06-30,6,140.665
2016-06-30,7,388.8965625
2016-06-30,8,393.7240625
2016-06-30,9,393.921875
2016-06-30,9.2,395.275
2016-07-05,0.1,258.9853125
2016-07-05,1,261.8446875
2016-07-05,2,264.789375
2016-07-05,3,268.59375
2016-07-05,4,233.765625
2016-07-05,5,117.8940625
2016-07-05,6,124.3028125
2016-07-05,7,370.88125
2016-07-05,8,374.998125
2016-07-05,9,377.8146875
2016-07-05,9.2,378.0215625
2016-07-07,0.1,178.7528125
2016-07-07,1,216.6953125
2016-07-07,2,264.1534375
2016-07-07,3,274.154375
2016-07-07,4,225.1578125
2016-07-07,5,96.55125
2016-07-07,6,215.8778125
2016-07-07,7,376.21125
2016-07-07,8,377.4921875
2016-07-07,9,375.9384375
2016-07-07,9.2,376.1721875
2016-07-11,0.1,189.554375
2016-07-11,1,185.384375
2016-07-11,2,305.8671875
2016-07-11,3,291.14875
2016-07-11,4,164.3825
2016-07-11,5,34.8928125
2016-07-11,6,161.61875
2016-07-11,7,345.21
2016-07-11,8,347.1103125
2016-07-11,9,346.1259375
2016-07-11,9.2,346.6640625
2016-07-14,0.1,164.6578125
2016-07-14,1,259.129375
2016-07-14,2,333.8125
2016-07-14,3,299.6921875
2016-07-14,4,131.783125
2016-07-14,5,12.0396875
2016-07-14,6,111.095625
2016-07-14,7,324.395
2016-07-14,8,325.6875
2016-07-14,9,325.790625
2016-07-14,9.2,325.836875
2016-07-18,0.1,192.330625
2016-07-18,1,250.9421875
2016-07-18,2,331.63375
2016-07-18,3,316.9009375
2016-07-18,4,191.7771875
2016-07-18,5,7.5259375
2016-07-18,6,288.2896875
2016-07-18,7,298.7646875
2016-07-18,8,299.159375
2016-07-18,9,214.0134375
2016-07-18,9.2,300.00375
2016-07-21,0.1,195.9134375
2016-07-21,1,218.298125
2016-07-21,2,214.5790625
2016-07-21,3,335.97
2016-07-21,4,119.7903125
2016-07-21,5,11.404375
2016-07-21,6,187.479375
2016-07-21,7,281.4928125
2016-07-21,8,284.2703125
2016-07-21,9,285.0125
2016-07-21,9.2,284.88875
2016-07-24,0.1,262.8996875
2016-07-24,1,266.6478125
2016-07-24,3,330.8028125
2016-07-24,4,103.3075
2016-07-24,5,14.236875
2016-07-24,6,266.1603125
2016-07-24,7,279.8315625
2016-07-24,8,278.755625
2016-07-24,9,277.56
2016-07-24,9.2,278.2178125
2016-07-25,0.1,249.189375
2016-07-25,1,174.98375
2016-07-25,2,344.839375
2016-07-25,3,333.2425
2016-07-25,4,86.8703125
2016-07-25,5,3.1615625
2016-07-25,6,224.5421875
2016-07-25,7,264.5140625
2016-07-25,8,269.705
2016-07-25,9,270.1178125
2016-07-25,9.2,276.3340625
2016-07-26,0.1,239.5575
2016-07-26,1,237.9959375
2016-07-26,2,248.2775
2016-07-26,3,301.199375
2016-07-26,4,163.0246875
2016-07-26,5,80.6784375
2016-07-26,6,89.4071875
2016-07-26,7,270.055625
2016-07-26,8,273.365625
2016-07-26,9,274.64125
2016-07-26,9.2,274.7046875
2016-07-27,0.1,225.9375
2016-07-27,1,220.3125
2016-07-27,2,208.125
2016-07-27,3,204.0625
2016-07-27,4,191.5625
2016-07-27,5,177.1875
2016-07-27,6,127.1875
2016-07-27,8,253.125
2016-07-27,9,261.875
2016-07-27,9.2,261.875
2016-07-28,0.1,167.585
2016-07-28,1,195.800625
2016-07-28,2,201.6515625
2016-07-28,3,194.7884375
2016-07-28,4,184.1040625
2016-07-28,5,149.9621875
2016-07-28,6,64.261875
2016-07-28,7,289.8434375
2016-07-28,8,292.278125
2016-07-28,9,293.02625
2016-07-28,9.2,291.9421875
2016-08-01,0.1,188.6203125
2016-08-01,1,187.5125
2016-08-01,2,184.693125
2016-08-01,3,211.5978125
2016-08-01,4,118.8946875
2016-08-01,5,40.4384375
2016-08-01,6,3.9715625
2016-08-01,7,349.5028125
2016-08-01,8,354.4409375
2016-08-01,9,351.024375
2016-08-01,9.2,354.19
2016-08-08,0.1,194.5759375
2016-08-08,1,194.6778125
2016-08-08,2,207.5528125
2016-08-08,3,215.6234375
2016-08-08,4,28.955625
2016-08-08,5,5.4046875
2016-08-08,6,7.239375
2016-08-11,0.1,180.7171875
2016-08-11,1,190.885
2016-08-11,2,201.031875
2016-08-11,3,99.6246875
2016-08-11,4,21.8765625
2016-08-11,5,2.9084375
2016-08-11,6,2.7053125
2016-08-15,0.1,189.3040625
2016-08-15,1,183.130625
2016-08-15,2,195.418125
2016-08-15,3,142.9625
2016-08-15,4,23.675
2016-08-15,5,2.9071875
2016-08-15,6,7.3403125
2016-08-18,0.1,197.99875
2016-08-18,1,211.19125
2016-08-18,2,195.0521875
2016-08-18,3,242.1840625
2016-08-18,4,21.4128125
2016-08-18,5,4.1440625
2016-08-18,6,65.8890625
2016-08-23,0.1,158.0103125
2016-08-23,1,199.2384375
2016-08-23,2,199.6853125
2016-08-23,3,205.896875
2016-08-23,4,11.028125
2016-08-23,5,3.258125
2016-08-23,6,124.79
2016-08-26,0.1,237.6434375
2016-08-26,1,156.223125
2016-08-26,2,201.44875
2016-08-26,3,196.36125
2016-08-26,4,209.70875
2016-08-26,5,123.9584375
2016-08-26,6,500.1428125
2016-09-02,0.1,208.4440625
2016-09-02,1,194.583125
2016-09-02,2,200.4875
2016-09-02,3,206.7196875
2016-09-02,4,10.829375
2016-09-02,5,3.13125
2016-09-02,6,302.8053125
2016-09-06,0.1,204.2328125
2016-09-06,1,197.05375
2016-09-06,2,208.52
2016-09-06,3,232.4303125
2016-09-06,4,42.9109375
2016-09-06,5,3.3871875
2016-09-06,6,387.3371875
2016-09-09,0.1,266.7775
2016-09-09,1,279.673125
2016-09-09,2,286.1590625
2016-09-09,3,201.3728125
2016-09-09,4,7.5128125
2016-09-09,5,1.706875
2016-09-09,6,428.7515625
2016-09-16,0.1,265.8265625
2016-09-16,1,223.805625
2016-09-16,2,206.7771875
2016-09-16,3,209.466875
2016-09-16,4,116.4253125
2016-09-16,5,7.8734375
2016-09-16,6,305.6525
2016-09-17,0.1,227.27875
2016-09-17,1,256.025
2016-09-17,2,241.223125
2016-09-17,3,144.8571875
2016-09-17,4,9.1925
2016-09-17,5,2.49375
2016-09-17,6,354.3684375
2016-09-17,7,390.396875
2016-09-20,0.1,257.1875
2016-09-20,1,255.3125
2016-09-20,2,257.5
2016-09-20,3,253.75
2016-09-20,4,252.8125
2016-09-20,5,19.6875
2016-09-20,6,235.9375
2016-09-20,8,329.6875
2016-09-20,9,333.4375
2016-09-20,9.2,333.4375
2016-09-27,0.1,237.2646875
2016-09-27,1,188.2246875
2016-09-27,2,177.5109375
2016-09-27,3,173.5575
2016-09-27,4,139.716875
2016-09-27,5,6.9728125
2016-09-27,6,218.9
2016-09-27,7,246.0646875
2016-09-27,8,249.1125
2016-09-27,9,248.3665625
2016-09-27,9.2,248.183125
2016-09-30,0.1,188.309375
2016-09-30,1,181.9996875
2016-09-30,2,164.47375
2016-09-30,3,166.564375
2016-09-30,4,93.7696875
2016-09-30,5,180.9525
2016-09-30,6,179.754375
2016-09-30,7,237.538125
2016-09-30,8,237.47875
2016-09-30,9,237.0825
2016-09-30,9.2,237.40125
2016-10-05,0.1,191.3265625
2016-10-05,1,209.124375
2016-10-05,2,210.875
2016-10-05,3,186.0028125
2016-10-05,4,140.5059375
2016-10-05,5,132.429375
2016-10-05,6,70.84625
2016-10-05,7,2.7796875
2016-10-05,8,88.5396875
2016-10-05,9,156.6178125
2016-10-05,9.2,156.973125
2016-10-06,0.1,163.00875
2016-10-06,1,180.1203125
2016-10-06,2,162.7603125
2016-10-06,3,208.656875
2016-10-06,4,207.9003125
2016-10-06,5,132.7059375
2016-10-06,6,90.055
2016-10-06,7,31.5971875
2016-10-06,8,48.4584375
2016-10-06,9,64.5625
2016-10-06,9.2,63.40875
2016-10-07,0.1,172.3309375
2016-10-07,1,176.30625
2016-10-07,2,189.673125
2016-10-07,3,223.1565625
2016-10-07,4,205.2996875
2016-10-07,5,168.34625
2016-10-07,6,158.7190625
2016-10-07,7,118.126875
2016-10-07,8,117.1053125
2016-10-07,9,112.1909375
2016-10-07,9.2,112.8709375
2016-10-11,0.1,178.5334375
2016-10-11,1,205.7890625
2016-10-11,2,201.545
2016-10-11,3,200.53375
2016-10-11,4,232.57875
2016-10-11,5,224.1496875
2016-10-11,6,233.648125
2016-10-11,7,234.3878125
2016-10-11,8,235.446875
2016-10-11,9,232.1415625
2016-10-11,9.2,231.4590625
2016-10-14,0.1,239.21625
2016-10-14,1,219.7003125
2016-10-14,2,208.5128125
2016-10-14,3,230.95875
2016-10-14,4,242.9128125
2016-10-14,5,233.46625
2016-10-14,6,238.719375
2016-10-14,7,241.981875
2016-10-14,8,242.6390625
2016-10-14,9,243.075
2016-10-14,9.2,243.168125
2016-11-04,0.1,204.7375
2016-11-04,1,235.274375
2016-11-04,2,238.700625
2016-11-04,3,266.919375
2016-11-04,4,229.2390625
2016-11-04,5,222.4828125
2016-11-04,6,222.250625
2016-11-04,7,200.288125
2016-11-04,8,181.6834375
2016-11-04,9,156.71
2016-11-04,9.2,152.279375
2016-11-11,0.1,271.3515625
2016-11-11,1,274.83
2016-11-11,2,273.605625
2016-11-11,3,268.88875
2016-11-11,4,261.05625
2016-11-11,5,261.9259375
2016-11-11,6,260.876875
2016-11-11,7,261.188125
2016-11-11,8,263.3496875
2016-11-11,9,264.53625
2016-11-11,9.2,264.2875
2016-12-02,0.1,278.6459375
2016-12-02,1,266.1609375
2016-12-02,2,264.3178125
2016-12-02,3,318.203125
2016-12-02,4,315.623125
2016-12-02,5,307.0059375
2016-12-02,6,304.1546875
2016-12-02,7,302.0890625
2016-12-02,8,299.21
2016-12-02,9,298.769375
2016-12-02,9.2,299.0490625
2017-02-06,0.1,390.9375
2017-02-06,1,393.125
2017-02-06,2,393.75
2017-02-06,3,392.8125
2017-02-06,4,392.5
2017-02-06,5,391.25
2017-02-06,6,390.9375
2017-02-27,0.1,356.5625
2017-02-27,1,360
2017-02-27,2,360.3125
2017-02-27,3,365.625
2017-02-27,4,363.75
2017-02-27,5,351.5625
2017-02-27,6,336.875
2017-02-27,8,326.875
2017-02-27,9,316.25
2017-02-27,9.2,316.25
2017-03-12,0.1,267.35375
2017-03-12,1,267.5025
2017-03-12,2,258.471875
2017-03-12,3,238.9928125
2017-03-12,4,253.8165625
2017-03-12,5,235.5215625
2017-03-12,6,224.925
2017-03-12,7,252.80125
2017-03-12,8,285.1784375
2017-03-12,9,247.7759375
2017-03-12,9.2,243.6328125
2017-03-13,0.1,340
2017-03-13,2,333.125
2017-03-13,4,328.75
2017-03-13,5,327.8125
2017-03-13,6,323.4375
2017-03-13,8,312.5
2017-03-13,9,306.25
2017-03-13,9.2,306.25
2017-03-26,0.1,319.86875
2017-03-26,1,272.513125
2017-03-26,2,244.768125
2017-03-26,3,257.9140625
2017-03-26,4,265.365625
2017-03-26,5,284.81875
2017-03-26,6,275.496875
2017-03-26,7,296.206875
2017-03-26,8,303.24375
2017-03-26,9,297.1946875
2017-03-26,9.2,295.064375
2017-03-27,0.1,312.5
2017-03-27,1,356.25
2017-03-27,2,360
2017-03-27,3,365.625
2017-03-27,4,362.5
2017-03-27,5,346.5625
2017-03-27,6,339.6875
2017-03-27,8,328.125
2017-03-27,9,323.75
2017-03-27,9.2,323.75
2017-04-09,0.1,286.45375
2017-04-09,1,239.696875
2017-04-09,2,228.856875
2017-04-09,3,235.50875
2017-04-09,4,254.2853125
2017-04-09,5,246.0696875
2017-04-09,6,263.0596875
2017-04-09,7,265.4015625
2017-04-09,8,286.645
2017-04-09,9,255.3840625
2017-04-09,9.2,251.63
2017-04-10,0.1,308.4375
2017-04-10,1,309.6875
2017-04-10,2,312.1875
2017-04-10,3,312.5
2017-04-10,4,303.75
2017-04-10,5,298.125
2017-04-10,6,287.1875
2017-04-10,8,280.3125
2017-04-10,9,260.9375
2017-04-10,9.2,260.9375
2017-04-16,0.1,267.7590625
2017-04-16,1,295.225
2017-04-16,2,323.933125
2017-04-16,3,310.925
2017-04-16,4,297.9309375
2017-04-16,5,263.9646875
2017-04-16,6,251.7409375
2017-04-16,7,220.150625
2017-04-16,8,223.4940625
2017-04-16,9,212.45625
2017-04-16,9.2,211.061875
2017-04-17,0.1,280.9375
2017-04-17,2,313.4375
2017-04-17,4,314.375
2017-04-17,5,299.375
2017-04-17,6,264.0625
2017-04-17,8,240.625
2017-04-17,9,240.625
2017-04-17,9.2,240.625
2017-04-23,0.1,262.580625
2017-04-23,1,257.1071875
2017-04-23,2,320.865625
2017-04-23,3,314.475625
2017-04-23,4,280.1434375
2017-04-23,5,281.34625
2017-04-23,6,280.5175
2017-04-23,7,289.1490625
2017-04-23,8,289.19375
2017-04-23,9,289.3203125
2017-04-23,9.2,289.3359375
2017-04-30,0.1,276.2903125
2017-04-30,1,289.19
2017-04-30,2,291.439375
2017-04-30,3,256.2703125
2017-04-30,4,240.72125
2017-04-30,5,296.650625
2017-04-30,6,296.7359375
2017-04-30,7,296.765625
2017-04-30,8,297.4425
2017-04-30,9,295.505625
2017-04-30,9.2,295.716875
2017-05-01,0.1,252.5
2017-05-01,2,300
2017-05-01,4,270.9375
2017-05-01,5,301.875
2017-05-01,6,310.9375
2017-05-01,8,310.9375
2017-05-01,9,310.9375
2017-05-01,9.2,310.9375
2017-05-04,0.1,265.4459375
2017-05-04,1,279.4290625
2017-05-04,2,291.8378125
2017-05-04,3,260.481875
2017-05-04,4,249.1
2017-05-04,5,300.4640625
2017-05-04,6,301.4840625
2017-05-04,7,302.025625
2017-05-04,8,302.07375
2017-05-04,9,302.578125
2017-05-04,9.2,302.919375
2017-05-07,0.1,267.978125
2017-05-07,1,267.5425
2017-05-07,2,262.7678125
2017-05-07,3,238.7628125
2017-05-07,4,293.525
2017-05-07,5,296.513125
2017-05-07,6,297.7621875
2017-05-07,7,298.9759375
2017-05-07,8,298.054375
2017-05-07,9,298.385625
2017-05-07,9.2,298.4203125
2017-05-08,0.1,268.75
2017-05-08,1,267.8125
2017-05-08,2,266.875
2017-05-08,3,247.8125
2017-05-08,4,239.0625
2017-05-08,5,284.6875
2017-05-08,6,289.0625
2017-05-08,8,291.875
2017-05-08,9,293.125
2017-05-08,9.2,293.125
2017-05-09,0.1,280.2803125
2017-05-09,1,267.975
2017-05-09,2,242.6440625
2017-05-09,3,226.845
2017-05-09,4,281.524375
2017-05-09,5,298.051875
2017-05-09,6,297.970625
2017-05-09,7,297.284375
2017-05-09,8,296.7171875
2017-05-09,9,296.2228125
2017-05-09,9.2,295.8
2017-05-14,0.1,279.079375
2017-05-14,1,279.4815625
2017-05-14,2,260.9984375
2017-05-14,3,214.665
2017-05-14,4,243.7865625
2017-05-14,5,291.249375
2017-05-14,6,291.73625
2017-05-14,7,292.6878125
2017-05-14,8,292.7796875
2017-05-14,9,292.3909375
2017-05-14,9.2,292.4659375
2017-05-15,0.1,272.8125
2017-05-15,1,277.5
2017-05-15,2,276.5625
2017-05-15,3,259.375
2017-05-15,4,224.6875
2017-05-15,5,284.6875
2017-05-15,6,290.9375
2017-05-15,8,290.3125
2017-05-15,9,290.9375
2017-05-15,9.2,290.9375
2017-05-18,0.1,269.6875
2017-05-18,1,266.5625
2017-05-18,2,304.375
2017-05-18,3,270.3125
2017-05-18,4,228.75
2017-05-18,5,272.8125
2017-05-18,6,293.75
2017-05-18,8,297.1875
2017-05-18,9,297.5
2017-05-18,9.2,297.8125
2017-05-22,0.1,289.0625
2017-05-22,1,282.5
2017-05-22,2,312.1875
2017-05-22,3,311.25
2017-05-22,4,245.625
2017-05-22,5,308.125
2017-05-22,6,322.8125
2017-05-22,8,324.375
2017-05-22,9,322.8125
2017-05-22,9.2,322.8125
2017-05-25,0.1,275
2017-05-25,1,274.6875
2017-05-25,2,290.625
2017-05-25,3,287.1875
2017-05-25,4,308.4375
2017-05-25,5,272.8125
2017-05-25,6,302.1875
2017-05-25,8,304.6875
2017-05-25,9,303.75
2017-05-25,9.2,303.75
2017-05-29,0.1,272.1875
2017-05-29,1,273.125
2017-05-29,2,302.5
2017-05-29,3,275.625
2017-05-29,4,210
2017-05-29,5,279.0625
2017-05-29,6,290.625
2017-05-29,8,298.4375
2017-05-29,9,296.875
2017-05-29,9.2,296.875
2017-05-30,0.1,282.1875
2017-05-30,1,273.4375
2017-05-30,2,271.25
2017-05-30,3,271.25
2017-05-30,4,269.0625
2017-05-30,5,266.25
2017-05-30,6,255
2017-05-30,7,294.6875
2017-05-30,8,293.125
2017-05-30,9,296.25
2017-05-30,9.2,296.25
2017-06-01,0.1,275
2017-06-01,1,297.5
2017-06-01,2,299.6875
2017-06-01,3,293.125
2017-06-01,4,266.25
2017-06-01,5,256.5625
2017-06-01,6,213.75
2017-06-01,7,302.1875
2017-06-01,8,313.4375
2017-06-01,9,314.0625
2017-06-01,9.2,314.0625
2017-06-05,0.1,258.75
2017-06-05,1,263.4375
2017-06-05,2,262.8125
2017-06-05,3,297.5
2017-06-05,4,256.25
2017-06-05,5,225.625
2017-06-05,6,197.5
2017-06-05,8,311.25
2017-06-05,9,317.5
2017-06-05,9.2,317.5
2017-06-08,0.1,278.125
2017-06-08,1,280.3125
2017-06-08,2,278.4375
2017-06-08,3,312.5
2017-06-08,4,269.0625
2017-06-08,5,194.6875
2017-06-08,6,312.5
2017-06-08,8,325
2017-06-08,9,328.125
2017-06-08,9.2,328.125
2017-06-12,0.1,273.75
2017-06-12,1,273.4375
2017-06-12,2,299.375
2017-06-12,3,337.8125
2017-06-12,4,280.625
2017-06-12,5,176.875
2017-06-12,6,318.75
2017-06-12,8,329.375
2017-06-12,9,332.1875
2017-06-12,9.2,332.1875
2017-06-19,0.1,271.5625
2017-06-19,1,297.5
2017-06-19,2,321.25
2017-06-19,3,312.5
2017-06-19,4,251.875
2017-06-19,5,128.125
2017-06-19,6,279.6875
2017-06-19,8,297.1875
2017-06-19,9,299.375
2017-06-19,9.2,299.375
2017-06-26,0.1,296.5625
2017-06-26,1,297.5
2017-06-26,2,292.8125
2017-06-26,3,386.25
2017-06-26,4,255.625
2017-06-26,5,103.4375
2017-06-26,6,295
2017-06-26,8,304.6875
2017-06-26,9,302.1875
2017-06-26,9.2,302.1875
2017-07-05,0.1,283.125
2017-07-05,1,286.25
2017-07-05,2,297.1875
2017-07-05,3,395
2017-07-05,4,237.8125
2017-07-05,5,106.5625
2017-07-05,6,279.0625
2017-07-05,8,291.25
2017-07-05,9,288.4375
2017-07-05,9.2,288.4375
2017-07-10,0.1,296.875
2017-07-10,1,291.25
2017-07-10,2,295
2017-07-10,3,378.125
2017-07-10,4,214.0625
2017-07-10,5,71.5625
2017-07-10,6,252.1875
2017-07-10,8,266.25
2017-07-10,9,265.9375
2017-07-10,9.2,265.9375
2017-07-13,0.1,300
2017-07-13,1,321.25
2017-07-13,2,342.5
2017-07-13,3,335.3125
2017-07-13,4,259.0625
2017-07-13,5,204.0625
2017-07-13,6,126.25
2017-07-13,8,234.0625
2017-07-13,9,236.5625
2017-07-13,9.2,236.5625
2017-07-17,0.1,345.9375
2017-07-17,1,343.125
2017-07-17,2,457.5
2017-07-17,3,421.5625
2017-07-17,4,230.625
2017-07-17,5,161.5625
2017-07-17,6,215
2017-07-17,8,251.875
2017-07-17,9,255
2017-07-17,9.2,255
2017-07-24,0.1,296.25
2017-07-24,1,300
2017-07-24,2,397.1875
2017-07-24,3,332.8125
2017-07-24,4,234.375
2017-07-24,5,75.9375
2017-07-24,6,222.5
2017-07-24,8,235.3125
2017-07-24,9,238.75
2017-07-24,9.2,238.75
2017-07-31,0.1,255.3125
2017-07-31,1,254.6875
2017-07-31,2,253.75
2017-07-31,3,267.8125
2017-07-31,4,185
2017-07-31,5,22.5
2017-07-31,6,220.3125
2017-07-31,8,236.875
2017-07-31,9,239.0625
2017-07-31,9.2,239.0625
2017-08-02,1,255.9375
2017-08-02,2,338.125
2017-08-02,3,99.0625
2017-08-02,4,48.4375
2017-08-02,5,99.6875
2017-08-02,6,145.625
2017-08-02,7,134.0625
2017-08-02,8,129.375
2017-08-02,9,56.5625
2017-08-02,9.2,56.5625
2017-08-06,1,244.0625
2017-08-06,2,354.0625
2017-08-06,3,337.8125
2017-08-06,4,68.4375
2017-08-06,5,77.8125
2017-08-06,6,144.0625
2017-08-06,7,148.75
2017-08-06,8,150.625
2017-08-06,9,150.625
2017-08-06,9.2,150.625
2017-08-07,0.1,219.375
2017-08-07,1,220.625
2017-08-07,2,213.75
2017-08-07,3,201.25
2017-08-07,4,106.25
2017-08-07,5,27.8125
2017-08-07,6,200.625
2017-08-07,8,210.9375
2017-08-07,9,211.875
2017-08-07,9.2,211.875
2017-08-09,1,245.9375
2017-08-09,2,332.1875
2017-08-09,3,328.125
2017-08-09,4,110
2017-08-09,5,32.8125
2017-08-09,6,155.625
2017-08-09,7,159.0625
2017-08-09,8,159.375
2017-08-09,9,158.75
2017-08-09,9.2,158.75
2017-08-13,1,234.6875
2017-08-13,2,340
2017-08-13,3,320.3125
2017-08-13,4,85.3125
2017-08-13,5,79.0625
2017-08-13,6,170.3125
2017-08-13,7,174.0625
2017-08-13,8,174.0625
2017-08-13,9,174.0625
2017-08-13,9.2,174.0625
2017-08-14,0.1,267.1875
2017-08-14,1,260.625
2017-08-14,2,259.6875
2017-08-14,3,205.625
2017-08-14,4,75.625
2017-08-14,5,15
2017-08-14,6,181.875
2017-08-14,8,191.875
2017-08-14,9,193.4375
2017-08-14,9.2,193.4375
2017-08-16,1,261.5625
2017-08-16,2,255.625
2017-08-16,3,350.625
2017-08-16,4,132.8125
2017-08-16,5,94.6875
2017-08-16,6,183.4375
2017-08-16,7,186.25
2017-08-16,8,185.625
2017-08-16,9,184.0625
2017-08-16,9.2,184.0625
2017-08-21,0.1,245.625
2017-08-21,1,247.8125
2017-08-21,2,237.5
2017-08-21,3,280.625
2017-08-21,4,108.75
2017-08-21,5,23.4375
2017-08-21,6,186.25
2017-08-21,8,190
2017-08-21,9,190.625
2017-08-21,9.2,190.625
2017-08-28,0.1,287.5
2017-08-28,1,270.3125
2017-08-28,2,269.6875
2017-08-28,3,264.0625
2017-08-28,4,139.0625
2017-08-28,5,20.625
2017-08-28,6,188.125
2017-08-28,8,189.375
2017-08-28,9,190.3125
2017-08-28,9.2,190.3125
2017-09-04,0.1,253.4375
2017-09-04,1,257.8125
2017-09-04,2,261.25
2017-09-04,3,243.4375
2017-09-04,4,198.4375
2017-09-04,5,24.375
2017-09-04,6,176.875
2017-09-04,8,183.125
2017-09-04,9,184.6875
2017-09-04,9.2,184.6875
2017-09-11,0.1,263.125
2017-09-11,1,260.9375
2017-09-11,2,260.9375
2017-09-11,3,261.25
2017-09-11,4,262.5
2017-09-11,5,16.5625
2017-09-11,6,205.3125
2017-09-11,8,215.625
2017-09-11,9,215.625
2017-09-11,9.2,215.625
2017-09-18,0.1,271.5625
2017-09-18,1,273.75
2017-09-18,2,280.3125
2017-09-18,3,247.1875
2017-09-18,4,205.625
2017-09-18,5,25.625
2017-09-18,6,210.625
2017-09-18,8,225
2017-09-18,9,226.25
2017-09-18,9.2,226.25
2017-09-25,0.1,256.25
2017-09-25,1,265.3125
2017-09-25,2,269.6875
2017-09-25,3,296.875
2017-09-25,4,254.6875
2017-09-25,5,25.3125
2017-09-25,6,227.1875
2017-09-25,8,226.5625
2017-09-25,9,226.25
2017-09-25,9.2,226.25
2017-10-02,0.1,302.1875
2017-10-02,1,292.8125
2017-10-02,2,289.375
2017-10-02,3,287.1875
2017-10-02,4,283.125
2017-10-02,5,27.1875
2017-10-02,6,195.9375
2017-10-02,8,223.4375
2017-10-02,9,225.625
2017-10-02,9.2,225.625
2017-10-09,0.1,247.5
2017-10-09,1,292.8125
2017-10-09,2,298.125
2017-10-09,3,294.0625
2017-10-09,4,290.9375
2017-10-09,5,29.6875
2017-10-09,6,211.25
2017-10-09,8,223.125
2017-10-09,9,222.5
2017-10-09,9.2,222.5
2017-10-16,0.1,287.5
2017-10-16,1,284.0625
2017-10-16,2,281.25
2017-10-16,3,281.5625
2017-10-16,4,296.875
2017-10-16,5,40.3125
2017-10-16,6,220
2017-10-16,8,226.25
2017-10-16,9,225.3125
2017-10-16,9.2,225.3125
2017-10-23,0.1,282.5
2017-10-23,1,288.125
2017-10-23,2,268.4375
2017-10-23,3,260
2017-10-23,4,233.4375
2017-10-23,5,203.75
2017-10-23,6,225.3125
2017-10-23,8,288.75
2017-10-23,9,289.0625
2017-10-23,9.2,288.75
2017-10-30,0.1,324.375
2017-10-30,1,280.625
2017-10-30,2,278.125
2017-10-30,3,271.875
2017-10-30,4,262.1875
2017-10-30,5,265.625
2017-10-30,6,267.1875
2017-10-30,8,265.3125
2017-10-30,9,264.375
2017-10-30,9.2,264.375
2017-11-06,0.1,285.9375
2017-11-06,1,287.5
2017-11-06,2,284.375
2017-11-06,3,279.375
2017-11-06,4,281.25
2017-11-06,5,287.1875
2017-11-06,6,288.4375
2017-11-06,8,287.1875
2017-11-06,9,285.9375
2017-11-06,9.2,285.9375
2017-11-07,1,260.3125
2017-11-07,8,265.625
2017-11-07,9,261.5625
2017-11-07,9.2,259.6875
2017-12-11,0.1,398.125
2017-12-11,1,355.3125
2017-12-11,2,354.6875
2017-12-11,3,353.125
2017-12-11,4,350.3125
2017-12-11,5,350
2017-12-11,6,349.375
2017-12-11,8,345.3125
2017-12-11,9,346.5625
2017-12-11,9.2,346.5625
2018-01-15,0.1,415.9375
2018-01-15,1,410.3125
2018-01-15,2,406.5625
2018-01-15,3,406.25
2018-01-15,4,405.625
2018-01-15,5,399.6875
2018-01-15,6,396.875
2018-01-15,8,388.125
2018-01-15,9,382.8125
2018-01-15,9.2,382.8125
2018-02-19,0.1,415.625
2018-02-19,1,414.0625
2018-02-19,2,413.125
2018-02-19,3,411.875
2018-02-19,5,404.6875
2018-02-19,6,395.9375
2018-02-19,9,387.1875
2018-02-19,9.2,387.1875
2018-03-19,0.1,375.3125
2018-03-19,2,384.0625
2018-03-19,4,375.9375
2018-03-19,5,373.75
2018-03-19,6,372.1875
2018-03-19,8,372.1875
2018-03-19,9,369.0625
2018-03-19,9.2,369.0625
2018-04-04,0.1,365.625
2018-04-04,1,368.4375
2018-04-04,2,365.9375
2018-04-04,3,378.75
2018-04-04,4,365
2018-04-04,5,360
2018-04-04,6,347.8125
2018-04-04,8,334.0625
2018-04-04,9,317.1875
2018-04-04,9.2,317.1875
2018-04-10,0.1,349.375
2018-04-10,1,347.8125
2018-04-10,2,346.875
2018-04-10,3,346.875
2018-04-10,4,346.25
2018-04-10,5,322.8125
2018-04-10,6,313.4375
2018-04-10,8,304.0625
2018-04-10,9,296.25
2018-04-10,9.2,296.25
2018-04-20,0.1,301.4125
2018-04-20,1,266.625
2018-04-20,2,304.715625
2018-04-20,3,307.25625
2018-04-20,4,289.25625
2018-04-20,5,258.228125
2018-04-20,6,252.990625
2018-04-20,7,236.41875
2018-04-20,8,226.775
2018-04-20,9,221.7375
2018-04-20,9.2,216.5875
2018-04-23,0.1,311.025
2018-04-23,1,309.465625
2018-04-23,2,318.121875
2018-04-23,3,314.85625
2018-04-23,4,314.3375
2018-04-23,5,301.60625
2018-04-23,6,245.340625
2018-04-23,7,240.2375
2018-04-23,8,234.940625
2018-04-23,9,229.646875
2018-04-23,9.2,227.709375
2018-04-30,0.1,295.3125
2018-04-30,1,297.065625
2018-04-30,2,296.603125
2018-04-30,3,274.965625
2018-04-30,4,268.528125
2018-04-30,5,280.38125
2018-04-30,6,280.10625
2018-04-30,7,280.334375
2018-04-30,8,279.81875
2018-04-30,9,278.865625
2018-04-30,9.2,278.771875
2018-05-04,0.1,275.240625
2018-05-04,1,289.7
2018-05-04,2,287.36875
2018-05-04,3,284.903125
2018-05-04,4,239.43125
2018-05-04,5,276.478125
2018-05-04,6,285.990625
2018-05-04,7,288.1
2018-05-04,8,288.790625
2018-05-04,9,288.121875
2018-05-04,9.2,286.796875
2018-05-07,0.1,262.06875
2018-05-07,1,261.56875
2018-05-07,2,304.04375
2018-05-07,3,275.728125
2018-05-07,4,223.290625
2018-05-07,5,281.328125
2018-05-07,6,282.6375
2018-05-07,7,282.371875
2018-05-07,8,282.703125
2018-05-07,9,282.109375
2018-05-07,9.2,281.34375
2018-05-11,0.1,230.8125
2018-05-11,1,222.45
2018-05-11,2,261.215625
2018-05-11,3,282.459375
2018-05-11,4,224.5
2018-05-11,5,278.325
2018-05-11,6,277.996875
2018-05-11,7,277.728125
2018-05-11,8,277.73125
2018-05-11,9,277.59375
2018-05-11,9.2,276.2875
2018-05-14,0.1,248.984375
2018-05-14,1,275.509375
2018-05-14,2,302.5875
2018-05-14,3,293.615625
2018-05-14,4,223.884375
2018-05-14,5,279.903125
2018-05-14,6,284.0125
2018-05-14,7,283.165625
2018-05-14,8,284.121875
2018-05-14,9,282.7375
2018-05-14,9.2,283.13125
2018-05-17,0.1,259.4125
2018-05-17,1,285.975
2018-05-17,2,312.621875
2018-05-17,3,272.890625
2018-05-17,4,216.29375
2018-05-17,5,285.2125
2018-05-17,6,284.91875
2018-05-17,7,282.875
2018-05-17,8,282.96875
2018-05-17,9,279.759375
2018-05-17,9.2,279.925
2018-05-21,0.1,276.85
2018-05-21,1,304.015625
2018-05-21,2,258.7
2018-05-21,3,248.834375
2018-05-21,4,276.3625
2018-05-21,5,274.975
2018-05-21,6,275.653125
2018-05-21,7,279.140625
2018-05-21,8,278.853125
2018-05-21,9,278.7125
2018-05-21,9.2,279.153125
2018-05-28,0.1,247.184375
2018-05-28,1,291.875
2018-05-28,2,228.371875
2018-05-28,3,188.415625
2018-05-28,4,224.025
2018-05-28,5,250.503125
2018-05-28,6,244.846875
2018-05-28,7,242.971875
2018-05-28,8,236.359375
2018-05-28,9,194.303125
2018-05-28,9.2,184.265625
2018-06-04,0.1,200.2625
2018-06-04,1,195.9125
2018-06-04,2,290.078125
2018-06-04,3,195.846875
2018-06-04,4,148.646875
2018-06-04,5,243.96875
2018-06-04,6,241.721875
2018-06-04,7,240.65
2018-06-04,8,241.6
2018-06-04,9,241.171875
2018-06-04,9.2,240.625
2018-06-07,0.1,278.83125
2018-06-07,1,288.15
2018-06-07,2,273.36875
2018-06-07,3,192.678125
2018-06-07,4,96.009375
2018-06-07,5,256.184375
2018-06-07,6,245.81875
2018-06-07,7,245.5125
2018-06-07,8,245.396875
2018-06-07,9,245.653125
2018-06-07,9.2,246.175
2018-06-11,0.1,235.03125
2018-06-11,1,235.41875
2018-06-11,2,286.528125
2018-06-11,3,189.25
2018-06-11,4,125.228125
2018-06-11,5,244.871875
2018-06-11,6,244.896875
2018-06-11,7,246.78125
2018-06-11,8,247.65
2018-06-11,9,246.271875
2018-06-11,9.2,245.978125
2018-06-14,0.1,268.871875
2018-06-14,1,286.81875
2018-06-14,2,268.5125
2018-06-14,3,187.728125
2018-06-14,4,140.45625
2018-06-14,5,246.453125
2018-06-14,6,246.209375
2018-06-14,7,246.9125
2018-06-14,8,248.29375
2018-06-14,9,248.015625
2018-06-14,9.2,248.0375
2018-06-18,0.1,278.40625
2018-06-18,1,313.753125
2018-06-18,2,316.534375
2018-06-18,3,211.41875
2018-06-18,4,187.578125
2018-06-18,5,250.871875
2018-06-18,6,250.653125
2018-06-18,7,250.93125
2018-06-18,8,249.553125
2018-06-18,9,249.015625
2018-06-18,9.2,248.303125
2018-06-25,0.1,264.15
2018-06-25,1,270.65
2018-06-25,2,323.059375
2018-06-25,3,175.85
2018-06-25,4,130.696875
2018-06-25,5,244.8125
2018-06-25,6,247.459375
2018-06-25,7,248.625
2018-06-25,8,247.228125
2018-06-25,9,246.765625
2018-06-25,9.2,246.64375
2018-07-02,0.1,267.496875
2018-07-02,1,317.221875
2018-07-02,2,313.99375
2018-07-02,3,157.7
2018-07-02,4,126.06875
2018-07-02,5,240.446875
2018-07-02,6,240.33125
2018-07-02,7,240.178125
2018-07-02,8,240.734375
2018-07-02,9,239.3375
2018-07-02,9.2,238.28125
2018-07-05,0.1,186.959375
2018-07-05,1,345.521875
2018-07-05,2,382.8125
2018-07-05,3,173.778125
2018-07-05,4,111.1375
2018-07-05,5,238.3
2018-07-05,6,238.63125
2018-07-05,7,239.5625
2018-07-05,8,238.7
2018-07-05,9,238.51875
2018-07-05,9.2,239.534375
2018-07-09,0.1,285.921875
2018-07-09,1,266.03125
2018-07-09,2,437.31875
2018-07-09,3,171.325
2018-07-09,4,107.771875
2018-07-09,5,236.475
2018-07-09,6,234.575
2018-07-09,7,234.071875
2018-07-09,8,233.153125
2018-07-09,9,233.075
2018-07-09,9.2,232.61875
2018-07-16,0.1,274.25
2018-07-16,1,278.328125
2018-07-16,2,452.325
2018-07-16,3,202.76875
2018-07-16,4,100.521875
2018-07-16,5,225.140625
2018-07-16,6,229.00625
2018-07-16,7,229.834375
2018-07-16,8,231.115625
2018-07-16,9,231.303125
2018-07-16,9.2,232.153125
2018-07-19,0.1,203.065625
2018-07-19,1,277.96875
2018-07-19,2,470.58125
2018-07-19,3,188.8
2018-07-19,4,56.9375
2018-07-19,5,227.478125
2018-07-19,6,228.565625
2018-07-19,7,228.390625
2018-07-19,8,228.640625
2018-07-19,9,228.61875
2018-07-19,9.2,227.725
2018-07-23,0.1,312.5
2018-07-23,1,310.9375
2018-07-23,2,309.0625
2018-07-23,3,429.0625
2018-07-23,4,136.5625
2018-07-23,5,176.875
2018-07-23,6,182.5
2018-07-23,8,182.8125
2018-07-23,9,182.1875
2018-07-23,9.2,182.1875
2018-07-26,0.1,323.809375
2018-07-26,1,329.490625
2018-07-26,2,331.35
2018-07-26,3,189.215625
2018-07-26,4,35.771875
2018-07-26,5,135.70625
2018-07-26,6,128.2125
2018-07-26,7,127.73125
2018-07-26,8,127.709375
2018-07-26,9,127.740625
2018-07-26,9.2,127.790625
2018-07-30,0.1,247.671875
2018-07-30,1,225.20625
2018-07-30,2,240.29375
2018-07-30,3,103.084375
2018-07-30,4,9.771875
2018-07-30,5,94.503125
2018-07-30,6,93.159375
2018-07-30,7,93.203125
2018-07-30,8,92.584375
2018-07-30,9,93.23125
2018-07-30,9.2,93.09375
2018-08-02,0.1,251.646875
2018-08-02,1,238.828125
2018-08-02,2,174.209375
2018-08-02,3,70.60625
2018-08-02,4,76.93125
2018-08-02,5,79.78125
2018-08-02,6,81.978125
2018-08-02,7,68.225
2018-08-02,8,43.4375
2018-08-02,9,3.15625
2018-08-02,9.2,3.2125
2018-08-06,0.1,163.234375
2018-08-06,1,230.475
2018-08-06,2,164.21875
2018-08-06,3,37.753125
2018-08-06,4,4.415625
2018-08-06,5,26.959375
2018-08-06,6,29.11875
2018-08-06,7,43.1
2018-08-06,8,17.70625
2018-08-06,9,3.03125
2018-08-06,9.2,2.9
2018-08-09,0.1,215.484375
2018-08-09,1,274.190625
2018-08-09,4,45.453125
2018-08-09,5,16.9875
2018-08-09,6,1.965625
2018-08-09,7,2.184375
2018-08-09,8,1.78125
2018-08-09,9,1.765625
2018-08-09,9.2,1.515625
2018-08-10,0.1,214.80625
2018-08-10,1,204.79375
2018-08-10,4,16.4375
2018-08-10,5,45.15
2018-08-10,6,32.21875
2018-08-10,7,31.56875
2018-08-10,8,29.321875
2018-08-10,9,28.140625
2018-08-10,9.2,27.940625
2018-08-13,0.1,260.140625
2018-08-13,1,259.78125
2018-08-13,2,171.0875
2018-08-13,3,5.559375
2018-08-13,4,43.134375
2018-08-13,5,59.91875
2018-08-13,6,59.634375
2018-08-13,7,58.13125
2018-08-13,8,58.115625
2018-08-13,9,56.396875
2018-08-13,9.2,55.409375
2018-08-14,0.1,189.953125
2018-08-14,1,264.40625
2018-08-14,4,12.7125
2018-08-14,5,32.334375
2018-08-14,6,47.4125
2018-08-14,7,45.70625
2018-08-14,8,35.375
2018-08-14,9,2.66875
2018-08-14,9.2,2.2375
2018-08-16,0.1,278.96875
2018-08-16,1,282.715625
2018-08-16,2,259.20625
2018-08-16,4,8.315625
2018-08-16,5,35.846875
2018-08-16,6,42.74375
2018-08-16,7,31.66875
2018-08-16,8,2.596875
2018-08-16,9,2.53125
2018-08-16,9.2,2.265625
2018-08-20,0.1,261.615625
2018-08-20,1,259.65
2018-08-20,2,179.965625
2018-08-20,3,9.796875
2018-08-20,4,6.753125
2018-08-20,5,4.846875
2018-08-20,6,0.721875
2018-08-20,7,3.25625
2018-08-20,8,2.78125
2018-08-20,9,2.565625
2018-08-20,9.2,2.61875
2018-08-24,0.1,283.896875
2018-08-24,1,266.496875
2018-08-24,2,252.4625
2018-08-24,4,5.55625
2018-08-24,5,5.59375
2018-08-24,6,2.915625
2018-08-24,7,2.428125
2018-08-24,8,2.228125
2018-08-24,9,2.246875
2018-08-24,9.2,2.253125
2018-08-27,0.1,278.1
2018-08-27,1,274.309375
2018-08-27,2,243.84375
2018-08-27,3,10.73125
2018-08-27,4,3.184375
2018-08-27,5,2.384375
2018-08-27,6,2.240625
2018-08-27,7,2.071875
2018-08-27,8,1.746875
2018-08-27,9,1.81875
2018-08-27,9.2,1.8
2018-09-03,0.1,270.56875
2018-09-03,1,266.359375
2018-09-03,2,301.565625
2018-09-03,3,13.621875
2018-09-03,4,4.88125
2018-09-03,5,3.303125
2018-09-03,6,2.6875
2018-09-03,7,2.496875
2018-09-03,8,2.309375
2018-09-03,9,2.2375
2018-09-03,9.2,2.303125
2018-09-10,0.1,251.921875
2018-09-10,1,245.41875
2018-09-10,2,114.428125
2018-09-10,3,3.48125
2018-09-10,4,3.59375
2018-09-10,5,2.734375
2018-09-10,6,2.353125
2018-09-10,7,2.284375
2018-09-10,8,2.20625
2018-09-10,9,2.134375
2018-09-10,9.2,2.00625
2018-09-17,0.1,187.80625
2018-09-17,1,210.11875
2018-09-17,2,174.771875
2018-09-17,3,127.503125
2018-09-17,4,42.359375
2018-09-17,5,3.39375
2018-09-17,6,2.69375
2018-09-17,7,2.409375
2018-09-17,8,2.203125
2018-09-17,9,2.184375
2018-09-17,9.2,2.265625
2018-09-21,0.1,268.653125
2018-09-21,1,275.01875
2018-09-21,2,262.834375
2018-09-21,3,80.884375
2018-09-21,4,4.08125
2018-09-21,5,2.6875
2018-09-21,6,3.003125
2018-09-21,7,2.546875
2018-09-21,8,2.478125
2018-09-21,9,2.315625
2018-09-21,9.2,2.428125
2018-09-24,0.1,159.6625
2018-09-24,1,219.003125
2018-09-24,2,215.8875
2018-09-24,3,138.4625
2018-09-24,4,0.8875
2018-09-24,5,3.634375
2018-09-24,6,3.565625
2018-09-24,7,3.165625
2018-09-24,8,2.890625
2018-09-24,9,2.959375
2018-09-24,9.2,2.803125
2018-10-01,0.1,229.95625
2018-10-01,1,220.328125
2018-10-01,2,105.84375
2018-10-01,3,58.2875
2018-10-01,4,30.59375
2018-10-01,5,4.2625
2018-10-01,6,4.85
2018-10-01,7,3.428125
2018-10-01,8,3.009375
2018-10-01,9,3.215625
2018-10-01,9.2,2.8
2018-10-05,0.1,224.65
2018-10-05,1,265.95625
2018-10-05,4,4.359375
2018-10-05,5,4.81875
2018-10-05,6,4.384375
2018-10-05,7,3.740625
2018-10-05,8,2.853125
2018-10-05,9,3.134375
2018-10-05,9.2,3.084375
2018-10-08,0.1,260.48125
2018-10-08,1,224.575
2018-10-08,2,227.88125
2018-10-08,4,6.909375
2018-10-08,5,4.634375
2018-10-08,6,4.6375
2018-10-08,7,3.95
2018-10-08,8,3.6625
2018-10-08,9,3.3
2018-10-08,9.2,3.171875
2018-10-15,0.1,142.95
2018-10-15,1,149.56875
2018-10-15,2,151.171875
2018-10-15,3,131.771875
2018-10-15,4,115.665625
2018-10-15,5,90.834375
2018-10-15,6,2.084375
2018-10-15,7,3.765625
2018-10-15,8,3.4375
2018-10-15,9,3.234375
2018-10-15,9.2,2.84375
2018-10-19,0.1,190.34375
2018-10-19,1,184.03125
2018-10-19,2,177.253125
2018-10-19,3,181.275
2018-10-19,4,195.359375
2018-10-19,5,195.55
2018-10-19,6,202.24375
2018-10-19,7,188.5125
2018-10-19,8,6.09375
2018-10-19,9,4.253125
2018-10-19,9.2,4.04375
2018-10-21,0.1,216.25
2018-10-21,1,216.5625
2018-10-21,2,216.5625
2018-10-21,3,215.625
2018-10-21,4,202.8125
2018-10-21,5,203.125
2018-10-21,6,202.8125
2018-10-21,7,181.5625
2018-10-21,8,159.0625
2018-10-21,9,17.8125
2018-10-21,9.2,17.8125
2018-10-22,0.1,200.10625
2018-10-22,1,195.99375
2018-10-22,2,197.540625
2018-10-22,3,196.440625
2018-10-22,4,191.334375
2018-10-22,5,183.625
2018-10-22,6,183.521875
2018-10-22,7,203.60625
2018-10-22,8,1.521875
2018-10-22,9,5.921875
2018-10-22,9.2,5.7625
2018-10-29,0.1,233.815625
2018-10-29,1,233.30625
2018-10-29,2,229.61875
2018-10-29,3,230.946875
2018-10-29,4,230.996875
2018-10-29,5,230.840625
2018-10-29,6,231.171875
2018-10-29,7,230.49375
2018-10-29,8,230.41875
2018-10-29,9,229.696875
2018-10-29,9.2,228.675
2018-11-02,0.1,218.834375
2018-11-02,1,219.7875
2018-11-02,2,219.359375
2018-11-02,3,232.940625
2018-11-02,4,233.109375
2018-11-02,5,232.328125
2018-11-02,6,228.890625
2018-11-02,7,224.90625
2018-11-02,8,221.49375
2018-11-02,9,213.04375
2018-11-02,9.2,209.5875
2018-11-07,0.1,265.628125
2018-11-07,1,258.409375
2018-11-07,2,262.23125
2018-11-07,3,261.625
2018-11-07,4,258.303125
2018-11-07,5,250.4875
2018-11-07,6,215.50625
2018-11-07,7,194.009375
2018-11-07,8,173.553125
2018-11-07,9,167.74375
2018-11-07,9.2,167.3875
2018-11-13,0.1,235.715625
2018-11-13,1,214.8625
2018-11-13,2,259.953125
2018-11-13,3,261.1
2018-11-13,4,259.56875
2018-11-13,5,259.571875
2018-11-13,6,261.20625
2018-11-13,7,260.609375
2018-11-13,8,261.909375
2018-11-13,9,260.45625
2018-11-13,9.2,261.121875
2018-11-19,0.1,248.69375
2018-11-19,1,307.775
2018-11-19,2,298.328125
2018-11-19,3,298.64375
2018-11-19,4,297.965625
2018-11-19,5,297.31875
2018-11-19,6,297.25625
2018-11-19,7,296.721875
2018-11-19,8,295.2375
2018-11-19,9,295.15625
2018-11-19,9.2,293.09375
2018-12-06,0.1,285.415625
2018-12-06,1,294.184375
2018-12-06,2,345.528125
2018-12-06,3,345.6
2018-12-06,4,346.190625
2018-12-06,5,345.109375
2018-12-06,6,344.88125
2018-12-06,7,346.159375
2018-12-06,8,344.53125
2018-12-06,9,343.8125
2018-12-06,9.2,343.36875
2018-12-17,0.1,325.828125
2018-12-17,1,308.403125
2018-12-17,2,350.671875
2018-12-17,3,352.471875
2018-12-17,4,349.75625
2018-12-17,5,351.1
2018-12-17,6,353.13125
2018-12-17,7,351.278125
2018-12-17,8,351.94375
2018-12-17,9,350.9375
2018-12-17,9.2,352.415625
2019-01-21,0.1,409.375
2019-01-21,1,408.75
2019-01-21,2,407.8125
2019-01-21,3,408.125
2019-01-21,4,405.9375
2019-01-21,5,403.125
2019-01-21,6,401.5625
2019-02-08,0.1,322.80625
2019-02-08,1,323.640625
2019-02-08,2,325.38125
2019-02-08,3,327.4625
2019-02-08,4,326.8375
2019-02-08,5,326.490625
2019-02-08,6,327.228125
2019-02-08,7,327.0375
2019-02-08,8,326.09375
2019-02-08,9,322.8
2019-02-08,9.2,320.76875
2019-03-18,0.1,375.625
2019-03-18,1,379.375
2019-03-18,2,379.6875
2019-03-18,3,381.5625
2019-03-18,4,379.375
2019-03-18,5,374.6875
2019-03-18,6,369.6875
2019-03-18,8,359.0625
2019-03-18,9,361.25
2019-03-18,9.2,361.25
2019-04-01,0.1,347.5
2019-04-01,2,342.8125
2019-04-01,4,348.4375
2019-04-01,5,351.5625
2019-04-01,6,334.0625
2019-04-01,8,305.3125
2019-04-01,9,288.4375
2019-04-01,9.2,288.4375
2019-05-06,0.1,291.5625
2019-05-06,2,292.1875
2019-05-06,4,309.375
2019-05-06,5,250.625
2019-05-06,6,225
2019-05-06,8,199.0625
2019-05-06,9,184.6875
2019-05-06,9.2,184.6875
2019-05-13,0.1,291.5625
2019-05-13,1,318.125
2019-05-13,2,328.125
2019-05-13,3,385.625
2019-05-13,4,352.8125
2019-05-13,5,246.5625
2019-05-13,6,201.5625
2019-05-13,8,162.8125
2019-05-13,9,162.5
2019-05-13,9.2,162.5
2019-05-20,0.1,298.125
2019-05-20,1,301.25
2019-05-20,2,340.625
2019-05-20,3,406.25
2019-05-20,4,382.1875
2019-05-20,5,289.0625
2019-05-20,6,216.5625
2019-05-20,8,151.25
2019-05-20,9,117.1875
2019-05-20,9.2,117.1875
2019-05-27,0.1,288.125
2019-05-27,1,274.0625
2019-05-27,2,314.0625
2019-05-27,3,399.375
2019-05-27,4,367.8125
2019-05-27,5,239.6875
2019-05-27,6,160
2019-05-27,7,114.375
2019-05-27,8,112.5
2019-05-27,9,69.0625
2019-05-27,9.2,69.0625
2019-06-03,0.1,278.49375
2019-06-03,1,279.340625
2019-06-03,2,412.615625
2019-06-03,3,367.490625
2019-06-03,4,216.8625
2019-06-03,5,154.221875
2019-06-03,6,88.63125
2019-06-03,7,68.534375
2019-06-03,8,2.375
2019-06-03,9,4.90625
2019-06-03,9.2,4.69375
2019-06-06,0.1,290.371875
2019-06-06,1,303.621875
2019-06-06,2,430.66875
2019-06-06,3,367.296875
2019-06-06,4,240.375
2019-06-06,5,134.00625
2019-06-06,6,147.0125
2019-06-06,7,147.0375
2019-06-06,8,147.29375
2019-06-06,9,146.58125
2019-06-06,9.2,146.425
2019-06-10,0.1,272.225
2019-06-10,1,271.3
2019-06-10,2,284.515625
2019-06-10,3,370.3625
2019-06-10,4,234.86875
2019-06-10,5,185.55
2019-06-10,6,184.603125
2019-06-10,7,185.490625
2019-06-10,8,185.55
2019-06-10,9,182.03125
2019-06-10,9.2,183.74375
2019-06-13,0.1,281.26875
2019-06-13,1,281.121875
2019-06-13,2,302.725
2019-06-13,3,382.178125
2019-06-13,4,198.496875
2019-06-13,5,204.671875
2019-06-13,6,208.35
2019-06-13,7,208.8
2019-06-13,8,209.321875
2019-06-13,9,209.25
2019-06-13,9.2,208.478125
2019-06-17,0.1,195.953125
2019-06-17,1,218.590625
2019-06-17,2,293.325
2019-06-17,3,348.36875
2019-06-17,4,188.7375
2019-06-17,5,226.309375
2019-06-17,6,227.14375
2019-06-17,7,227.475
2019-06-17,8,228.690625
2019-06-17,9,226.10625
2019-06-17,9.2,227.809375
2019-06-20,0.1,182.246875
2019-06-20,1,372.615625
2019-06-20,2,343
2019-06-20,3,373.440625
2019-06-20,4,111.5125
2019-06-20,5,197.653125
2019-06-20,6,225.328125
2019-06-20,7,214.003125
2019-06-20,8,182.509375
2019-06-20,9,124.028125
2019-06-20,9.2,13.121875
2019-06-24,0.1,289.346875
2019-06-24,1,283.93125
2019-06-24,2,351.66875
2019-06-24,3,349.825
2019-06-24,4,176.534375
2019-06-24,5,156.290625
2019-06-24,6,172.5375
2019-06-24,7,190.934375
2019-06-24,8,169.109375
2019-06-24,9,47.34375
2019-06-24,9.2,0.3125
2019-06-27,0.1,260.703125
2019-06-27,1,262.790625
2019-06-27,2,378.825
2019-06-27,3,372.096875
2019-06-27,4,229.31875
2019-06-27,5,172.975
2019-06-27,6,153.903125
2019-06-27,7,178.203125
2019-06-27,8,145.7875
2019-06-27,9,0.3125
2019-06-27,9.2,0.3125
2019-07-01,0.1,245.615625
2019-07-01,1,188.690625
2019-07-01,2,416.853125
2019-07-01,3,371.790625
2019-07-01,4,161.0875
2019-07-01,5,153.803125
2019-07-01,6,127.859375
2019-07-01,7,152.78125
2019-07-01,8,32.78125
2019-07-01,9,24.61875
2019-07-01,9.2,5.2125
2019-07-03,0.1,231.86875
2019-07-03,1,206.915625
2019-07-03,2,227.203125
2019-07-03,3,378.74375
2019-07-03,4,138.75
2019-07-03,5,146.146875
2019-07-03,6,161.5375
2019-07-03,7,143.821875
2019-07-03,8,112.190625
2019-07-03,9,4.771875
2019-07-03,9.2,3.35
2019-07-08,0.1,210.796875
2019-07-08,1,238.153125
2019-07-08,2,437.63125
2019-07-08,3,379.159375
2019-07-08,4,81.8125
2019-07-08,5,109.775
2019-07-08,6,137.509375
2019-07-08,7,98.353125
2019-07-08,8,0.378125
2019-07-08,9,23.303125
2019-07-08,9.2,3.884375
2019-07-15,0.1,259.15
2019-07-15,1,275.3375
2019-07-15,2,415.9125
2019-07-15,3,362.165625
2019-07-15,4,124.05
2019-07-15,5,160.203125
2019-07-15,6,160.521875
2019-07-15,7,160.38125
2019-07-15,8,162.003125
2019-07-15,9,161.95625
2019-07-15,9.2,161.703125
2019-07-18,0.1,273.24375
2019-07-18,1,275.975
2019-07-18,2,402.659375
2019-07-18,3,361.309375
2019-07-18,4,103.3
2019-07-18,5,168.25
2019-07-18,6,171.675
2019-07-18,7,172.865625
2019-07-18,8,172.7375
2019-07-18,9,172.2125
2019-07-18,9.2,171.7875
2019-07-22,0.1,266.7125
2019-07-22,1,263.81875
2019-07-22,2,359.31875
2019-07-22,3,344.34375
2019-07-22,4,24.603125
2019-07-22,5,150.684375
2019-07-22,6,159.475
2019-07-22,7,126.09375
2019-07-22,8,117.49375
2019-07-22,9,0.3125
2019-07-22,9.2,1.70625
2019-07-29,0.1,263.15625
2019-07-29,1,198.65625
2019-07-29,2,249.4125
2019-07-29,3,264.7625
2019-07-29,4,135.41875
2019-07-29,5,74.478125
2019-07-29,6,53.421875
2019-07-29,7,82.36875
2019-07-29,8,0.625
2019-07-29,9,3.61875
2019-07-29,9.2,3.528125
2019-08-01,0.1,271.8
2019-08-01,1,268.453125
2019-08-01,2,223.80625
2019-08-01,3,232.25625
2019-08-01,4,78.684375
2019-08-01,5,99.5625
2019-08-01,6,113.434375
2019-08-01,7,77.2875
2019-08-01,8,2.0375
2019-08-01,9,3.115625
2019-08-01,9.2,2.834375
2019-08-05,0.1,202.421875
2019-08-05,1,275.203125
2019-08-05,2,181.903125
2019-08-05,3,145.0875
2019-08-05,4,23.99375
2019-08-05,5,50.8125
2019-08-05,6,97.028125
2019-08-05,7,20.565625
2019-08-05,8,3.228125
2019-08-05,9,2.8375
2019-08-05,9.2,2.703125
2019-08-08,0.1,246.78125
2019-08-08,1,246.240625
2019-08-08,3,99.090625
2019-08-08,4,13.0625
2019-08-08,5,16.6
2019-08-08,6,61.85
2019-08-08,7,61.3875
2019-08-08,8,61.58125
2019-08-08,9,61.33125
2019-08-08,9.2,61.51875
2019-08-12,0.1,275.88125
2019-08-12,1,276.28125
2019-08-12,4,4.321875
2019-08-12,5,77.153125
2019-08-12,6,74.240625
2019-08-12,7,76.434375
2019-08-12,8,76.575
2019-08-12,9,76.55625
2019-08-12,9.2,75.896875
2019-08-15,0.1,263.121875
2019-08-15,1,334.625
2019-08-15,4,5.990625
2019-08-15,5,81.35625
2019-08-15,6,76.803125
2019-08-15,7,77.534375
2019-08-15,8,77.60625
2019-08-15,9,76.15625
2019-08-15,9.2,76.221875
2019-08-19,0.1,288.034375
2019-08-19,1,290.55625
2019-08-19,4,4.71875
2019-08-19,5,39.378125
2019-08-19,6,81.946875
2019-08-19,7,81.95625
2019-08-19,8,79.096875
2019-08-19,9,77.028125
2019-08-19,9.2,77.228125
2019-08-22,0.1,293.046875
2019-08-22,1,296.109375
2019-08-22,4,5.378125
2019-08-22,5,38.01875
2019-08-22,6,69.928125
2019-08-22,7,44.178125
2019-08-22,8,2.5375
2019-08-22,9,3.09375
2019-08-22,9.2,3.06875
2019-08-28,0.1,182.246875
2019-08-28,2,162.4625
2019-08-28,4,2.603125
2019-08-28,5,15.68125
2019-08-28,6,2.221875
2019-08-28,7,1.925
2019-08-28,8,1.709375
2019-08-28,9,1.5625
2019-08-28,9.2,1.578125
2019-09-02,4,7.021875
2019-09-02,5,4.534375
2019-09-02,6,2.94375
2019-09-02,7,2.546875
2019-09-02,8,2.34375
2019-09-02,9,2.234375
2019-09-02,9.2,2.359375
2019-09-11,0.1,253.021875
2019-09-11,1,249.58125
2019-09-11,4,4.65625
2019-09-11,5,12.859375
2019-09-11,6,17.525
2019-09-11,7,18.078125
2019-09-11,8,18.58125
2019-09-11,9,17.971875
2019-09-11,9.2,17.284375
2019-09-20,4,3.1625
2019-09-20,5,36.49375
2019-09-20,6,35.115625
2019-09-20,7,35.8625
2019-09-20,8,36.41875
2019-09-20,9,35.41875
2019-09-20,9.2,35.446875
2019-09-27,0.1,183.6375
2019-09-27,1,182.284375
2019-09-27,4,2.9125
2019-09-27,5,34.984375
2019-09-27,6,45.003125
2019-09-27,7,45.85625
2019-09-27,8,43.88125
2019-09-27,9,43.096875
2019-09-27,9.2,42.6625
2019-10-02,0.1,238.003125
2019-10-02,1,172.46875
2019-10-02,4,2.628125
2019-10-02,5,51.625
2019-10-02,6,52.415625
2019-10-02,7,51.784375
2019-10-02,8,50.496875
2019-10-02,9,49.828125
2019-10-02,9.2,49.76875
2019-10-04,0.1,204.7125
2019-10-04,1,191.990625
2019-10-04,4,1.625
2019-10-04,5,51.60625
2019-10-04,6,52.7125
2019-10-04,7,53.853125
2019-10-04,8,53.71875
2019-10-04,9,52.3125
2019-10-04,9.2,51.653125
2019-10-11,0.1,159.428125
2019-10-11,3,79.134375
2019-10-11,4,3.3625
2019-10-11,5,45.709375
2019-10-11,6,57.715625
2019-10-11,7,60.634375
2019-10-11,8,60.5625
2019-10-11,9,60.46875
2019-10-11,9.2,59.04375
2019-10-22,0.1,197
2019-10-22,1,190.7125
2019-10-22,2,166.05
2019-10-22,3,162.525
2019-10-22,4,158.2875
2019-10-22,5,149.115625
2019-10-22,6,102.184375
2019-10-22,7,98.325
2019-10-22,8,97.340625
2019-10-22,9,96.05
2019-10-22,9.2,97.028125
2019-10-23,0.1,182.26875
2019-10-23,1,182.909375
2019-10-23,2,182.5875
2019-10-23,3,182.465625
2019-10-23,4,183.059375
2019-10-23,5,154.646875
2019-10-23,6,103.340625
2019-10-23,7,101.675
2019-10-23,8,101.03125
2019-10-23,9,99.2875
2019-10-23,9.2,99.615625
2019-10-25,0.1,201.68125
2019-10-25,1,196.53125
2019-10-25,2,192.4375
2019-10-25,3,191.703125
2019-10-25,4,166.54375
2019-10-25,5,141.165625
2019-10-25,6,137.75625
2019-10-25,7,133.984375
2019-10-25,8,134.325
2019-10-25,9,134.415625
2019-10-25,9.2,133.440625
2019-10-28,0.1,187.05625
2019-10-28,1,189.640625
2019-10-28,2,189.89375
2019-10-28,3,160.409375
2019-10-28,4,144.9375
2019-10-28,5,142.178125
2019-10-28,6,142.090625
2019-10-28,7,142.26875
2019-10-28,8,142.384375
2019-10-28,9,138.946875
2019-10-28,9.2,138.8125
2019-10-30,0.1,241.865625
2019-10-30,1,225.16875
2019-10-30,2,187.91875
2019-10-30,3,151.415625
2019-10-30,4,144.5
2019-10-30,5,144.2125
2019-10-30,6,144.584375
2019-10-30,7,144.109375
2019-10-30,8,143.890625
2019-10-30,9,144.496875
2019-10-30,9.2,143.946875
2019-11-04,0.1,168.95
2019-11-04,1,188.3375
2019-11-04,2,185.925
2019-11-04,3,185.1875
2019-11-04,4,185.890625
2019-11-04,5,185.35
2019-11-04,6,185.390625
2019-11-04,7,185.940625
2019-11-04,8,185.765625
2019-11-04,9,186.2125
2019-11-04,9.2,186.40625
2019-11-08,0.1,204.95625
2019-11-08,1,205.534375
2019-11-08,2,204.365625
2019-11-08,3,205.725
2019-11-08,4,205.209375
2019-11-08,5,204.721875
2019-11-08,6,204.375
2019-11-08,7,204.875
2019-11-08,8,204.915625
2019-11-08,9,205.621875
2019-11-08,9.2,204.215625
2019-11-20,0.1,222.503125
2019-11-20,1,239.803125
2019-11-20,2,259.775
2019-11-20,3,257.659375
2019-11-20,4,258.04375
2019-11-20,5,257.278125
2019-11-20,6,258.70625
2019-11-20,7,257.240625
2019-11-20,8,257.50625
2019-11-20,9,257.559375
2019-11-20,9.2,257.4875
2019-12-06,0.1,221.959375
2019-12-06,1,249.034375
2019-12-06,2,249.346875
2019-12-06,3,247.959375
2019-12-06,4,247.78125
2019-12-06,5,246.79375
2019-12-06,6,246.125
2019-12-06,7,245.96875
2019-12-06,8,245.928125
2019-12-06,9,247.08125
2019-12-06,9.2,246.340625
