"DateTime","Depth","TOT_tn","TOT_tp"
2013-04-04,0.8,NA,1.04281683229052
2013-04-04,1.6,NA,0.991160270938664
2013-04-04,2.8,NA,1.14935849007871
2013-04-04,5,NA,1.14935849007871
2013-04-04,6.2,NA,1.3624418056551
2013-04-04,8,NA,1.54646830547108
2013-04-11,0.1,NA,0.871704472812506
2013-04-11,0.8,NA,1.00407441127663
2013-04-11,1.6,NA,1.94680665594793
2013-04-11,2.8,NA,1.45929785818983
2013-04-11,3.8,NA,0.871704472812506
2013-04-11,5,NA,0.97178906043172
2013-04-11,6.2,NA,1.68529531410418
2013-04-11,8,NA,1.3269279197257
2013-04-18,0.1,NA,0.839419121967598
2013-04-18,0.8,NA,1.03635976212154
2013-04-18,1.6,NA,1.16550116550117
2013-04-18,2.8,NA,0.800676700953709
2013-04-18,3.8,NA,1.12998727957177
2013-04-18,5,NA,0.852333262305562
2013-04-18,6.2,NA,0.774848420277783
2013-04-18,8,NA,0.978246130600701
2013-04-25,0.1,NA,0.900761288572923
2013-04-25,0.8,NA,0.900761288572923
2013-04-25,1.6,NA,1.00407441127663
2013-04-25,2.8,NA,1.6078104720764
2013-04-25,3.8,NA,0.774848420277783
2013-04-25,5,NA,0.774848420277783
2013-04-25,6.2,NA,1.07833071821991
2013-04-25,8,NA,1.27849989345834
2013-05-02,0.1,NA,1.15904409533218
2013-05-02,0.8,NA,2.28580283981946
2013-05-02,1.6,NA,1.49804027920371
2013-05-02,2.8,NA,0.76193427993982
2013-05-02,3.8,NA,0.594050455546301
2013-05-02,5,NA,0.76193427993982
2013-05-02,6.2,NA,0.594050455546301
2013-05-02,8,NA,0.933046639417831
2013-05-09,0.1,NA,0.707049183503477
2013-05-09,0.8,NA,0.652164087067134
2013-05-09,1.6,NA,0.849104727221071
2013-05-09,2.8,NA,1.01698855161459
2013-05-09,3.8,NA,0.707049183503477
2013-05-09,5,NA,1.15904409533218
2013-05-09,6.2,NA,0.903989823657414
2013-05-09,8,NA,0.790991095700237
2013-05-16,0.1,NA,0.745791604517366
2013-05-16,0.8,NA,0.855561797390052
2013-05-16,1.6,NA,0.881390078065978
2013-05-16,2.8,NA,0.584364850292828
2013-05-16,3.8,NA,1.69175238427316
2013-05-16,5,NA,0.774848420277783
2013-05-16,6.2,NA,0.991160270938664
2013-05-16,8,NA,0.745791604517366
2013-05-23,0.1,NA,0.826504981629635
2013-05-23,0.8,NA,0.774848420277783
2013-05-23,1.6,NA,0.694135043165514
2013-05-23,2.8,NA,0.907218358741905
2013-05-23,3.8,NA,0.665078227405097
2013-05-23,5,NA,0.800676700953709
2013-05-23,6.2,NA,0.962103455178248
2013-05-23,8,NA,0.610193130968754
2013-05-30,0.1,NA,0.71996332384144
2013-05-30,0.8,NA,1.12675874448728
2013-05-30,1.6,NA,0.768391350108802
2013-05-30,2.8,NA,0.84587619213658
2013-05-30,3.8,NA,1.05250243754399
2013-05-30,5,NA,0.871704472812506
2013-05-30,6.2,NA,0.820047911460654
2013-05-30,8,NA,0.97501759551621
2013-06-06,0.1,NA,0.913675428910886
2013-06-06,0.8,NA,0.832962051798617
2013-06-06,1.6,NA,1.33984206006367
2013-06-06,2.8,NA,1.07187364805093
2013-06-06,3.8,NA,0.884618613150469
2013-06-06,5,NA,0.700592113334496
2013-06-06,6.2,NA,1.04604536737501
2013-06-06,8,NA,1.1525870251632
2013-06-13,0.1,NA,0.700592113334496
2013-06-13,1.6,NA,0.700592113334496
2013-06-13,3.8,NA,0.726420394010422
2013-06-13,5,NA,0.755477209770839
2013-06-13,6.2,NA,0.616650201137736
2013-06-13,8,NA,0.59082192046181
2013-06-20,0.1,NA,1.18487237600811
2013-06-20,0.8,NA,1.21070065668404
2013-06-20,1.6,NA,1.21070065668404
2013-06-20,2.8,NA,1.26235721803589
2013-06-20,3.8,NA,1.23652893735996
2013-06-20,5,NA,1.02990269195255
2013-06-20,6.2,NA,1.26235721803589
2013-06-20,8,NA,1.23652893735996
2013-06-27,0.1,NA,0.749020139601857
2013-06-27,0.8,NA,0.978246130600701
2013-06-27,1.6,NA,0.92981810433334
2013-06-27,2.8,NA,0.723191858925931
2013-06-27,3.8,NA,NA
2013-06-27,5,NA,0.749020139601857
2013-06-27,6.2,NA,0.878161542981488
2013-06-27,8,NA,2.31163112049539
2013-07-03,0.1,NA,1.25590014786691
2013-07-03,0.8,NA,1.54969684055557
2013-07-03,1.6,NA,1.61103900716089
2013-07-03,2.8,NA,2.40203010286113
2013-07-03,3.8,NA,1.37535594599307
2013-07-03,5,NA,1.46252639327432
2013-07-03,6.2,NA,1.08155925330441
2013-07-03,8,NA,1.13967288482524
2013-07-11,0.1,NA,1.79183697189237
2013-07-11,0.8,NA,3.83549968037503
2013-07-11,1.6,NA,1.3624418056551
2013-07-11,2.8,NA,0.903989823657414
2013-07-11,3.8,NA,0.797448165869219
2013-07-11,5,NA,0.661849692320607
2013-07-11,6.2,NA,0.742563069432876
2013-07-11,8,NA,0.768391350108802
2013-07-15,0.1,NA,0.945960779755794
2013-07-15,0.8,NA,1.15904409533218
2013-07-15,1.6,NA,0.894304218403941
2013-07-15,2.8,NA,0.920132499079868
2013-07-15,3.8,NA,0.681220902827551
2013-07-15,5,NA,0.707049183503477
2013-07-15,6.2,NA,0.54885096436343
2013-07-15,8,NA,0.681220902827551
2013-07-19,0.1,NA,1.38827008633103
2013-07-19,0.8,NA,1.54969684055557
2013-07-19,1.6,NA,1.95326372611691
2013-07-19,2.8,NA,1.14612995499422
2013-07-19,3.8,NA,1.3624418056551
2013-07-19,5,NA,1.44638371785186
2013-07-19,6.2,NA,2.47305787471993
2013-07-19,8,NA,1.65623849834376
2013-07-22,0.1,NA,1.0492739024595
2013-07-22,0.8,NA,1.20747212159955
2013-07-22,1.6,NA,1.78860843680788
2013-07-22,2.8,NA,2.89599597078821
2013-07-22,3.8,NA,1.33984206006367
2013-07-22,5,NA,0.839419121967598
2013-07-22,6.2,NA,1.65623849834376
2013-07-22,8,NA,1.23330040227547
2013-07-25,0.1,NA,1.16872970058566
2013-07-25,0.8,NA,2.28257430473497
2013-07-25,1.6,NA,2.01783442780673
2013-07-25,2.8,NA,0.742563069432876
2013-07-25,3.8,NA,1.45929785818983
2013-07-25,5,NA,2.02106296289122
2013-07-25,6.2,NA,1.05250243754399
2013-07-25,8,NA,3.16396438280095
2013-07-29,0.1,NA,0.771619885193292
2013-07-29,0.8,NA,1.16872970058566
2013-07-29,1.6,NA,2.46660080455094
2013-07-29,2.8,NA,1.69820945444214
2013-07-29,3.8,NA,1.24621454261343
2013-07-29,5,NA,1.14290141990973
2013-07-29,6.2,NA,1.30109963904978
2013-07-29,8,NA,0.716734788756949
2013-08-01,0.1,NA,1.64655289309029
2013-08-01,0.8,NA,1.64655289309029
2013-08-01,1.6,NA,1.67560970885071
2013-08-01,2.8,NA,2.21154653287617
2013-08-01,3.8,NA,1.24621454261343
2013-08-01,5,NA,1.29787110396529
2013-08-01,6.2,NA,2.21154653287617
2013-08-01,8,NA,1.72726627020256
2013-08-05,0.1,NA,1.40441276175348
2013-08-05,0.8,NA,1.55615391072455
2013-08-05,1.6,NA,1.47866906869677
2013-08-05,2.8,NA,0.742563069432876
2013-08-05,3.8,NA,0.59082192046181
2013-08-05,5,NA,0.894304218403941
2013-08-05,6.2,NA,0.439080771490744
2013-08-05,8,NA,1.40441276175348
2013-08-08,0.1,NA,1.41086983192246
2013-08-08,0.8,NA,0.829733516714126
2013-08-08,1.6,NA,0.778076955362274
2013-08-08,2.8,NA,0.829733516714126
2013-08-08,3.8,NA,1.83380792799075
2013-08-08,5,NA,1.12030167431829
2013-08-08,6.2,NA,1.17518677075464
2013-08-08,8,NA,0.855561797390052
2013-08-12,0.1,NA,0.758705744855329
2013-08-12,0.8,NA,0.668306762489588
2013-08-12,1.6,NA,0.713506253672459
2013-08-12,2.8,NA,0.736105999263894
2013-08-12,3.8,NA,0.713506253672459
2013-08-12,5,NA,0.513337078434031
2013-08-12,6.2,NA,0.445537841659725
2013-08-12,8,NA,0.513337078434031
2013-08-15,0.1,NA,1.21392919176853
2013-08-15,0.8,NA,1.02021708669908
2013-08-15,1.6,NA,0.881390078065978
2013-08-15,2.8,NA,1.29787110396529
2013-08-15,3.8,NA,0.855561797390052
2013-08-15,5,NA,0.910446893826395
2013-08-15,6.2,NA,0.577907780123847
2013-08-15,8,NA,0.63279287656019
2013-08-21,0.1,NA,0.765162815024311
2013-08-21,0.8,NA,0.707049183503477
2013-08-21,1.6,NA,0.852333262305562
2013-08-21,2.8,NA,1.05895950771297
2013-08-21,3.8,NA,0.884618613150469
2013-08-21,5,NA,0.97178906043172
2013-08-21,6.2,NA,0.442309306575235
2013-08-21,8,NA,0.97178906043172
2013-08-28,0.8,NA,0.67799236774306
2013-08-28,1.6,NA,NA
2013-08-28,2.8,NA,1.0847877883889
2013-08-28,5,NA,0.619878736222227
2013-08-28,6.2,NA,NA
2013-08-28,8,NA,0.707049183503477
2013-09-04,0.8,NA,1.23007186719098
2013-09-04,2.8,NA,1.46252639327432
2013-09-04,5,NA,0.736105999263894
2013-09-04,8,NA,0.59082192046181
2013-09-05,0.1,NA,NA
2013-09-05,1.6,NA,NA
2013-09-05,3.8,NA,NA
2013-09-05,6.2,NA,NA
2013-09-11,0.1,NA,0.800676700953709
2013-09-11,0.8,NA,1.92743544544099
2013-09-11,1.6,NA,1.46575492835881
2013-09-11,2.8,NA,0.826504981629635
2013-09-11,3.8,NA,1.7821513666389
2013-09-11,5,NA,0.913675428910886
2013-09-11,6.2,NA,1.29141403379631
2013-09-11,8,NA,1.29141403379631
2013-09-18,0.1,NA,0.519794148603013
2013-09-18,0.8,NA,0.519794148603013
2013-09-18,1.6,NA,0.552079499447921
2013-09-18,2.8,NA,0.552079499447921
2013-09-18,3.8,NA,0.903989823657414
2013-09-18,5,NA,0.639249946729171
2013-09-18,6.2,NA,0.610193130968754
2013-09-18,8,NA,0.552079499447921
2013-09-25,0.1,NA,0.874933007896997
2013-09-25,0.8,NA,0.552079499447921
2013-09-25,1.6,NA,0.668306762489588
2013-09-25,2.8,NA,0.697363578250005
2013-09-25,3.8,NA,0.816819376376163
2013-09-25,5,NA,0.610193130968754
2013-09-25,6.2,NA,0.994388806023155
2013-09-25,8,NA,0.610193130968754
2013-10-09,0.1,NA,1.37212741090857
2013-10-09,0.8,NA,1.41086983192246
2013-10-09,1.6,NA,1.44961225293635
2013-10-09,2.8,NA,1.52386855987964
2013-10-09,3.8,NA,1.82412232273728
2013-10-09,5,NA,0.884618613150469
2013-10-09,6.2,NA,1.11061606906482
2013-10-09,8,NA,1.03635976212154
2013-10-16,0.1,NA,0.790991095700237
2013-10-16,0.8,NA,0.729648929094913
2013-10-16,1.6,NA,0.671535297574079
2013-10-16,2.8,NA,0.671535297574079
2013-10-16,3.8,NA,0.700592113334496
2013-10-16,5,NA,0.639249946729171
2013-10-16,6.2,NA,0.519794148603013
2013-10-16,8,NA,0.581136315208337
2013-10-23,0.1,NA,1.16227263041667
2013-10-23,0.8,NA,NA
2013-10-23,1.6,NA,1.19132944617709
2013-10-23,2.8,NA,0.619878736222227
2013-10-23,3.8,NA,0.529479753856485
2013-10-23,5,NA,0.561765104701393
2013-10-23,6.2,NA,0.500422938096068
2013-10-23,8,NA,0.439080771490744
2013-10-30,0.1,NA,0.903989823657414
2013-10-30,0.8,NA,0.790991095700237
2013-10-30,1.6,NA,0.816819376376163
2013-10-30,2.8,NA,0.619878736222227
2013-10-30,3.8,NA,0.619878736222227
2013-10-30,5,NA,0.648935551982644
2013-10-30,6.2,NA,0.561765104701393
2013-10-30,8,NA,0.648935551982644
2013-11-06,0.1,NA,0.361595929462966
2013-11-06,0.8,NA,0.419709560983799
2013-11-06,1.6,NA,0.67476383265857
2013-11-06,2.8,NA,0.619878736222227
2013-11-06,3.8,NA,0.419709560983799
2013-11-06,5,NA,0.390652745223382
2013-11-06,6.2,NA,0.361595929462966
2013-11-06,8,NA,0.503651473180559
2013-11-20,0.1,NA,NA
2013-11-20,0.8,NA,NA
2013-11-20,1.6,NA,NA
2013-11-20,2.8,NA,NA
2013-11-20,3.8,NA,NA
2013-11-20,5,NA,NA
2013-11-20,6.2,NA,NA
2013-11-20,8,NA,NA
2013-12-04,0.1,NA,NA
2013-12-04,0.8,NA,NA
2013-12-04,1.6,NA,NA
2013-12-04,2.8,NA,NA
2013-12-04,3.8,NA,NA
2013-12-04,5,NA,NA
2013-12-04,6.2,NA,NA
2013-12-04,8,NA,NA
2014-01-15,0.1,NA,NA
2014-01-15,0.8,NA,NA
2014-01-15,1.6,NA,NA
2014-01-15,2.8,NA,NA
2014-01-15,3.8,NA,NA
2014-01-15,5,NA,NA
2014-01-15,6.2,NA,NA
2014-01-15,8,NA,NA
2014-02-24,0.1,NA,NA
2014-02-24,0.8,NA,NA
2014-02-24,1.6,NA,NA
2014-02-24,2.8,NA,NA
2014-02-24,3.8,NA,NA
2014-02-24,5,NA,NA
2014-02-24,6.2,NA,NA
2014-02-24,8,NA,NA
2014-02-24,9,NA,NA
2014-03-07,0.1,NA,NA
2014-03-07,0.8,NA,NA
2014-03-07,1.6,NA,NA
2014-03-07,2.8,NA,NA
2014-03-07,3.8,NA,NA
2014-03-07,5,NA,NA
2014-03-07,6.2,NA,NA
2014-03-07,8,NA,NA
2014-03-07,9,NA,NA
2014-03-20,0.1,10.7091606159909,0.684449437912042
2014-03-20,0.8,8.99569491743237,0.271196947097224
2014-03-20,1.6,11.5658934652702,0.542393894194448
2014-03-20,2.8,12.137048698123,0.716734788756949
2014-03-20,3.8,13.5649367802552,0.526251218771994
2014-03-20,5,14.2074864172146,0.700592113334496
2014-03-20,6.2,14.6358528418543,0.63279287656019
2014-03-20,8,11.4944990611636,0.661849692320607
2014-03-20,9,13.9933032048948,0.623107271306717
2014-04-01,0.1,10.4949774036711,0.503651473180559
2014-04-01,0.8,10.4949774036711,0.503651473180559
2014-04-01,1.6,11.4944990611636,0.606964595884264
2014-04-01,2.8,10.1380053831381,0.397109815392364
2014-04-01,3.8,11.423104657057,0.558536569616902
2014-04-01,5,11.78007667759,0.597278990630791
2014-04-01,6.2,12.4940207186561,0.648935551982644
2014-04-01,8,12.2798375063363,0.535936824025467
2014-04-01,9,12.9937815474023,0.626335806391208
2014-04-08,0.1,13.5649367802552,0.539165359109957
2014-04-08,0.8,15.6353744993467,0.639249946729171
2014-04-08,1.6,NA,NA
2014-04-08,2.8,12.2084431022296,0.461680517082179
2014-04-08,3.8,20.9185604032356,0.606964595884264
2014-04-08,5,13.1365703556155,0.529479753856485
2014-04-08,6.2,17.2774457937987,0.755477209770839
2014-04-08,8,9.99521657492486,0.410023955730327
2014-04-08,9,15.2070080747071,0.668306762489588
2014-04-16,0.1,17.7772066225449,0.568222174870374
2014-04-16,0.8,16.3493185404128,0.481051727589124
2014-04-16,1.6,27.55823998515,0.600507525715282
2014-04-16,2.8,14.136092013108,0.54885096436343
2014-04-16,3.8,19.1337003005704,0.594050455546301
2014-04-16,5,16.5635017527326,0.671535297574079
2014-04-16,6.2,14.2074864172146,0.532708288940976
2014-04-16,8,15.6353744993467,0.442309306575235
2014-04-16,9,17.3488401979053,0.652164087067134
2014-04-21,0.1,10.2093997872447,0.439080771490744
2014-04-21,0.8,20.847165999129,0.374510069800929
2014-04-21,1.6,11.2089214447372,0.416481025899309
2014-04-21,2.8,11.2803158488438,0.38096713996991
2014-04-21,3.8,12.8509927391891,0.535936824025467
2014-04-21,5,15.9923465198798,0.742563069432876
2014-04-21,6.2,15.7067689034533,0.755477209770839
2014-04-21,8,15.3497968829203,0.493965867927087
2014-04-21,9,18.2055730471846,0.710277718587968
2014-04-23,0.1,9.13848372564558,0.300253762857641
2014-04-23,0.8,23.9885197798197,0.410023955730327
2014-04-23,1.6,13.5649367802552,0.345453254040512
2014-04-23,2.8,14.3502752254278,0.403566885561345
2014-04-23,3.8,12.7082039309759,0.319624973364586
2014-04-23,5,12.2084431022296,0.393881280307873
2014-04-23,8,16.2065297321996,0.393881280307873
2014-04-23,9,29.914255320668,0.50688000826505
2014-04-28,0.1,11.7086822734834,0.419709560983799
2014-04-28,0.8,25.7733798824848,0.568222174870374
2014-04-28,1.6,14.8500360541741,0.490737332842596
2014-04-28,2.8,16.7062905609458,0.532708288940976
2014-04-28,3.8,17.1346569855855,0.400338350476855
2014-04-28,5,15.8495577116666,0.342224718956021
2014-04-28,6.2,11.2803158488438,0.326082043533567
2014-04-28,8,14.8500360541741,0.403566885561345
2014-04-28,9,11.4944990611636,0.364824464547456
2014-05-05,0.1,13.422147972042,0.442309306575235
2014-05-05,0.8,11.6372878693768,0.523022683687504
2014-05-05,1.6,11.2803158488438,0.435852236406253
2014-05-05,2.8,10.4949774036711,0.481051727589124
2014-05-05,3.8,11.1375270406306,0.439080771490744
2014-05-05,5,10.9947382324173,0.413252490814818
2014-05-05,6.2,14.9928248623873,0.481051727589124
2014-05-05,8,9.99521657492486,0.293796692688659
2014-05-05,9,11.1375270406306,0.348681789125002
2014-05-12,0.1,11.2089214447372,0.400338350476855
2014-05-12,0.8,10.9947382324173,0.477823192504633
2014-05-12,1.6,10.7091606159909,0.377738604885419
2014-05-12,2.8,10.4949774036711,0.364824464547456
2014-05-12,3.8,11.1375270406306,0.406795420645836
2014-05-12,5,10.9233438283107,0.403566885561345
2014-05-12,6.2,11.7086822734834,0.290568157604169
2014-05-12,8,10.8519494242041,0.303482297942132
2014-05-12,9,15.77816330756,0.516565613518522
2014-05-19,0.1,12.9223871432957,0.361595929462966
2014-05-19,0.8,15.1356136706005,0.500422938096068
2014-05-19,1.6,11.2089214447372,0.468137587251161
2014-05-19,2.8,12.7795983350825,0.568222174870374
2014-05-19,3.8,12.137048698123,0.355138859293984
2014-05-19,5,12.4226263145495,0.374510069800929
2014-05-19,6.2,11.2803158488438,0.348681789125002
2014-05-19,8,10.7805550200975,0.322853508449076
2014-05-19,9,11.9942598899098,0.342224718956021
2014-05-26,0.1,10.3521885954579,0.348681789125002
2014-05-26,0.8,10.8519494242041,0.374510069800929
2014-05-26,1.6,NA,NA
2014-05-26,2.8,11.6372878693768,0.455223446913198
2014-05-26,3.8,12.3512319104429,0.371281534716438
2014-05-26,5,11.3517102529504,0.358367394378475
2014-05-26,6.2,11.2089214447372,0.33899618387153
2014-05-26,8,10.1380053831381,0.33899618387153
2014-05-26,9,11.4944990611636,0.348681789125002
2014-06-02,0.1,14.493064033641,0.351910324209493
2014-06-02,0.8,12.7082039309759,0.490737332842596
2014-06-02,1.6,13.1365703556155,0.390652745223382
2014-06-02,2.8,12.6368095268693,0.587593385377319
2014-06-02,3.8,13.0651759515089,0.493965867927087
2014-06-02,5,11.8514710816966,0.364824464547456
2014-06-02,6.2,11.3517102529504,0.410023955730327
2014-06-02,8,9.63824455439183,0.303482297942132
2014-06-02,9,12.7082039309759,0.555308034532411
2014-06-09,0.1,11.8514710816966,0.493965867927087
2014-06-09,0.8,13.8505143966816,0.406795420645836
2014-06-09,1.6,14.493064033641,0.368052999631947
2014-06-09,2.8,13.3507535679353,0.419709560983799
2014-06-09,3.8,12.9937815474023,0.364824464547456
2014-06-09,5,12.2084431022296,0.306710833026622
2014-06-09,6.2,13.779119992575,0.358367394378475
2014-06-09,8,18.6339394718242,0.558536569616902
2014-06-09,9,20.4187995744894,0.800676700953709
2014-06-16,0.1,15.3426574425097,0.481051727589124
2014-06-16,0.8,9.61682623315984,0.416481025899309
2014-06-16,1.6,9.83100944547966,0.468137587251161
2014-06-16,2.8,9.61682623315984,0.377738604885419
2014-06-16,3.8,11.0375748748813,0.539165359109957
2014-06-16,5,9.54543182905324,0.287339622519678
2014-06-16,6.2,11.5373357036275,0.426166631152781
2014-06-16,8,15.2641235979924,0.435852236406253
2014-06-16,9,18.0056687156861,0.487508797758105
2014-06-23,0.1,10.8233916625615,0.448766376744216
2014-06-23,0.8,11.6158695481448,0.513337078434031
2014-06-23,1.6,16.0637409239864,0.668306762489588
2014-06-23,2.8,13.000920987813,1.00730294636112
2014-06-23,3.8,16.492107348626,0.723191858925931
2014-06-23,5,13.9219088007882,0.684449437912042
2014-06-23,6.2,14.5644584377476,0.655392622151625
2014-06-23,8,16.8205216075164,0.455223446913198
2014-06-23,9,22.2679146408505,0.561765104701393
2014-06-29,0.1,20.1332219580629,0.768391350108802
2014-06-29,0.8,16.0637409239864,0.67476383265857
2014-06-29,1.6,23.56015335518,0.606964595884264
2014-06-29,2.8,14.6358528418543,0.758705744855329
2014-06-29,3.8,20.2760107662761,0.726420394010422
2014-06-29,5,15.1356136706005,0.655392622151625
2014-06-29,6.2,15.7067689034533,0.558536569616902
2014-06-29,8,15.2070080747071,0.639249946729171
2014-06-29,9,24.9880414373121,0.665078227405097
2014-06-30,0.1,15.7067689034533,0.610193130968754
2014-06-30,0.8,18.3483618553978,0.594050455546301
2014-06-30,1.6,15.4211912870269,0.54885096436343
2014-06-30,2.8,15.0642192664939,0.545622429278939
2014-06-30,3.8,15.7067689034533,0.742563069432876
2014-06-30,5,15.0642192664939,0.710277718587968
2014-06-30,6.2,14.0646976090014,0.545622429278939
2014-06-30,8,14.0646976090014,0.67799236774306
2014-06-30,9,18.7767282800374,0.355138859293984
2014-07-07,0.1,22.2036596771545,0.652164087067134
2014-07-07,0.8,13.9933032048948,0.552079499447921
2014-07-07,1.6,15.4925856911335,0.50688000826505
2014-07-07,2.8,15.5639800952401,0.681220902827551
2014-07-07,3.8,11.6372878693768,0.258282806759261
2014-07-07,5,13.0651759515089,0.429395166237272
2014-07-07,6.2,12.8509927391891,0.584364850292828
2014-07-07,8,13.0651759515089,0.71996332384144
2014-07-07,9,17.9913898348647,0.758705744855329
2014-07-14,0.1,15.9923465198798,0.487508797758105
2014-07-14,0.8,17.9199954307581,0.623107271306717
2014-07-14,1.6,13.8505143966816,0.787762560615746
2014-07-14,2.8,18.2769674512912,0.681220902827551
2014-07-14,3.8,19.5620667252101,0.687677972996533
2014-07-14,5,16.7776849650524,0.778076955362274
2014-07-14,6.2,16.6348961568392,0.781305490446765
2014-07-14,8,11.1375270406306,0.826504981629635
2014-07-14,9,15.2784024788137,0.894304218403941
2014-07-21,0.1,9.96665881328221,0.358367394378475
2014-07-21,0.8,11.9728415686778,0.458451981997688
2014-07-21,1.6,11.9728415686778,0.429395166237272
2014-07-21,2.8,13.5221001377912,1.0492739024595
2014-07-21,3.8,13.3007774850607,0.519794148603013
2014-07-21,5,13.4507057336846,0.552079499447921
2014-07-21,6.2,11.9728415686778,0.497194403011578
2014-07-21,8,12.0513754131951,0.484280262673615
2014-07-21,9,14.7786416500675,0.54885096436343
2014-07-28,0.1,11.8300527604646,0.445537841659725
2014-07-28,0.8,11.8300527604646,0.455223446913198
2014-07-28,1.6,11.6158695481448,0.432623701321762
2014-07-28,2.8,12.4868812782454,0.516565613518522
2014-07-28,3.8,13.1508492364368,0.500422938096068
2014-07-28,5,12.1227698173017,0.500422938096068
2014-07-28,6.2,11.9728415686778,0.661849692320607
2014-07-28,8,10.7519972584549,0.568222174870374
2014-07-28,9,12.4868812782454,0.606964595884264
2014-08-04,0.1,12.2655586255149,0.477823192504633
2014-08-04,0.8,11.9014471645712,0.416481025899309
2014-08-04,1.6,11.1089692789879,0.429395166237272
2014-08-04,2.8,11.6872639522514,0.513337078434031
2014-08-04,3.8,13.6006339823085,0.587593385377319
2014-08-04,5,11.8300527604646,0.800676700953709
2014-08-04,6.2,10.3950252379219,0.439080771490744
2014-08-04,8,13.7505622309323,0.648935551982644
2014-08-04,9,33.2055373499825,1.29787110396529
2014-08-11,0.1,10.9661804707747,0.426166631152781
2014-08-11,0.8,13.9004904795562,0.513337078434031
2014-08-11,1.6,12.6368095268693,0.497194403011578
2014-08-11,2.8,13.3721718891673,0.581136315208337
2014-08-11,3.8,12.6368095268693,0.523022683687504
2014-08-11,5,15.6496533801681,0.439080771490744
2014-08-11,6.2,13.4507057336846,0.481051727589124
2014-08-11,8,14.6572711630862,0.610193130968754
2014-08-11,9,19.9475965073858,0.671535297574079
2014-08-18,0.1,12.1227698173017,0.416481025899309
2014-08-18,0.8,12.2655586255149,0.416481025899309
2014-08-18,1.6,14.8857332562274,0.581136315208337
2014-08-18,2.8,12.8581321795998,0.690906508081023
2014-08-18,3.8,14.6572711630862,0.778076955362274
2014-08-18,5,13.3721718891673,0.571450709954865
2014-08-18,6.2,15.3426574425097,0.535936824025467
2014-08-18,8,22.9461614798632,0.768391350108802
2014-08-18,9,77.4058129323824,0.487508797758105
2014-08-25,0.1,11.9728415686778,0.419709560983799
2014-08-25,0.8,12.4154868741388,0.406795420645836
2014-08-25,1.6,11.3945468954143,0.203397710322918
2014-08-25,2.8,18.890959326608,0.894304218403941
2014-08-25,3.8,16.113717006861,0.67799236774306
2014-08-25,5,10.8233916625615,0.361595929462966
2014-08-25,6.2,11.6872639522514,0.561765104701393
2014-08-25,8,12.4154868741388,0.587593385377319
2014-08-25,9,11.3945468954143,0.442309306575235
2014-09-03,0.1,11.6158695481448,0.419709560983799
2014-09-03,0.8,11.6158695481448,0.603736060799773
2014-09-03,1.6,10.8233916625615,0.342224718956021
2014-09-03,2.8,11.758658356358,0.639249946729171
2014-09-03,3.8,15.3426574425097,0.703820648418987
2014-09-03,5,14.578737318569,0.700592113334496
2014-09-03,6.2,12.9295265837064,0.545622429278939
2014-09-03,8,12.6368095268693,0.0387424210138892
2014-09-03,9,11.6158695481448,0.67476383265857
2014-09-08,0.1,13.4935423761486,0.661849692320607
2014-09-08,0.8,13.2079647597221,0.374510069800929
2014-09-08,1.6,13.1365703556155,0.351910324209493
2014-09-08,2.8,13.422147972042,0.497194403011578
2014-09-08,3.8,15.4211912870269,0.661849692320607
2014-09-08,5,14.4216696295344,0.426166631152781
2014-09-08,6.2,12.9937815474023,0.474594657420142
2014-09-08,8,13.422147972042,0.451994911828707
2014-09-08,9,14.2074864172146,0.390652745223382
2014-09-15,0.1,11.78007667759,0.658621157236116
2014-09-15,0.8,12.2084431022296,0.535936824025467
2014-09-15,1.6,12.137048698123,0.584364850292828
2014-09-15,2.8,12.6368095268693,0.574679245039356
2014-09-15,3.8,12.6368095268693,0.571450709954865
2014-09-15,5,14.0646976090014,0.926589569248849
2014-09-15,6.2,15.2070080747071,0.726420394010422
2014-09-15,8,14.7786416500675,0.468137587251161
2014-09-15,9,13.4935423761486,0.606964595884264
2014-09-22,0.1,15.2070080747071,0.481051727589124
2014-09-22,0.8,14.3502752254278,0.406795420645836
2014-09-22,1.6,13.0651759515089,0.432623701321762
2014-09-22,2.8,13.7077255884684,0.335767648787039
2014-09-22,3.8,14.0646976090014,0.439080771490744
2014-09-22,5,18.7053338759308,0.816819376376163
2014-09-22,6.2,12.9223871432957,0.432623701321762
2014-09-22,8,13.7077255884684,0.393881280307873
2014-09-22,9,14.2788808213212,0.345453254040512
2014-09-29,0.1,13.779119992575,0.500422938096068
2014-09-29,0.8,14.9214304582807,0.46490905216667
2014-09-29,1.6,14.7072472459609,0.46490905216667
2014-09-29,2.8,15.8495577116666,0.774848420277783
2014-09-29,3.8,15.7067689034533,0.581136315208337
2014-09-29,5,17.8486010266515,0.807133771122691
2014-09-29,6.2,15.2784024788137,0.597278990630791
2014-09-29,8,12.7082039309759,0.500422938096068
2014-09-29,9,13.4935423761486,0.558536569616902
2014-10-06,0.1,14.493064033641,0.481051727589124
2014-10-06,0.8,21.1327436155554,0.532708288940976
2014-10-06,1.6,17.6344178143317,0.481051727589124
2014-10-06,2.8,16.3493185404128,0.594050455546301
2014-10-06,3.8,18.2055730471846,0.92981810433334
2014-10-06,5,19.8476443416365,0.732877464179403
2014-10-06,6.2,17.8486010266515,0.671535297574079
2014-10-06,8,12.9223871432957,0.481051727589124
2014-10-06,9,14.3502752254278,0.545622429278939
2014-10-15,0.1,15.3497968829203,0.50688000826505
2014-10-15,0.8,16.0637409239864,0.587593385377319
2014-10-15,1.6,15.7067689034533,0.539165359109957
2014-10-15,2.8,14.7786416500675,0.555308034532411
2014-10-15,3.8,14.9214304582807,0.555308034532411
2014-10-15,5,16.7062905609458,0.597278990630791
2014-10-15,6.2,16.0637409239864,0.626335806391208
2014-10-15,8,13.2793591638287,0.810362306207182
2014-10-15,9,14.493064033641,0.484280262673615
2014-10-23,0.1,15.5639800952401,0.322853508449076
2014-10-23,0.8,14.7072472459609,0.581136315208337
2014-10-23,1.6,16.0637409239864,0.42293809606829
2014-10-23,2.8,14.9214304582807,0.471366122335651
2014-10-23,3.8,15.77816330756,0.516565613518522
2014-10-23,5,17.3488401979053,0.477823192504633
2014-10-23,6.2,16.7776849650524,0.707049183503477
2014-10-23,8,18.848122684144,0.697363578250005
2014-10-23,9,14.8500360541741,0.71996332384144
2014-11-10,0.1,14.0646976090014,0.716734788756949
2014-11-10,0.8,15.9923465198798,0.610193130968754
2014-11-10,1.6,15.0642192664939,0.681220902827551
2014-11-10,2.8,14.6358528418543,0.684449437912042
2014-11-10,3.8,14.8500360541741,0.684449437912042
2014-11-10,5,14.493064033641,0.755477209770839
2014-11-10,6.2,14.4216696295344,0.600507525715282
2014-11-10,8,14.6358528418543,0.54885096436343
2014-11-10,9,14.6358528418543,0.749020139601857
2014-12-10,0.1,12.9223871432957,0.513337078434031
2014-12-10,0.8,13.1365703556155,0.432623701321762
2014-12-10,1.6,12.9223871432957,0.503651473180559
2014-12-10,2.8,12.5654151227627,0.610193130968754
2014-12-10,3.8,12.9937815474023,0.468137587251161
2014-12-10,5,12.7795983350825,0.432623701321762
2014-12-10,6.2,14.3502752254278,0.377738604885419
2014-12-10,8,13.3507535679353,0.581136315208337
2014-12-10,9,13.2079647597221,0.303482297942132
2015-02-06,0.1,9.28127253385879,0.25182573659028
2015-02-06,1.6,10.4235829995645,0.497194403011578
2015-02-06,3.8,9.3526669379654,0.377738604885419
2015-02-06,5,9.42406134207201,0.426166631152781
2015-02-06,6.2,10.0666109790315,0.526251218771994
2015-02-06,8,9.99521657492486,0.484280262673615
2015-02-06,9,9.49545574617861,0.455223446913198
2015-03-16,0.1,19.5620667252101,0.545622429278939
2015-03-16,3.8,9.42406134207201,0.468137587251161
2015-03-16,5,9.20987812975219,0.403566885561345
2015-03-16,6.2,9.06708932153898,0.510108543349541
2015-03-16,8,11.4944990611636,0.442309306575235
2015-03-16,9,14.136092013108,0.481051727589124
2015-03-31,0.1,12.137048698123,0.594050455546301
2015-03-31,1.6,9.85242776671164,0.516565613518522
2015-03-31,3.8,9.85242776671164,0.451994911828707
2015-03-31,5,10.0666109790315,0.481051727589124
2015-03-31,6.2,9.28127253385879,0.46490905216667
2015-03-31,8,8.99569491743237,0.435852236406253
2015-03-31,9,8.42453968457952,0.458451981997688
2015-04-07,0.1,21.1327436155554,1.05250243754399
2015-04-07,1.6,8.1389620681531,0.384195675054401
2015-04-07,3.8,9.70963895849843,0.568222174870374
2015-04-07,5,10.7091606159909,0.587593385377319
2015-04-07,6.2,8.71011730100595,0.448766376744216
2015-04-07,8,7.49641243119364,0.393881280307873
2015-04-07,9,8.1389620681531,0.410023955730327
2015-04-13,0.1,10.5663718077777,0.526251218771994
2015-04-13,0.8,11.423104657057,0.487508797758105
2015-04-13,1.6,10.6377662118843,0.555308034532411
2015-04-13,2.8,8.2103564722597,0.519794148603013
2015-04-13,3.8,11.1375270406306,0.539165359109957
2015-04-13,5,11.423104657057,0.513337078434031
2015-04-13,6.2,10.8519494242041,0.426166631152781
2015-04-13,8,10.1023081810848,0.516565613518522
2015-04-13,9,10.2807941913513,0.516565613518522
2015-04-16,0.1,10.3521885954579,0.555308034532411
2015-04-16,0.8,10.1380053831381,0.526251218771994
2015-04-16,1.6,10.9947382324173,0.542393894194448
2015-04-16,2.8,10.2093997872447,0.503651473180559
2015-04-16,3.8,10.6377662118843,0.403566885561345
2015-04-16,5,11.2089214447372,0.490737332842596
2015-04-16,6.2,11.9942598899098,0.603736060799773
2015-04-16,8,11.2803158488438,0.435852236406253
2015-04-16,9,12.3512319104429,0.429395166237272
2015-04-19,0.1,11.78007667759,0.577907780123847
2015-04-19,0.8,10.7805550200975,0.597278990630791
2015-04-19,1.6,11.2803158488438,0.603736060799773
2015-04-19,2.8,14.5644584377476,0.59082192046181
2015-04-19,3.8,11.8514710816966,0.561765104701393
2015-04-19,5,13.422147972042,0.471366122335651
2015-04-19,6.2,11.78007667759,0.442309306575235
2015-04-19,8,10.9947382324173,0.403566885561345
2015-04-19,9,14.9214304582807,0.523022683687504
2015-04-21,0.1,10.9233438283107,0.574679245039356
2015-04-21,1.6,10.8519494242041,0.600507525715282
2015-04-21,2.8,10.1023081810848,0.610193130968754
2015-04-21,3.8,9.85242776671164,0.474594657420142
2015-04-21,5,8.92430051332576,0.474594657420142
2015-04-21,6.2,7.92477885583328,0.426166631152781
2015-04-21,8,15.4925856911335,0.406795420645836
2015-04-21,9,12.4940207186561,0.280882552350696
2015-04-25,0.1,9.85242776671164,0.361595929462966
2015-04-25,1.6,9.85242776671164,0.429395166237272
2015-04-25,2.8,9.3526669379654,0.561765104701393
2015-04-25,3.8,9.92382217081825,0.532708288940976
2015-04-25,5,10.1380053831381,0.397109815392364
2015-04-25,6.2,8.35314528047292,0.248597201505789
2015-04-25,8,9.67394175644513,0.574679245039356
2015-04-25,9,NA,2.00169175238427
2015-04-28,0.1,10.6377662118843,0.497194403011578
2015-04-28,0.8,10.6377662118843,0.526251218771994
2015-04-28,1.6,9.63824455439183,0.403566885561345
2015-04-28,2.8,10.0666109790315,0.487508797758105
2015-04-28,3.8,8.56732849279273,0.639249946729171
2015-04-28,5,10.4949774036711,0.493965867927087
2015-04-28,6.2,9.3526669379654,0.497194403011578
2015-04-28,8,17.7058122184383,0.794219630784728
2015-04-28,9,17.2774457937987,0.439080771490744
2015-05-01,0.1,9.92382217081825,0.50688000826505
2015-05-01,1.6,10.9947382324173,0.497194403011578
2015-05-01,2.8,11.2803158488438,0.571450709954865
2015-05-01,3.8,8.56732849279273,1.02021708669908
2015-05-01,5,8.35314528047292,0.426166631152781
2015-05-01,6.2,8.78151170511255,0.46490905216667
2015-05-01,8,12.2084431022296,0.451994911828707
2015-05-01,9,11.6729850714301,0.455223446913198
2015-05-05,0.1,9.92382217081825,0.390652745223382
2015-05-05,0.8,9.63824455439183,0.403566885561345
2015-05-05,1.6,9.3526669379654,0.351910324209493
2015-05-05,2.8,9.99521657492486,0.490737332842596
2015-05-05,3.8,10.0666109790315,0.539165359109957
2015-05-05,5,9.78103336260504,0.468137587251161
2015-05-05,6.2,11.9942598899098,0.490737332842596
2015-05-05,8,12.7082039309759,0.419709560983799
2015-05-05,9,14.9214304582807,0.393881280307873
2015-05-11,0.1,13.9933032048948,0.361595929462966
2015-05-11,1.6,8.06756766404649,0.413252490814818
2015-05-11,3.8,8.67442009895264,0.542393894194448
2015-05-11,5,12.7795983350825,0.542393894194448
2015-05-11,6.2,10.6377662118843,0.345453254040512
2015-05-11,8,23.2745757387536,1.00084587619214
2015-05-11,9,16.2422269342529,0.574679245039356
2015-05-18,0.1,9.24557533180549,0.435852236406253
2015-05-18,1.6,9.85242776671164,0.535936824025467
2015-05-18,3.8,11.0661326365239,0.50688000826505
2015-05-18,5,12.0656542940164,0.648935551982644
2015-05-18,6.2,12.4226263145495,0.626335806391208
2015-05-18,8,18.9909114923572,1.10093046381135
2015-05-18,9,12.7795983350825,0.487508797758105
2015-05-25,0.1,7.56780683530025,0.416481025899309
2015-05-25,1.6,9.49545574617861,0.448766376744216
2015-05-25,3.8,9.99521657492486,0.458451981997688
2015-05-25,5,10.4235829995645,0.613421666053245
2015-05-25,6.2,14.4216696295344,1.11061606906482
2015-05-25,8,15.9923465198798,0.936275174502321
2015-05-25,9,13.2793591638287,0.668306762489588
2015-06-01,0.1,NA,NA
2015-06-01,1.6,16.1708325301463,0.606964595884264
2015-06-01,3.8,19.1693975026237,0.758705744855329
2015-06-01,5,20.1332219580629,0.894304218403941
2015-06-01,6.2,12.7795983350825,0.59082192046181
2015-06-01,8,12.9937815474023,0.587593385377319
2015-06-01,9,13.5649367802552,0.597278990630791
2015-06-08,0.1,10.7091606159909,0.484280262673615
2015-06-08,1.6,12.2798375063363,0.555308034532411
2015-06-08,3.8,16.7776849650524,0.749020139601857
2015-06-08,5,12.4940207186561,0.574679245039356
2015-06-08,6.2,12.5654151227627,0.558536569616902
2015-06-08,8,15.2784024788137,0.842647657052089
2015-06-08,9,16.135135328093,0.697363578250005
2015-06-15,0.1,11.0661326365239,0.410023955730327
2015-06-15,1.6,8.28175087636631,0.387424210138892
2015-06-15,3.8,11.8514710816966,0.526251218771994
2015-06-15,5,13.2079647597221,0.645707016898153
2015-06-15,6.2,11.9228654858032,0.539165359109957
2015-06-15,8,13.3507535679353,0.535936824025467
2015-06-15,9,19.4549751190502,1.02667415686806
2015-06-22,0.1,11.423104657057,0.361595929462966
2015-06-22,1.6,11.9942598899098,0.474594657420142
2015-06-22,3.8,10.9947382324173,0.539165359109957
2015-06-22,5,15.7067689034533,0.832962051798617
2015-06-22,6.2,14.7786416500675,0.668306762489588
2015-06-22,8,12.3512319104429,0.67799236774306
2015-06-22,9,22.1322652730479,1.13644434974075
2015-06-29,0.1,12.0656542940164,0.439080771490744
2015-06-29,1.6,12.8581321795998,0.490737332842596
2015-06-29,3.8,11.9942598899098,0.477823192504633
2015-06-29,5,12.9223871432957,0.329310578618058
2015-06-29,6.2,NA,NA
2015-06-29,8,15.7067689034533,0.619878736222227
2015-06-29,9,15.77816330756,0.619878736222227
2015-07-06,0.1,25.4878022660584,0.439080771490744
2015-07-06,1.6,22.6320261017941,0.455223446913198
2015-07-06,3.8,21.4183212319818,0.619878736222227
2015-07-06,5,14.7786416500675,0.526251218771994
2015-07-06,6.2,17.3488401979053,0.63602141164468
2015-07-06,8,15.1356136706005,0.406795420645836
2015-07-06,9,15.2070080747071,0.445537841659725
2015-07-13,0.1,52.3249587697316,0.594050455546301
2015-07-13,1.6,35.3045328307167,0.390652745223382
2015-07-13,3.8,22.3464484853677,0.38096713996991
2015-07-13,5,7.85338445172667,0.371281534716438
2015-07-13,6.2,13.6863072672364,0.397109815392364
2015-07-13,8,14.6358528418543,0.267968412012733
2015-07-13,9,11.6372878693768,0.287339622519678
2015-07-20,0.1,18.5625450677176,0.513337078434031
2015-07-20,1.6,17.3488401979053,0.745791604517366
2015-07-20,3.8,21.1327436155554,0.884618613150469
2015-07-20,5,22.2750540812611,0.59082192046181
2015-07-20,6.2,21.7752932525149,0.816819376376163
2015-07-20,8,26.7729015399773,0.535936824025467
2015-07-20,9,32.4416172260418,0.532708288940976
2015-07-27,0.1,NA,NA
2015-07-27,1.6,12.4940207186561,0.484280262673615
2015-07-27,3.8,17.7058122184383,0.8039052360382
2015-07-27,5,19.6406005697273,0.749020139601857
2015-07-27,6.2,29.1646140775486,0.571450709954865
2015-07-27,8,29.7714665124548,0.571450709954865
2015-07-27,9,36.2183812032813,0.490737332842596
2015-08-03,0.1,14.3502752254278,0.471366122335651
2015-08-03,1.6,14.7786416500675,0.574679245039356
2015-08-03,3.8,37.2107634203631,1.66915263868172
2015-08-03,5,18.0627842389713,0.855561797390052
2015-08-03,6.2,22.1322652730479,0.597278990630791
2015-08-03,8,41.1303162058158,0.542393894194448
2015-08-03,9,41.1731528482798,0.468137587251161
2015-08-10,0.1,15.2070080747071,0.542393894194448
2015-08-10,1.6,NA,NA
2015-08-10,3.8,21.4540184340351,0.832962051798617
2015-08-10,5,NA,NA
2015-08-10,6.2,35.4830188409832,0.561765104701393
2015-08-10,8,45.8352074364411,0.455223446913198
2015-08-10,9,54.1383766340394,0.461680517082179
2015-08-17,0.1,14.9928248623873,0.529479753856485
2015-08-17,1.6,17.6558361355637,0.59082192046181
2015-08-17,3.8,15.4069124062056,0.639249946729171
2015-08-17,5,21.18271969843,0.900761288572923
2015-08-17,6.2,25.9875630948046,0.568222174870374
2015-08-17,8,46.406362669294,0.38096713996991
2015-08-17,9,60.7566378947218,0.364824464547456
2015-08-24,0.1,20.1260825176523,0.648935551982644
2015-08-24,1.6,17.7772066225449,0.710277718587968
2015-08-24,3.8,16.492107348626,0.774848420277783
2015-08-24,5,24.8809498311522,0.984703200769683
2015-08-24,6.2,48.1626650103165,0.219540385745372
2015-08-24,8,45.0927056337324,0.577907780123847
2015-08-24,9,70.1235837135085,0.451994911828707
2015-08-31,0.1,21.1613013771981,0.652164087067134
2015-08-31,1.6,20.3474051703827,0.745791604517366
2015-08-31,3.8,NA,NA
2015-08-31,5,16.2565058150742,0.280882552350696
2015-08-31,6.2,40.0451212633954,0.855561797390052
2015-08-31,8,74.7285227783846,0.461680517082179
2015-08-31,9,69.4667551957278,0.503651473180559
2015-09-07,0.1,23.5672927955907,0.816819376376163
2015-09-07,1.6,24.42402564487,0.778076955362274
2015-09-07,3.8,25.116551364704,0.933046639417831
2015-09-07,5,24.1384480284435,1.02990269195255
2015-09-07,6.2,30.271227341201,0.739334534348385
2015-09-07,8,62.541497997387,0.658621157236116
2015-09-07,9,77.791342714558,0.545622429278939
2015-09-14,0.1,21.8966637394961,0.800676700953709
2015-09-14,1.6,18.04850535815,0.645707016898153
2015-09-14,3.8,19.0623058964638,0.787762560615746
2015-09-14,5,9.47403742494663,0.158198219140047
2015-09-14,6.2,73.1935430900926,0.749020139601857
2015-09-14,8,74.7713594208486,0.245368666421298
2015-09-14,9,78.5338445172667,0.439080771490744
2015-09-21,0.1,21.8466876566215,0.8039052360382
2015-09-21,1.6,20.3474051703827,0.784534025531256
2015-09-21,3.8,17.7700671821343,0.535936824025467
2015-09-21,5,20.8328871183077,0.903989823657414
2015-09-21,6.2,73.9860209756759,0.610193130968754
2015-09-21,8,71.3944041066061,0.8039052360382
2015-09-21,9,89.7641842832359,0.545622429278939
2015-09-28,0.1,16.7062905609458,0.610193130968754
2015-09-28,1.6,18.9909114923572,0.713506253672459
2015-09-28,3.8,16.5635017527326,0.532708288940976
2015-09-28,5,16.849079369159,0.684449437912042
2015-09-28,6.2,28.3435784303226,0.581136315208337
2015-09-28,8,79.9617325993989,0.384195675054401
2015-09-28,9,72.8222921887382,0.416481025899309
2015-10-05,0.1,16.0637409239864,0.510108543349541
2015-10-05,1.6,15.7067689034533,0.50688000826505
2015-10-05,3.8,15.8495577116666,0.54885096436343
2015-10-05,5,16.7062905609458,0.59082192046181
2015-10-05,6.2,16.3493185404128,0.581136315208337
2015-10-05,8,16.492107348626,0.487508797758105
2015-10-05,9,16.7062905609458,0.542393894194448
2015-10-19,0.1,14.3502752254278,0.474594657420142
2015-10-19,1.6,15.7067689034533,0.613421666053245
2015-10-19,3.8,14.0646976090014,0.458451981997688
2015-10-19,5,13.8505143966816,0.439080771490744
2015-10-19,6.2,14.6358528418543,0.519794148603013
2015-10-19,8,14.8500360541741,0.510108543349541
2015-10-19,9,14.3502752254278,0.448766376744216
2015-11-09,0.1,12.5654151227627,0.471366122335651
2015-11-09,1.6,13.5649367802552,0.552079499447921
2015-11-09,3.8,11.3517102529504,0.416481025899309
2015-11-09,5,13.779119992575,0.545622429278939
2015-11-09,6.2,13.6363311843618,0.513337078434031
2015-11-09,8,12.3512319104429,0.481051727589124
2015-11-09,9,14.2074864172146,0.542393894194448
2015-12-07,0.1,11.1375270406306,0.445537841659725
2015-12-07,1.6,11.6372878693768,0.439080771490744
2015-12-07,3.8,11.5658934652702,0.445537841659725
2015-12-07,5,11.7086822734834,0.448766376744216
2015-12-07,6.2,14.0646976090014,0.571450709954865
2015-12-07,8,11.5658934652702,0.448766376744216
2015-12-07,9,11.2803158488438,0.429395166237272
2016-01-11,0.1,NA,NA
2016-01-11,1.6,10.1380053831381,0.481051727589124
2016-01-11,3.8,NA,NA
2016-01-11,5,11.0661326365239,0.535936824025467
2016-01-11,6.2,8.92430051332576,0.500422938096068
2016-01-11,8,NA,NA
2016-01-11,9,10.4235829995645,0.535936824025467
2016-02-05,0.1,NA,NA
2016-02-05,1.6,NA,NA
2016-02-05,3.8,NA,NA
2016-02-05,5,10.7091606159909,0.50688000826505
2016-02-05,6.2,9.83814888589032,0.497194403011578
2016-02-05,8,11.9942598899098,0.59082192046181
2016-02-05,9,11.9942598899098,0.535936824025467
2016-03-30,0.1,7.46071522914034,0.529479753856485
2016-03-30,1.6,9.20987812975219,0.558536569616902
2016-03-30,3.8,10.6377662118843,0.539165359109957
2016-03-30,5,9.49545574617861,0.587593385377319
2016-03-30,6.2,NA,NA
2016-03-30,8,8.78151170511255,0.54885096436343
2016-03-30,9,NA,NA
2016-04-05,0.1,NA,NA
2016-04-05,1.6,NA,NA
2016-04-05,3.8,NA,NA
2016-04-05,5,NA,NA
2016-04-05,6.2,NA,NA
2016-04-05,8,NA,NA
2016-04-05,9,NA,NA
2016-04-11,0.1,8.85290610921916,0.406795420645836
2016-04-11,1.6,9.06708932153898,0.587593385377319
2016-04-11,3.8,8.56732849279273,0.432623701321762
2016-04-11,5,9.13848372564558,0.458451981997688
2016-04-11,6.2,9.63824455439183,0.519794148603013
2016-04-11,8,9.63824455439183,0.393881280307873
2016-04-11,9,NA,NA
2016-04-18,0.1,8.78151170511255,0.374510069800929
2016-04-18,1.6,8.63872289689934,0.484280262673615
2016-04-18,3.8,9.06708932153898,0.493965867927087
2016-04-18,5,9.13848372564558,0.455223446913198
2016-04-18,6.2,10.0666109790315,0.542393894194448
2016-04-18,8,9.85242776671164,0.468137587251161
2016-04-18,9,11.5658934652702,0.716734788756949
2016-04-25,0.1,10.9947382324173,0.710277718587968
2016-04-25,1.6,9.42406134207201,0.487508797758105
2016-04-25,3.8,8.85290610921916,0.558536569616902
2016-04-25,5,12.9937815474023,0.63602141164468
2016-04-25,6.2,9.85242776671164,0.448766376744216
2016-04-25,8,12.2798375063363,0.658621157236116
2016-04-25,9,12.4940207186561,0.742563069432876
2016-05-02,0.1,9.99521657492486,0.571450709954865
2016-05-02,1.6,10.9233438283107,0.455223446913198
2016-05-02,3.8,9.78103336260504,0.629564341475699
2016-05-02,5,9.63824455439183,0.481051727589124
2016-05-02,6.2,10.5663718077777,0.539165359109957
2016-05-02,8,11.423104657057,0.523022683687504
2016-05-02,9,11.4944990611636,0.451994911828707
2016-05-09,0.1,8.85290610921916,0.432623701321762
2016-05-09,1.6,9.3526669379654,0.59082192046181
2016-05-09,3.8,10.8519494242041,0.519794148603013
2016-05-09,5,9.85242776671164,0.448766376744216
2016-05-09,6.2,12.8509927391891,0.529479753856485
2016-05-09,8,12.4226263145495,0.442309306575235
2016-05-09,9,11.8514710816966,0.487508797758105
2016-05-16,0.1,9.56685015028522,0.477823192504633
2016-05-16,1.6,8.78151170511255,0.393881280307873
2016-05-16,3.8,10.5663718077777,0.610193130968754
2016-05-16,5,11.5944512269128,0.703820648418987
2016-05-16,6.2,10.7091606159909,0.50688000826505
2016-05-16,8,9.56685015028522,0.474594657420142
2016-05-16,9,10.666323973527,0.390652745223382
2016-05-23,0.1,12.137048698123,0.503651473180559
2016-05-23,1.6,8.92430051332576,0.38096713996991
2016-05-23,3.8,10.2093997872447,0.645707016898153
2016-05-23,5,12.7082039309759,0.661849692320607
2016-05-23,6.2,NA,NA
2016-05-23,8,11.1375270406306,0.723191858925931
2016-05-23,9,11.9942598899098,0.63602141164468
2016-05-30,0.1,10.8519494242041,0.568222174870374
2016-05-30,1.6,10.9233438283107,0.455223446913198
2016-05-30,3.8,10.3521885954579,0.477823192504633
2016-05-30,5,11.7086822734834,0.574679245039356
2016-05-30,6.2,12.0656542940164,0.50688000826505
2016-05-30,8,12.5654151227627,0.542393894194448
2016-05-30,9,10.1665631447807,0.63602141164468
2016-05-31,0.1,10.3807463571005,0.610193130968754
2016-05-31,1.6,12.3298135892109,0.852333262305562
2016-05-31,3.8,11.6372878693768,0.619878736222227
2016-05-31,5,10.666323973527,0.571450709954865
2016-05-31,6.2,12.2798375063363,0.658621157236116
2016-05-31,8,12.5654151227627,0.600507525715282
2016-05-31,9,14.0218609665374,0.939503709586812
2016-06-02,0.1,10.8805071858468,0.648935551982644
2016-06-02,1.6,12.2084431022296,0.552079499447921
2016-06-02,3.8,14.136092013108,0.920132499079868
2016-06-02,5,10.5949295694203,0.513337078434031
2016-06-02,6.2,12.1156303768911,0.63602141164468
2016-06-02,8,11.9942598899098,0.50688000826505
2016-06-02,9,11.2374792063798,0.613421666053245
2016-06-03,6,12.137048698123,0.481051727589124
2016-06-06,0.1,13.8076777542176,0.652164087067134
2016-06-06,1.6,16.6206172760179,0.684449437912042
2016-06-06,3.8,14.9928248623873,0.619878736222227
2016-06-06,5,11.8800288433393,0.716734788756949
2016-06-06,6.2,13.779119992575,0.571450709954865
2016-06-06,8,11.9942598899098,0.558536569616902
2016-06-06,9,10.9519015899534,0.616650201137736
2016-06-07,5,NA,NA
2016-06-13,0.1,15.2784024788137,0.613421666053245
2016-06-13,1.6,15.5639800952401,0.571450709954865
2016-06-13,3.8,17.7772066225449,0.597278990630791
2016-06-13,5,16.7776849650524,0.542393894194448
2016-06-13,6.2,13.1365703556155,0.532708288940976
2016-06-13,8,10.8519494242041,0.513337078434031
2016-06-13,9,11.8514710816966,0.555308034532411
2016-06-20,0.1,10.0237743365675,0.752248674686348
2016-06-20,1.6,16.492107348626,0.852333262305562
2016-06-20,3.8,17.1346569855855,0.903989823657414
2016-06-20,5,NA,NA
2016-06-20,6.2,14.0504187281801,0.648935551982644
2016-06-20,8,14.136092013108,0.516565613518522
2016-06-20,9,13.6648889460044,0.603736060799773
2016-06-27,0.1,12.1656064597657,0.681220902827551
2016-06-27,1.6,14.136092013108,0.707049183503477
2016-06-27,3.8,16.3493185404128,0.907218358741905
2016-06-27,5,12.6296700864586,0.939503709586812
2016-06-27,6.2,14.9999643027979,0.629564341475699
2016-06-27,8,15.2212869555284,0.642478481813662
2016-06-27,9,14.8785938158167,0.665078227405097
2016-06-28,0.1,14.5644584377476,0.749020139601857
2016-06-28,1.6,15.0642192664939,0.794219630784728
2016-06-28,3.8,13.7077255884684,0.616650201137736
2016-06-28,5,14.0646976090014,0.63279287656019
2016-06-28,6.2,14.7786416500675,0.778076955362274
2016-06-28,8,15.4211912870269,0.584364850292828
2016-06-28,9,14.7786416500675,0.471366122335651
2016-06-30,0.1,13.0651759515089,0.616650201137736
2016-06-30,1.6,13.1365703556155,0.629564341475699
2016-06-30,3.8,13.4935423761486,0.59082192046181
2016-06-30,5,14.0646976090014,0.642478481813662
2016-06-30,6.2,13.9219088007882,0.755477209770839
2016-06-30,8,14.3502752254278,0.681220902827551
2016-06-30,9,16.2779241363062,0.665078227405097
2016-07-05,0.1,13.422147972042,0.539165359109957
2016-07-05,1.6,13.2793591638287,0.648935551982644
2016-07-05,3.8,13.2793591638287,0.587593385377319
2016-07-05,5,13.8505143966816,0.552079499447921
2016-07-05,6.2,11.5658934652702,0.50688000826505
2016-07-05,8,15.5639800952401,0.597278990630791
2016-07-05,9,14.7786416500675,0.587593385377319
2016-07-11,0.1,12.0942120556591,0.564993639785884
2016-07-11,1.6,12.7795983350825,0.642478481813662
2016-07-11,3.8,13.8505143966816,0.497194403011578
2016-07-11,5,12.5939728844053,0.668306762489588
2016-07-11,5.5,18.5197084252536,0.942732244671303
2016-07-11,6.2,13.8362355158603,0.752248674686348
2016-07-11,8,14.6215739610329,0.707049183503477
2016-07-11,9,15.0213826240299,0.703820648418987
2016-07-13,6.2,NA,NA
2016-07-18,0.1,12.7367616926185,0.694135043165514
2016-07-18,1.6,12.7082039309759,0.742563069432876
2016-07-18,3.8,14.4359485103558,0.768391350108802
2016-07-18,5,13.8790721583242,0.67799236774306
2016-07-18,6.2,15.2784024788137,0.707049183503477
2016-07-18,8,16.0494620431651,0.774848420277783
2016-07-18,9,13.8790721583242,0.661849692320607
2016-07-21,5.5,15.1356136706005,0.742563069432876
2016-07-25,0.1,12.1656064597657,0.606964595884264
2016-07-25,5.2,13.8790721583242,0.774848420277783
2016-07-25,8,17.3559796383159,0.810362306207182
2016-07-25,1.6,13.7505622309323,0.694135043165514
2016-07-25,3.8,12.9937815474023,0.600507525715282
2016-07-25,5,13.0937337131516,0.790991095700237
2016-07-25,5.5,14.8286177329421,0.981474665685192
2016-07-25,6.2,19.0623058964638,0.852333262305562
2016-07-25,9,15.0927770281365,0.832962051798617
2016-07-27,0.1,12.2370008638723,0.610193130968754
2016-07-27,1.6,13.779119992575,0.613421666053245
2016-07-27,3.8,13.5649367802552,0.539165359109957
2016-07-27,5,11.5230568228062,0.610193130968754
2016-07-27,5.5,12.9223871432957,0.671535297574079
2016-07-27,6.2,13.779119992575,0.716734788756949
2016-07-27,8,18.7624493992161,0.832962051798617
2016-07-27,9,17.8057643841876,0.839419121967598
2016-07-28,6.2,14.2788808213212,0.742563069432876
2016-08-01,0.1,10.7377183776336,0.577907780123847
2016-08-01,1.6,12.7082039309759,0.535936824025467
2016-08-01,3.8,13.5649367802552,0.648935551982644
2016-08-01,5,12.3797896720855,0.63279287656019
2016-08-01,5.8,10.9519015899534,0.713506253672459
2016-08-01,6.2,27.2012679646169,1.35275620040163
2016-08-01,8,14.7429444480142,0.726420394010422
2016-08-01,9,14.1646497747507,0.749020139601857
2016-08-08,0.1,14.2360441788573,0.710277718587968
2016-08-08,1.6,18.1912941663632,1.03635976212154
2016-08-08,3.8,19.9190387457431,1.13967288482524
2016-08-08,5,27.872375363219,1.47221199852779
2016-08-08,6.2,15.0642192664939,0.923361034164358
2016-08-08,8,24.2740973962461,1.33015645481019
2016-08-08,9,16.6634539184819,0.862018867559034
2016-08-15,0.1,12.0942120556591,0.710277718587968
2016-08-15,1.6,12.4940207186561,0.703820648418987
2016-08-15,3.8,13.6363311843618,0.852333262305562
2016-08-15,5,26.6586704934067,1.84672206832872
2016-08-15,5.5,13.9504665624308,0.981474665685192
2016-08-15,6.2,15.1927291938858,0.67799236774306
2016-08-15,8,18.7053338759308,0.700592113334496
2016-08-15,9,21.2326957813047,0.626335806391208
2016-08-26,0.1,10.559232367367,1.02021708669908
2016-08-26,1.6,13.8505143966816,0.784534025531256
2016-08-26,3.8,17.7772066225449,1.10738753398033
2016-08-26,5,18.0199475965074,1.32369938464121
2016-08-26,6.2,17.6344178143317,1.25590014786691
2016-08-26,8,34.1122462821364,0.668306762489588
2016-08-26,9,30.5139683151635,0.703820648418987
2016-09-02,0.1,11.02329599406,0.820047911460654
2016-09-02,1.6,16.135135328093,0.968560525347229
2016-09-02,3.8,19.2764891087837,1.31078524430325
2016-09-02,5,NA,NA
2016-09-02,6.2,14.2788808213212,1.06218804279746
2016-09-02,8,29.4858888960283,0.629564341475699
2016-09-02,9,NA,NA
2016-09-09,0.1,11.8800288433393,0.823276446545145
2016-09-09,1.6,15.2784024788137,0.865247402643525
2016-09-09,3.8,16.7776849650524,1.05895950771297
2016-09-09,5,12.5225784802987,0.97501759551621
2016-09-09,6.2,12.9937815474023,0.891075683319451
2016-09-09,8,34.0551307588511,0.687677972996533
2016-09-09,9,33.9408997122806,0.545622429278939
2016-09-20,0.1,14.3788329870705,0.945960779755794
2016-09-20,1.6,18.2769674512912,0.955646385009266
2016-09-20,3.8,20.4759150977746,1.02667415686806
2016-09-20,5,13.9504665624308,0.97178906043172
2016-09-20,6.2,14.0646976090014,0.942732244671303
2016-09-20,8,28.3435784303226,0.67476383265857
2016-09-20,9,24.7310215825284,0.67476383265857
2016-09-30,0.1,20.7757715950224,0.891075683319451
2016-09-30,1.6,20.3474051703827,0.920132499079868
2016-09-30,3.8,18.491150663611,0.874933007896997
2016-09-30,5,17.8057643841876,0.965331990262738
2016-09-30,6.2,20.490193978596,1.26235721803589
2016-09-30,8,34.4834971834908,0.63602141164468
2016-09-30,9,35.0118157738796,0.67476383265857
2016-10-05,0.1,17.8771587882942,0.907218358741905
2016-10-05,5,13.4507057336846,0.849104727221071
2016-10-05,9,26.8014593016199,0.897532753488432
2016-10-07,0.1,17.0204259390149,0.884618613150469
2016-10-07,1.6,21.1327436155554,0.862018867559034
2016-10-07,3.8,18.491150663611,0.849104727221071
2016-10-07,5,14.4502273911771,0.884618613150469
2016-10-07,6.2,18.134178643078,0.881390078065978
2016-10-07,8,18.9195170882506,0.923361034164358
2016-10-07,9,19.8762021032791,0.958874920093757
2016-10-14,0.1,14.6644106034969,0.878161542981488
2016-10-14,1.6,17.9913898348647,0.965331990262738
2016-10-14,3.8,16.9204737732657,0.813590841291672
2016-10-14,5,12.9509449049384,0.903989823657414
2016-10-14,6.2,16.492107348626,0.832962051798617
2016-10-14,8,16.5635017527326,0.84587619213658
2016-10-14,9,16.7348483225885,0.790991095700237
2016-11-04,0.1,13.0937337131516,0.826504981629635
2016-11-04,1.6,14.8500360541741,0.816819376376163
2016-11-04,3.8,15.0642192664939,0.671535297574079
2016-11-04,5,13.022339309045,0.768391350108802
2016-11-04,6.2,14.136092013108,0.606964595884264
2016-11-04,8,14.493064033641,0.726420394010422
2016-11-04,9,16.9918681773723,0.820047911460654
2016-12-02,0.1,11.9514232474459,0.690906508081023
2016-12-02,1.6,13.4935423761486,0.71996332384144
2016-12-02,3.8,13.7505622309323,0.755477209770839
2016-12-02,5,12.8795505008317,0.63602141164468
2016-12-02,6.2,13.7077255884684,0.658621157236116
2016-12-02,8,13.4935423761486,0.658621157236116
2016-12-02,9,11.5944512269128,0.552079499447921
2017-02-06,0.1,9.99521657492486,0.63602141164468
2017-02-06,1.6,11.3231524913077,0.581136315208337
2017-02-06,3.8,10.9661804707747,0.639249946729171
2017-02-06,5,8.56732849279273,0.600507525715282
2017-02-06,6.2,8.49593408868613,0.63279287656019
2017-02-06,8,8.63872289689934,0.642478481813662
2017-02-06,9,9.20987812975219,0.681220902827551
2017-02-27,0.1,9.99521657492486,0.587593385377319
2017-02-27,1.6,8.78151170511255,0.707049183503477
2017-02-27,3.8,9.92382217081825,0.823276446545145
2017-02-27,5,10.6377662118843,0.54885096436343
2017-02-27,6.2,8.71011730100595,0.623107271306717
2017-02-27,8,9.13848372564558,0.67799236774306
2017-02-27,9,9.06708932153898,0.59082192046181
2017-03-13,0.1,10.9947382324173,0.606964595884264
2017-03-13,1.6,9.63824455439183,0.555308034532411
2017-03-13,3.8,13.8933510391456,0.749020139601857
2017-03-13,5,9.63824455439183,0.707049183503477
2017-03-13,6.2,10.4235829995645,0.707049183503477
2017-03-13,8,10.0666109790315,0.729648929094913
2017-03-13,9,9.63824455439183,0.54885096436343
2017-03-27,0.1,9.63824455439183,0.684449437912042
2017-03-27,1.6,6.56828517780776,0.552079499447921
2017-03-27,3.8,10.1380053831381,0.603736060799773
2017-03-27,5,9.78103336260504,0.684449437912042
2017-03-27,6.2,9.99521657492486,0.616650201137736
2017-03-27,8,9.49545574617861,0.552079499447921
2017-03-27,9,12.6796461693332,0.658621157236116
2017-04-10,0.1,9.06708932153898,0.690906508081023
2017-04-10,1.6,11.2089214447372,0.63602141164468
2017-04-10,3.8,9.06708932153898,0.816819376376163
2017-04-10,5,9.49545574617861,0.63279287656019
2017-04-10,6.2,10.1380053831381,0.564993639785884
2017-04-10,8,9.20987812975219,0.642478481813662
2017-04-10,9,11.2803158488438,0.71996332384144
2017-04-17,0.1,6.97523328121542,0.558536569616902
2017-04-17,1.6,13.8219566350389,0.671535297574079
2017-04-17,3.8,9.85242776671164,0.574679245039356
2017-04-17,5,11.3517102529504,0.681220902827551
2017-04-17,6.2,9.3526669379654,0.816819376376163
2017-04-17,8,9.85242776671164,0.597278990630791
2017-04-17,9,9.70963895849843,0.552079499447921
2017-04-24,0.1,9.92382217081825,0.626335806391208
2017-04-24,1.6,10.2093997872447,0.59082192046181
2017-04-24,3.8,6.46119357164785,0.471366122335651
2017-04-24,5,10.0666109790315,0.765162815024311
2017-04-24,6.2,8.42453968457952,0.697363578250005
2017-04-24,8,7.21083481476722,0.377738604885419
2017-04-24,9,10.4235829995645,0.784534025531256
2017-05-01,0.1,12.4154868741388,0.939503709586812
2017-05-05,0.1,10.6377662118843,0.542393894194448
2017-05-05,1.6,11.423104657057,0.723191858925931
2017-05-05,3.8,6.91811775793013,0.326082043533567
2017-05-05,5,14.2074864172146,0.978246130600701
2017-05-05,6.2,15.7067689034533,0.881390078065978
2017-05-05,8,16.6348961568392,1.03313122703704
2017-05-05,9,16.9204737732657,0.936275174502321
2017-05-08,0.1,12.1941642214083,0.878161542981488
2017-05-08,1.6,14.2646019404999,1.07510218313542
2017-05-08,3.8,13.0723153919196,0.361595929462966
2017-05-08,5,13.0651759515089,0.839419121967598
2017-05-08,6.2,13.6363311843618,0.781305490446765
2017-05-08,8,17.3202824362626,0.994388806023155
2017-05-08,9,17.3916768403693,0.413252490814818
2017-05-15,0.1,15.5639800952401,0.868475937728015
2017-05-15,1.6,14.7143866863715,0.736105999263894
2017-05-15,3.8,12.8795505008317,0.784534025531256
2017-05-15,5,13.2579408425968,0.71996332384144
2017-05-15,6.2,14.1503708939293,0.878161542981488
2017-05-15,8,12.2798375063363,0.716734788756949
2017-05-15,9,16.135135328093,0.807133771122691
2017-05-22,0.1,13.1365703556155,0.710277718587968
2017-05-22,1.6,12.7795983350825,0.765162815024311
2017-05-22,3.8,16.6420355972499,0.723191858925931
2017-05-22,5,16.3564579808235,0.813590841291672
2017-05-22,6.2,13.1365703556155,0.765162815024311
2017-05-22,8,15.0927770281365,0.329310578618058
2017-05-22,9,17.3773979595479,1.01053148144561
2017-05-29,0.1,12.4868812782454,0.355138859293984
2017-05-29,1.6,11.8514710816966,0.723191858925931
2017-05-29,3.8,17.2060513896921,0.923361034164358
2017-05-29,5,15.4211912870269,0.690906508081023
2017-05-29,6.2,14.493064033641,0.652164087067134
2017-05-29,8,16.0137648411118,0.290568157604169
2017-05-29,9,15.4211912870269,0.280882552350696
2017-05-30,0.1,11.7158217138941,0.413252490814818
2017-05-30,1.6,15.4497490486696,0.92981810433334
2017-05-30,3.8,13.3079169254714,0.849104727221071
2017-05-30,5,11.8514710816966,0.684449437912042
2017-05-30,6.2,13.3293352467034,0.309939368111113
2017-05-30,8,16.6705933588925,0.293796692688659
2017-05-30,9,15.9423704370051,0.242140131336807
2017-06-01,0.1,12.8652716200104,0.778076955362274
2017-06-01,1.6,12.4868812782454,0.264739876928243
2017-06-01,3.8,12.3512319104429,0.694135043165514
2017-06-01,5,17.6629755759744,0.613421666053245
2017-06-01,6.2,13.5934945418978,0.442309306575235
2017-06-01,8,18.0056687156861,0.771619885193292
2017-06-01,9,14.5501795569263,0.642478481813662
2017-06-05,0.1,12.0799331748378,0.658621157236116
2017-06-05,1.6,11.4659412995209,0.832962051798617
2017-06-05,3.8,10.8519494242041,0.63602141164468
2017-06-05,5,11.9728415686778,0.63279287656019
2017-06-05,6.2,13.8719327179136,0.67799236774306
2017-06-05,8,16.934752654087,0.587593385377319
2017-06-05,9,17.6344178143317,0.703820648418987
2017-06-12,0.1,10.7091606159909,0.600507525715282
2017-06-12,1.6,10.2807941913513,0.532708288940976
2017-06-12,3.8,11.9228654858032,0.597278990630791
2017-06-12,5,13.1365703556155,0.248597201505789
2017-06-12,6.2,13.5649367802552,0.63279287656019
2017-06-12,8,16.9847287369616,1.02990269195255
2017-06-12,9,17.9913898348647,0.790991095700237
2017-06-19,0.1,13.3935902103993,0.345453254040512
2017-06-19,1.6,13.4649846145059,0.348681789125002
2017-06-19,3.8,13.7862594329856,0.280882552350696
2017-06-19,5,12.0799331748378,0.742563069432876
2017-06-19,6.2,14.3074385829639,0.25505427167477
2017-06-19,8,13.3650324487567,0.858790332474543
2017-06-19,9,15.9923465198798,0.739334534348385
2017-06-26,0.1,14.7715022096568,0.623107271306717
2017-06-26,1.6,14.8286177329421,0.164655289309029
2017-06-26,3.8,13.3293352467034,0.0936275174502321
2017-06-26,5,15.1641714322431,0.88784714823496
2017-06-26,6.2,14.493064033641,0.63279287656019
2017-06-26,8,15.9923465198798,0.600507525715282
2017-06-26,9,18.4054773786831,0.923361034164358
2017-07-05,0.1,16.9633104157296,0.42293809606829
2017-07-05,1.6,18.3198040937551,0.510108543349541
2017-07-05,3.8,15.4640279294909,0.493965867927087
2017-07-05,5,13.0366181898663,0.371281534716438
2017-07-05,6.2,19.8190865799939,0.629564341475699
2017-07-05,8,14.3931118678918,0.42293809606829
2017-07-05,9,17.3202824362626,0.435852236406253
2017-07-10,0.1,26.1017941413752,0.668306762489588
2017-07-10,1.6,24.9594836756695,0.613421666053245
2017-07-10,3.8,16.6777327993032,0.493965867927087
2017-07-10,5,13.5363790186125,0.403566885561345
2017-07-10,6.2,19.247931347141,0.435852236406253
2017-07-10,8,19.5335089635674,0.426166631152781
2017-07-10,9,19.9618753882071,0.497194403011578
2017-07-13,0.1,27.1013157988677,0.594050455546301
2017-07-13,1.6,27.958048648147,0.665078227405097
2017-07-13,3.8,23.3888067853242,0.487508797758105
2017-07-13,5,17.0347048198362,0.519794148603013
2017-07-13,6.2,19.8190865799939,1.27849989345834
2017-07-13,8,20.8186082374863,0.458451981997688
2017-07-13,9,21.8895242990854,0.484280262673615
2017-07-17,0.1,35.383066675234,0.668306762489588
2017-07-17,1.6,34.8119114423811,0.613421666053245
2017-07-17,3.8,21.246974662126,0.458451981997688
2017-07-17,5,22.6748627442581,0.584364850292828
2017-07-17,6.2,16.9633104157296,0.471366122335651
2017-07-17,8,22.6034683401515,0.426166631152781
2017-07-17,9,21.5325522785524,0.445537841659725
2017-07-19,0.1,48.0484339637459,1.2591286829514
2017-07-20,0.1,50.6186325115837,1.09770192872686
2017-07-24,0.1,46.3064105035447,0.749020139601857
2017-07-24,1.6,43.7362119557069,0.67799236774306
2017-07-24,3.8,25.1022724838827,0.606964595884264
2017-07-24,5,12.8224349775465,0.455223446913198
2017-07-24,6.2,25.2450612920959,0.50688000826505
2017-07-24,8,24.8880892715629,0.468137587251161
2017-07-24,9,25.959005333162,0.429395166237272
2017-07-31,0.1,34.1693618054217,0.610193130968754
2017-07-31,1.6,34.5263338259547,0.581136315208337
2017-07-31,3.8,19.9618753882071,0.42293809606829
2017-07-31,5,17.4630712444759,0.500422938096068
2017-07-31,6.2,22.5320739360449,0.477823192504633
2017-07-31,8,27.1727102029743,0.429395166237272
2017-07-31,9,28.9575703056394,0.316396438280095
2017-08-07,0.1,27.7438654358271,0.629564341475699
2017-08-07,1.6,27.1013157988677,0.619878736222227
2017-08-07,3.8,14.6786894843182,0.348681789125002
2017-08-07,5,18.3198040937551,0.597278990630791
2017-08-07,6.2,33.2412345520358,0.351910324209493
2017-08-07,8,34.7405170382745,0.390652745223382
2017-08-07,9,34.1693618054217,0.371281534716438
2017-08-14,0.1,19.4192779169969,0.558536569616902
2017-08-14,1.6,19.9904331498497,0.584364850292828
2017-08-14,3.8,17.8486010266515,0.784534025531256
2017-08-14,5,24.0599141839263,0.736105999263894
2017-08-14,6.2,31.4135378069067,0.552079499447921
2017-08-14,8,41.9085152105778,0.968560525347229
2017-08-14,9,39.6238942791664,0.477823192504633
2017-08-21,0.1,17.2060513896921,0.471366122335651
2017-08-21,1.6,16.9918681773723,0.493965867927087
2017-08-21,3.8,19.5620667252101,1.06218804279746
2017-08-21,5,28.6291560467491,0.658621157236116
2017-08-21,6.2,24.6310694167791,0.639249946729171
2017-08-21,8,44.2645305460958,0.710277718587968
2017-08-21,9,26.8442959440839,0.745791604517366
2017-08-28,0.1,18.491150663611,0.577907780123847
2017-08-28,1.6,17.2060513896921,0.63279287656019
2017-08-28,3.8,20.4187995744894,0.97178906043172
2017-08-28,5,25.0594358414188,1.17518677075464
2017-08-28,6.2,31.9846930397595,0.668306762489588
2017-08-28,8,39.4811054709532,0.67476383265857
2017-08-28,9,41.3373599777249,0.571450709954865
2017-09-04,0.1,23.1317869305404,1.12998727957177
2017-09-04,1.6,20.0618275539563,0.665078227405097
2017-09-04,3.8,19.5620667252101,0.700592113334496
2017-09-04,5,23.7743365674998,0.745791604517366
2017-09-04,6.2,25.4878022660584,0.76193427993982
2017-09-04,8,45.8352074364411,0.713506253672459
2017-09-04,9,38.4815838134607,0.603736060799773
2017-09-11,0.1,19.8476443416365,0.813590841291672
2017-09-11,1.6,21.0613492114488,0.778076955362274
2017-09-11,3.8,24.7738582249923,0.965331990262738
2017-09-11,5,25.2736190537386,1.10738753398033
2017-09-11,6.2,32.1988762520794,0.681220902827551
2017-09-11,8,48.9051668130252,0.732877464179403
2017-09-11,9,28.9147336631755,0.713506253672459
2017-09-18,0.1,20.2046163621695,0.716734788756949
2017-09-18,1.6,19.9904331498497,0.755477209770839
2017-09-18,3.8,20.9899548073422,0.758705744855329
2017-09-18,5,20.4187995744894,0.836190586883108
2017-09-18,6.2,33.6981587383181,0.852333262305562
2017-09-18,8,45.7638130323345,0.468137587251161
2017-09-18,9,47.9770395596393,1.02021708669908
2017-09-25,0.1,18.4197562595044,0.477823192504633
2017-09-25,1.6,18.0627842389713,0.603736060799773
2017-09-25,3.8,25.0594358414188,1.01698855161459
2017-09-25,5,25.559196670165,0.900761288572923
2017-09-25,6.2,29.3431000878151,0.732877464179403
2017-09-25,8,37.4106677518616,0.558536569616902
2017-09-25,9,38.1246117929277,0.568222174870374
2017-10-02,0.1,19.2764891087837,0.700592113334496
2017-10-02,1.6,21.1327436155554,0.681220902827551
2017-10-02,3.8,20.2046163621695,0.707049183503477
2017-10-02,5,24.6310694167791,0.949189314840285
2017-10-02,6.2,26.1303519030178,0.810362306207182
2017-10-02,8,30.7709881699472,0.626335806391208
2017-10-02,9,30.9851713822671,0.613421666053245
2017-10-09,0.1,22.3464484853677,0.933046639417831
2017-10-09,1.6,22.2750540812611,0.671535297574079
2017-10-09,3.8,24.7024638208857,0.816819376376163
2017-10-09,5,22.7748149100074,0.955646385009266
2017-10-09,6.2,25.1308302455254,0.587593385377319
2017-10-09,8,27.1298735605103,0.84587619213658
2017-10-09,9,24.0599141839263,0.471366122335651
2017-10-16,0.1,21.9894764648347,0.681220902827551
2017-10-16,1.6,22.5606316976875,0.910446893826395
2017-10-16,3.8,23.3459701428602,0.858790332474543
2017-10-16,5,24.1313085880329,1.09770192872686
2017-10-16,6.2,28.0580008138962,0.874933007896997
2017-10-16,8,26.6301127317641,0.577907780123847
2017-10-16,9,26.0589574989112,0.581136315208337
2017-10-23,0.1,25.6305910742716,1.1170731392338
2017-10-23,1.6,23.7743365674998,0.97178906043172
2017-10-23,3.8,21.7038988484083,0.874933007896997
2017-10-23,5,21.1327436155554,0.826504981629635
2017-10-23,6.2,27.1298735605103,0.54885096436343
2017-10-23,8,29.2003112796019,0.88784714823496
2017-10-23,9,28.3435784303226,0.584364850292828
2017-10-30,0.1,17.7772066225449,0.729648929094913
2017-10-30,1.6,18.6339394718242,0.732877464179403
2017-10-30,3.8,18.2769674512912,0.629564341475699
2017-10-30,5,17.7772066225449,0.684449437912042
2017-10-30,6.2,16.7062905609458,0.681220902827551
2017-10-30,8,15.7067689034533,0.648935551982644
2017-10-30,9,17.1346569855855,0.790991095700237
2017-11-06,0.1,15.4925856911335,0.600507525715282
2017-11-06,1.6,18.7767282800374,0.862018867559034
2017-11-06,3.8,16.9204737732657,0.658621157236116
2017-11-06,5,15.2070080747071,0.613421666053245
2017-11-06,6.2,16.7062905609458,0.668306762489588
2017-11-06,8,15.8495577116666,0.639249946729171
2017-11-06,9,15.5639800952401,0.616650201137736
2017-12-11,0.1,15.3497968829203,0.574679245039356
2017-12-11,1.6,16.492107348626,0.629564341475699
2017-12-11,3.8,16.6348961568392,0.67476383265857
2017-12-11,5,15.77816330756,0.558536569616902
2017-12-11,6.2,16.0637409239864,0.606964595884264
2017-12-11,8,17.3488401979053,0.67799236774306
2017-12-11,9,17.0632625814789,0.684449437912042
2018-01-15,0.1,10.0094954557462,0.0193712105069446
2018-01-15,1.6,19.1836763834451,0.429395166237272
2018-01-15,3.8,16.1208564472717,0.558536569616902
2018-01-15,5,15.1998686342964,0.54885096436343
2018-01-15,6.2,15.6639322609894,0.568222174870374
2018-01-15,8,16.7134300013565,0.655392622151625
2018-01-15,9,17.1703541876388,0.587593385377319
2018-02-19,0.1,14.8643149349954,0.519794148603013
2018-02-19,1.6,17.6772544567957,0.16788382439352
2018-02-19,3.8,15.5925378568828,0.481051727589124
2018-02-19,5,16.7919638458738,0.225997455914353
2018-02-19,6.2,15.3283785616883,0.587593385377319
2018-02-19,8,19.7833893779406,0.316396438280095
2018-02-19,9,18.3412224149871,0.626335806391208
2018-03-19,1.6,16.5849200739646,0.519794148603013
2018-03-19,3.8,15.5925378568828,0.529479753856485
2018-03-19,6.2,14.4002513083025,0.529479753856485
2018-03-19,8,14.8643149349954,0.458451981997688
2018-03-19,9,15.9923465198798,0.54885096436343
2018-04-04,0.1,16.0566014835757,0.129141403379631
2018-04-04,1.6,16.513525669858,0.500422938096068
2018-04-04,3.8,17.2346091513347,0.200169175238427
2018-04-04,5,16.0566014835757,0.267968412012733
2018-04-04,6.2,14.136092013108,0.519794148603013
2018-04-04,8,16.3493185404128,0.161426754224538
2018-04-04,9,16.4278523849301,0.190483569984955
2018-04-10,0.1,15.1641714322431,0.16788382439352
2018-04-10,5,15.2641235979924,0.400338350476855
2018-04-10,9,15.1356136706005,0.54885096436343
2018-04-23,0.1,12.5225784802987,0.351910324209493
2018-04-23,1.6,14.200346976804,0.361595929462966
2018-04-23,3.8,15.9780676390584,0.196940640153937
2018-04-23,5,13.9361876816095,0.500422938096068
2018-04-23,6.2,15.2641235979924,0.458451981997688
2018-04-23,8,17.1632147472281,0.235683061167826
2018-04-23,9,16.7919638458738,0.184026499815974
2018-04-30,0.1,11.0090171132387,0
2018-04-30,1.6,10.3521885954579,0.187255034900464
2018-04-30,3.8,12.6082517652266,0
2018-04-30,5,13.9647454432522,0.145284078802084
2018-04-30,6.2,14.600155639801,0.481051727589124
2018-04-30,8,14.8643149349954,0.577907780123847
2018-04-30,9,15.756744986328,0.145284078802084
2018-04-30,10,22.04659198812,1.42055543717594
2018-05-07,0.1,10.202260346834,0.216311850660881
2018-05-07,1.6,10.6163478906523,0.158198219140047
2018-05-07,3.8,11.7158217138941,0
2018-05-07,5,11.6087301077342,0.29702522777315
2018-05-07,6.2,17.0132864986042,0.293796692688659
2018-05-07,8,19.5263695231568,0.25505427167477
2018-05-07,9,12.7653194542612,0.222768920829863
2018-05-14,0.1,15.2498447171711,0.200169175238427
2018-05-14,1.6,11.6301484289661,0.316396438280095
2018-05-14,3.8,13.4864029357379,0.0387424210138892
2018-05-14,5,15.5996772972934,0.17111235947801
2018-05-14,6.2,17.7272305396703,0.264739876928243
2018-05-14,8,13.9433271220202,0.290568157604169
2018-05-14,9,18.0842025602033,0.290568157604169
2018-05-14,10,25.2593401729172,0.587593385377319
2018-05-19,0.1,NA,NA
2018-05-19,5,NA,NA
2018-05-21,0.1,15.8638365924879,0.455223446913198
2018-05-21,1.6,15.1641714322431,0.477823192504633
2018-05-21,3.8,17.2346091513347,1.52709709496413
2018-05-21,5,14.4645062719984,0.326082043533567
2018-05-21,6.2,15.1141953493685,0.461680517082179
2018-05-21,8,17.8200432650089,0.322853508449076
2018-05-21,9,19.6191822484954,0.300253762857641
2018-05-21,10,20.068966994367,0.345453254040512
2018-05-28,0.1,14.2074864172146,0.42293809606829
2018-05-28,1.6,17.3274218766733,0.374510069800929
2018-05-28,3.8,12.5868334439947,0.393881280307873
2018-05-28,5,12.4797418378348,0.206626245407409
2018-05-28,6.2,11.8800288433393,0.332539113702549
2018-05-28,8,13.1651281172582,0.222768920829863
2018-05-28,9,12.2370008638723,0.319624973364586
2018-05-28,10,16.9276132136763,0.345453254040512
2018-06-04,0.1,12.5011601590667,0.355138859293984
2018-06-04,1.6,9.71677839890909,0.416481025899309
2018-06-04,3.8,16.4849679082154,0.38096713996991
2018-06-04,5,12.7367616926185,0.238911596252317
2018-06-04,6.2,10.5021168440818,0.225997455914353
2018-06-04,8,10.9304832687214,0.351910324209493
2018-06-04,9,11.8586105221073,0.25182573659028
2018-06-04,10,14.8143388521208,0.267968412012733
2018-06-11,0.1,12.0013993303205,0.665078227405097
2018-06-11,1.6,9.93096161122891,0.187255034900464
2018-06-11,3.8,8.07470710445715,0.0581136315208337
2018-06-11,5,13.1437097960262,0.225997455914353
2018-06-11,6.2,16.2850635767169,0.455223446913198
2018-06-11,8,9.21701757016285,0.151741148971066
2018-06-11,9,15.335518002099,0.25505427167477
2018-06-18,0.1,14.9000121370487,0.335767648787039
2018-06-18,1.6,12.1441881385337,0.322853508449076
2018-06-18,3.8,13.0723153919196,0.135598473548612
2018-06-18,5,7.28936865928449,0.264739876928243
2018-06-18,6.2,9.71677839890909,0.0839419121967599
2018-06-18,8,13.8433749562709,0.290568157604169
2018-06-18,9,14.8143388521208,0.21308331557639
2018-06-18,10,8.5744679332034,0.616650201137736
2018-06-25,0.1,21.4968550764991,0.665078227405097
2018-06-25,1.6,16.4278523849301,2.22768920829863
2018-06-25,3.8,15.356936323331,0.277654017266206
2018-06-25,5,14.5715978781583,0.248597201505789
2018-06-25,6.2,11.0732720769346,0.335767648787039
2018-06-25,8,5.93287498125897,0.193712105069446
2018-06-25,10,3.64825404984757,0.129141403379631
2018-06-25,9,11.1446664810412,0.552079499447921
2018-07-02,0.1,17.4630712444759,0.355138859293984
2018-07-02,1.6,16.3564579808235,0.284111087435187
2018-07-02,3.8,16.6634539184819,0.364824464547456
2018-07-02,5,15.4854462507229,0.238911596252317
2018-07-02,8,17.5487445294038,0.355138859293984
2018-07-02,9,16.8348004883377,0.319624973364586
2018-07-02,10,18.3483618553978,0.271196947097224
2018-07-09,0.1,18.448314021147,0.358367394378475
2018-07-09,1.6,17.4630712444759,0.248597201505789
2018-07-09,3.8,20.1617797197056,0.681220902827551
2018-07-09,5,18.6268000314135,0.458451981997688
2018-07-09,6.2,17.3274218766733,0.232454526083335
2018-07-09,8,15.2998208000457,0.303482297942132
2018-07-09,9,14.6429922822649,0.129141403379631
2018-07-09,10,15.2998208000457,0.258282806759261
2018-07-16,0.1,21.3540662682859,0.358367394378475
2018-07-16,1.6,19.4335567978182,0.493965867927087
2018-07-16,3.8,20.2545924450442,0.332539113702549
2018-07-16,5,20.5258911806493,0.303482297942132
2018-07-16,6.2,10.9304832687214,0.429395166237272
2018-07-16,8,14.6644106034969,0.38096713996991
2018-07-16,9,14.4787851528197,0.435852236406253
2018-07-16,10,22.1465441538692,0.661849692320607
2018-07-23,0.1,21.0899069730915,0.535936824025467
2018-07-23,1.6,22.6320261017941,0.568222174870374
2018-07-23,3.8,13.2151042001328,0.390652745223382
2018-07-23,5,16.9276132136763,0.771619885193292
2018-07-23,6.2,17.2845852342093,0.403566885561345
2018-07-23,8,17.9057165499368,0.361595929462966
2018-07-23,9,15.4854462507229,0.42293809606829
2018-07-23,9.5,20.8971420820036,0.29702522777315
2018-07-30,0.1,33.426860002713,0.410023955730327
2018-07-30,1.6,37.4677832751469,0.484280262673615
2018-07-30,3.8,15.8638365924879,0.326082043533567
2018-07-30,5,20.6115644655772,0.309939368111113
2018-07-30,6.2,23.8528704120171,0.284111087435187
2018-07-30,8,20.9828153669315,0.471366122335651
2018-07-30,9,22.3678668065997,0.33899618387153
2018-07-30,9.5,23.4816195106628,0.364824464547456
2018-08-06,0.1,28.2222079433414,0.148512613886575
2018-08-06,1.6,25.7091249187889,0.610193130968754
2018-08-06,3.8,19.1194214197491,0.648935551982644
2018-08-06,5,0,0
2018-08-06,6.2,20.2831502066868,0.552079499447921
2018-08-06,8,27.3511962132408,0.739334534348385
2018-08-06,9,26.2088857475351,0.939503709586812
2018-08-13,0.1,25.7591010016635,0
2018-08-13,1.6,18.4982901040216,0.63279287656019
2018-08-13,3.8,10.7163000564016,1.2946425688808
2018-08-13,5,NA,NA
2018-08-13,6.2,29.7214904295801,0.322853508449076
2018-08-13,8,17.9985292752754,0.361595929462966
2018-08-13,9,22.1394047134586,0.768391350108802
2018-08-13,9.5,23.7100816038039,0.490737332842596
2018-08-20,0.1,28.2222079433414,0
2018-08-20,1.6,16.8562188095697,0.707049183503477
2018-08-20,3.8,21.3683451491072,0.293796692688659
2018-08-20,5,21.0470703306275,0.219540385745372
2018-08-20,6.2,28.5434827618211,0.642478481813662
2018-08-20,8,40.9661090763706,1.06541657788195
2018-08-20,9,43.6433992303683,0.574679245039356
2018-08-27,0.1,19.4264173574075,0.529479753856485
2018-08-27,1.6,20.068966994367,0.542393894194448
2018-08-27,3.8,18.4982901040216,0.852333262305562
2018-08-27,5,13.1437097960262,0.63279287656019
2018-08-27,6.2,19.1408397409811,0.707049183503477
2018-08-27,8,46.427780990526,0.490737332842596
2018-08-27,9,94.8331869748049,1.22038626193751
2018-08-27,9.5,89.3715150606495,1.08801632347339
2018-09-03,0.1,20.6187039059879,0.364824464547456
2018-09-03,3.8,20.9970942477529,0.910446893826395
2018-09-03,6.2,18.2841068917018,0.577907780123847
2018-09-03,8,42.3582999564494,0.216311850660881
2018-09-03,1.6,22.424982329885,0.477823192504633
2018-09-03,5,19.4406962382288,0.242140131336807
2018-09-03,9,35.4187638772873,0.949189314840285
2018-09-10,0.1,27.2583834879022,0.529479753856485
2018-09-10,1.6,27.0442002755824,0.713506253672459
2018-09-10,3.8,27.0442002755824,0.335767648787039
2018-09-10,6.2,41.71575031949,0.2098547804919
2018-09-10,9,36.1469867991747,0.67476383265857
2018-09-10,5,18.4982901040216,0.84587619213658
2018-09-10,8,37.5391776792535,0.490737332842596
2018-09-10,9.5,36.4682616176544,0.148512613886575
2018-09-17,0.1,25.4378261831838,1.02021708669908
2018-09-17,1.6,20.5116122998279,0.658621157236116
2018-09-17,3.8,28.9932675076927,1.74018041054052
2018-09-17,5,20.5116122998279,0.665078227405097
2018-09-17,6.2,10.644905652295,1.0492739024595
2018-09-17,8,31.6491393404585,1.42055543717594
2018-09-17,9,34.647704312936,0.787762560615746
2018-09-24,0.1,19.6548794505487,0.84587619213658
2018-09-24,1.6,18.3555012958084,0.545622429278939
2018-09-24,3.8,18.3555012958084,0.810362306207182
2018-09-24,5,22.760536029186,1.05250243754399
2018-09-24,6.2,24.5810933339045,0.84587619213658
2018-09-24,8,30.6853148850193,1.48189760378126
2018-09-24,9,32.8271470082175,1.35921327057061
2018-09-24,9.5,0,1.70466652461112
2018-10-01,0.1,18.1555969643099,0.684449437912042
2018-10-01,1.6,13.9290482411989,0.50688000826505
2018-10-01,3.8,NA,NA
2018-10-01,5,23.7814760079105,1.16550116550117
2018-10-01,6.2,19.9975725902604,2.03397710322918
2018-10-01,8,42.3582999564494,2.53117150624076
2018-10-01,9,48.5553342329028,3.41256158430674
2018-10-01,9.5,55.5305675141182,1.95003519103242
2018-10-08,0.1,14.9428487795127,0.135598473548612
2018-10-08,1.6,23.938543696945,1.09770192872686
2018-10-08,3.8,17.0704020218895,1.15904409533218
2018-10-08,5,23.2959940599856,1.37858448107756
2018-10-08,6.2,36.1469867991747,2.43754398879053
2018-10-08,8,51.2683215889539,5.05911447739703
2018-10-08,9,61.763298992625,4.63940491641323
2018-10-08,9.5,165.192372221865,5.15597052993175
2018-10-15,0.1,20.0832458751883,0.594050455546301
2018-10-15,1.6,18.4768717827897,0.745791604517366
2018-10-15,3.8,17.8343221458302,0.745791604517366
2018-10-15,5,16.2850635767169,0.713506253672459
2018-10-15,6.2,28.0080247310216,1.16227263041667
2018-10-15,8,30.0641835692918,3.05742272501275
2018-10-15,9,61.6347890652331,3.15105024246299
2018-10-15,9.5,180.420798617804,4.70397561810304
2018-10-20,0.1,20.1903374813482,0.594050455546301
2018-10-20,5,19.0694453368745,0.8039052360382
2018-10-20,9,106.291988833915,3.13813610212502
2018-10-22,0.1,13.5720762206658,0.568222174870374
2018-10-22,1.6,15.6425139397574,0.97178906043172
2018-10-22,3.8,18.9266565286613,1.0492739024595
2018-10-22,5,15.2141475151178,0.745791604517366
2018-10-22,6.2,15.4997251315442,0.955646385009266
2018-10-22,8,18.7124733163415,1.61103900716089
2018-10-22,9,88.3220173202824,3.86455649613544
2018-10-22,9.5,69.7594722525648,2.96056667247803
2018-10-29,0.1,15.6425139397574,0.445537841659725
2018-10-29,1.6,17.7843460629556,0.577907780123847
2018-10-29,3.8,20.404520693668,0.987931735854174
2018-10-29,5,16.4278523849301,0.810362306207182
2018-10-29,6.2,17.2845852342093,0.755477209770839
2018-10-29,8,NA,NA
2018-10-29,9,18.6910549951095,0.697363578250005
2018-10-29,9.5,12.6439489672799,0.965331990262738
2018-11-19,0.1,12.8010166563145,0.219540385745372
2018-11-19,1.6,12.2155825426403,0.413252490814818
2018-11-19,3.8,17.5130473273505,0.235683061167826
2018-11-19,5,19.1194214197491,0.0225997455914353
2018-11-19,6.2,28.5434827618211,0.0774848420277783
2018-11-19,8,15.7995816287919,0.900761288572923
2018-11-19,9,15.4783068103122,0.50688000826505
2018-11-19,9.5,16.7634060842311,0.642478481813662
2018-12-17,0.1,11.7872161180007,0.225997455914353
2018-12-17,1.6,12.158467019355,0.119455798126158
2018-12-17,3.8,9.64538399480249,0.348681789125002
2018-12-17,5,11.8586105221073,0.329310578618058
2018-12-17,6.2,8.43167912499018,0.103313122703704
2018-12-17,8,8.36028472088358,0.319624973364586
2018-12-17,9,10.0023560153355,0.258282806759261
2018-12-17,9.5,11.8586105221073,0.332539113702549
2019-01-17,6.2,NA,NA
2019-01-21,0.1,25.559196670165,0.0936275174502321
2019-01-21,1.6,NA,NA
2019-01-21,3.8,31.2707489986935,0.445537841659725
2019-01-21,5,11.1375270406306,0.0484280262673615
2019-01-21,6.2,9.53115294823192,0.0451994911828707
2019-01-21,8,13.8148171946283,0.2098547804919
2019-01-21,9,10.1737025851914,0.261511341843752
2019-01-21,9.5,8.67442009895264,0.129141403379631
2019-02-08,0.1,23.4887589510734,0.145284078802084
2019-02-08,1.6,NA,NA
2019-02-08,3.8,26.5587183276575,0.0839419121967599
2019-02-08,5,9.20987812975219,0.0807133771122691
2019-02-08,6.2,15.9566493178265,0.290568157604169
2019-02-08,9,23.56015335518,0.067799236774306
2019-03-18,0.1,27.7010287933632,0.271196947097224
2019-03-18,1.6,NA,NA
2019-03-18,3.8,27.55823998515,0.267968412012733
2019-03-18,5,26.7015071358707,0.0871704472812506
2019-03-18,6.2,33.3411867177851,0.309939368111113
2019-03-18,8,NA,NA
2019-03-18,9,24.9880414373121,0.219540385745372
2019-04-01,0.1,8.99569491743237,-0.0129141403379631
2019-04-01,1.6,NA,NA
2019-04-01,3.8,11.6729850714301,-0.00968560525347229
2019-04-01,5,25.7019854783782,0.222768920829863
2019-04-01,6.2,30.1998329370944,0.203397710322918
2019-04-01,8,26.2017463071244,0.17111235947801
2019-04-01,9,12.8509927391891,0.174340894562501
2019-04-15,0.1,14.2431836192679,0.397109815392364
2019-04-15,1.6,NA,NA
2019-04-15,3.8,26.2017463071244,0.232454526083335
2019-04-15,5,26.2017463071244,0.287339622519678
2019-04-15,6.2,21.8466876566215,0.490737332842596
2019-04-15,8,27.2726623687235,0.2098547804919
2019-04-15,9,12.8509927391891,0.248597201505789
2019-04-22,0.1,11.78007667759,0.222768920829863
2019-04-22,1.6,NA,NA
2019-04-22,3.8,26.2017463071244,0.161426754224538
2019-04-22,5,14.136092013108,0.332539113702549
2019-04-22,6.2,28.0580008138962,0.306710833026622
2019-04-22,8,14.7786416500675,0.33899618387153
2019-04-22,9,25.3807106598985,0.477823192504633
2019-04-29,0.1,18.9766326115359,0.413252490814818
2019-04-29,1.6,NA,NA
2019-04-29,3.8,32.1274818479728,0.820047911460654
2019-04-29,5,30.1998329370944,0.358367394378475
2019-04-29,6.2,19.4906723211035,0.377738604885419
2019-04-29,8,27.2726623687235,0.193712105069446
2019-04-29,9,27.7010287933632,0.345453254040512
2019-05-06,0.1,28.2007896221094,0.306710833026622
2019-05-06,1.6,NA,NA
2019-05-06,3.8,12.958084345349,0.184026499815974
2019-05-06,5,25.3450134578452,0.0839419121967599
2019-05-06,6.2,11.4588018591103,0.0645707016898153
2019-05-06,8,21.3112296258219,0.284111087435187
2019-05-06,9,35.7685964574097,0.33899618387153
2019-05-13,0.1,11.9942598899098,0.232454526083335
2019-05-13,1.6,NA,NA
2019-05-13,3.8,25.7019854783782,0.200169175238427
2019-05-13,5,26.4159295194443,0.164655289309029
2019-05-13,6.2,26.2731407112311,0.184026499815974
2019-05-13,8,27.6296343892566,0.442309306575235
2019-05-13,9,53.117436655315,0.939503709586812
2019-05-16,0.1,16.0637409239864,0.271196947097224
2019-05-16,1.6,24.1313085880329,0.161426754224538
2019-05-16,5,12.6368095268693,0.29702522777315
2019-05-16,8,26.9870847522971,0.106541657788195
2019-05-16,9,46.6919402857204,1.24621454261343
2019-05-20,0.1,8.46023688663283,0.154969684055557
2019-05-20,1.6,NA,NA
2019-05-20,3.8,29.4144944919217,0.416481025899309
2019-05-20,5,27.0584791564037,0.122684333210649
2019-05-20,6.2,29.3431000878151,0.287339622519678
2019-05-20,8,18.3126646533445,0.358367394378475
2019-05-20,9,35.7685964574097,1.74340894562501
2019-05-23,0.1,25.4878022660584,0.190483569984955
2019-05-23,1.6,NA,NA
2019-05-23,5,15.9566493178265,0.303482297942132
2019-05-23,9,27.1298735605103,0.116227263041667
2019-05-27,0.1,9.95951937287155,0.193712105069446
2019-05-27,1.6,23.0603925264338,0.112998727957177
2019-05-27,3.8,20.6686799888625,0.442309306575235
2019-05-27,5,13.2793591638287,0.203397710322918
2019-05-27,6.2,14.136092013108,0.248597201505789
2019-05-27,8,29.4858888960283,0.271196947097224
2019-05-27,9,15.2070080747071,0.316396438280095
2019-05-30,0.1,17.334561317084,0.222768920829863
2019-05-30,1.6,NA,NA
2019-05-30,5,27.6296343892566,0.0581136315208337
2019-05-30,9,27.5225427830967,0.739334534348385
2019-06-03,0.1,22.9176037182206,0.442309306575235
2019-06-03,1.6,NA,NA
2019-06-03,3.8,14.2431836192679,0.200169175238427
2019-06-03,5,11.8871682837499,0.12591286829514
2019-06-03,6.2,11.6729850714301,0.145284078802084
2019-06-03,8,20.3474051703827,0.445537841659725
2019-06-03,9,25.7019854783782,0.561765104701393
2019-06-06,0.1,15.2070080747071,0.319624973364586
2019-06-06,1.6,NA,NA
2019-06-06,5,26.8442959440839,0.200169175238427
2019-06-06,9,10.4949774036711,0.0807133771122691
2019-06-10,0.1,16.5991989547859,0.16788382439352
2019-06-10,1.6,29.5572833001349,0.2098547804919
2019-06-10,3.8,20.5615883827026,0.377738604885419
2019-06-10,5,15.0999164685472,0.232454526083335
2019-06-10,6.2,10.8162522221508,0.161426754224538
2019-06-10,8,19.9190387457431,0.435852236406253
2019-06-10,9,19.7048555334233,0.303482297942132
2019-06-13,0.1,21.4183212319818,0.319624973364586
2019-06-13,1.6,NA,NA
2019-06-13,5,20.1332219580629,0.319624973364586
2019-06-13,9,27.4868455810434,0.280882552350696
2019-06-17,0.1,17.8842982287048,0.290568157604169
2019-06-17,1.6,NA,NA
2019-06-17,3.8,27.7010287933632,0.232454526083335
2019-06-17,5,30.0570441288812,0.222768920829863
2019-06-17,6.2,12.3155347083896,0.145284078802084
2019-06-17,8,20.3474051703827,0.426166631152781
2019-06-17,9,12.8509927391891,0.193712105069446
2019-06-20,0.1,30.271227341201,0.190483569984955
2019-06-20,1.6,31.6277210192265,0.184026499815974
2019-06-20,5,24.7024638208857,0.151741148971066
2019-06-20,9,20.4544967765427,0.309939368111113
2019-06-24,0.1,21.3112296258219,0.164655289309029
2019-06-24,1.6,NA,NA
2019-06-24,3.8,26.0232602968579,0.471366122335651
2019-06-24,5,18.6339394718242,0.309939368111113
2019-06-24,6.2,NA,NA
2019-06-24,8,13.9219088007882,0.248597201505789
2019-06-24,9,26.4516267214976,0.222768920829863
2019-06-27,0.1,27.6296343892566,0.264739876928243
2019-06-27,1.6,NA,NA
2019-06-27,5,18.2055730471846,0.151741148971066
2019-06-27,8,NA,NA
2019-06-27,9,0,-0.225997455914353
2019-07-01,0.1,21.204138019662,0.138827008633103
2019-07-01,1.6,NA,NA
2019-07-01,3.8,33.9837363547445,0.413252490814818
2019-07-01,5,30.3426217453076,0.368052999631947
2019-07-01,6.2,28.7719448549623,0.054885096436343
2019-07-01,8,18.0984814410247,0.33899618387153
2019-07-01,9,46.0493906487609,0.54885096436343
2019-07-03,0.1,25.916168690698,0.329310578618058
2019-07-03,1.6,NA,NA
2019-07-03,3.8,NA,NA
2019-07-03,5,17.0275653794256,0.290568157604169
2019-07-03,9,25.916168690698,0.129141403379631
2019-07-08,0.1,34.983258012237,0.219540385745372
2019-07-08,1.6,NA,NA
2019-07-08,3.8,21.4183212319818,0.33899618387153
2019-07-08,5,20.5615883827026,0.277654017266206
2019-07-08,6.2,16.7062905609458,0.0129141403379631
2019-07-08,8,24.9523442352588,0.174340894562501
2019-07-08,9,37.3749705498083,0.458451981997688
2019-07-11,5,26.2374435091778,0.442309306575235
2019-07-11,6.2,NA,NA
2019-07-11,9,20.026130351903,0.300253762857641
2019-07-15,0.1,26.2374435091778,0.232454526083335
2019-07-15,1.6,NA,NA
2019-07-15,3.8,22.8105121120607,0.300253762857641
2019-07-15,5,29.1289168754953,0.345453254040512
2019-07-15,6.2,32.984214697252,0.238911596252317
2019-07-15,8,31.5563266151199,0.300253762857641
2019-07-15,9,40.2664439161259,0.594050455546301
2019-07-18,0.1,25.8090770845381,0.326082043533567
2019-07-18,1.6,NA,NA
2019-07-18,5,36.4111460943691,0.59082192046181
2019-07-18,9,31.3778406048534,0.448766376744216
2019-07-22,0.1,26.5587183276575,0.326082043533567
2019-07-22,1.6,NA,NA
2019-07-22,3.8,18.7410310779841,0.106541657788195
2019-07-22,5,27.7367259954165,0.471366122335651
2019-07-22,6.2,28.9147336631755,0.503651473180559
2019-07-22,8,34.9118636081304,0.594050455546301
2019-07-22,9,48.9765612171318,1.45284078802084
2019-07-24,0.1,34.6976803958106,0.300253762857641
2019-07-24,3.8,NA,NA
2019-07-24,5,0.535458030799546,-0.142055543717594
2019-07-24,6.2,26.4159295194443,0.232454526083335
2019-07-24,9,57.6152841140311,0.629564341475699
2019-07-25,1.6,NA,NA
2019-07-29,0.1,35.9827796697295,0.290568157604169
2019-07-29,1.6,NA,NA
2019-07-29,3.8,47.22739831652,0.852333262305562
2019-07-29,5,38.3387950052475,0.63279287656019
2019-07-29,6.2,37.339273347755,0.29702522777315
2019-07-29,8,41.5515431900448,0.42293809606829
2019-07-29,9,70.3591852470603,0.594050455546301
2019-08-01,0.1,74.9641243119364,0.238911596252317
2019-08-01,1.6,NA,NA
2019-08-01,5,22.0608708689413,0.303482297942132
2019-08-01,9,61.4705819357879,0.535936824025467
2019-08-05,0.1,31.1636573925336,0.38096713996991
2019-08-05,1.6,NA,NA
2019-08-05,3.8,31.3778406048534,0.555308034532411
2019-08-05,5,36.0898712758894,0.594050455546301
2019-08-05,6.2,38.3387950052475,0.25182573659028
2019-08-05,8,47.8699479534794,0.542393894194448
2019-08-05,9,57.9722561345642,0.542393894194448
2019-08-08,0.1,39.7309858853263,0.413252490814818
2019-08-08,1.6,NA,NA
2019-08-08,5,20.6686799888625,0.329310578618058
2019-08-08,9,72.6081089764184,0.92981810433334
2019-08-12,0.1,21.4183212319818,0.76193427993982
2019-08-12,1.6,25.4164078619518,0.878161542981488
2019-08-12,3.8,15.2070080747071,0.76193427993982
2019-08-12,5,22.7034205059007,0.681220902827551
2019-08-12,6.2,21.9894764648347,0.742563069432876
2019-08-12,8,29.7000721083481,0.561765104701393
2019-08-12,9,26.1303519030178,0.616650201137736
2019-08-14,0.1,NA,NA
2019-08-14,1.6,NA,NA
2019-08-14,5,24.5596750126725,0.319624973364586
2019-08-14,9,NA,NA
2019-08-19,0.1,34.2693139711709,0.8039052360382
2019-08-19,1.6,NA,NA
2019-08-19,3.8,13.8505143966816,0.987931735854174
2019-08-19,5,10.4235829995645,0.542393894194448
2019-08-19,6.2,26.9156903481905,0.716734788756949
2019-08-19,8,33.4125811218917,0.839419121967598
2019-08-19,9,37.1964845395418,0.997617341107646
2019-08-22,0.1,60.0284149728344,1.09447339364237
2019-08-22,1.6,NA,NA
2019-08-22,5,40.4806271284457,1.14612995499422
2019-08-22,9,52.4748870183555,1.75955162104747
2019-08-28,0.1,41.3373599777249,0.700592113334496
2019-08-28,1.6,49.9046884705177,0.778076955362274
2019-08-28,3.8,33.0913063034119,0.903989823657414
2019-08-28,5,28.4863672385358,1.14290141990973
2019-08-28,6.2,34.1979195670643,0.839419121967598
2019-08-28,8,61.363490329628,1.10738753398033
2019-08-28,9,114.909293409583,1.82735085782177
2019-09-02,0.1,46.4777570734006,0.855561797390052
2019-09-02,1.6,57.829467326351,1.13967288482524
2019-09-02,3.8,44.871382981002,1.30432817413427
2019-09-02,5,39.4097110668466,1.23652893735996
2019-09-02,6.2,47.4415815288398,1.13644434974075
2019-09-02,8,66.6109790314635,1.26235721803589
2019-09-02,9,157.745935873546,2.04043417339816
2019-09-11,0.1,39.9451690976461,0.732877464179403
2019-09-11,1.6,47.0132151042001,0.790991095700237
2019-09-11,3.8,25.4878022660584,1.22684333210649
2019-09-11,5,48.1912227719591,1.12030167431829
2019-09-11,6.2,47.9770395596393,1.37535594599307
2019-09-11,8,72.2868341579387,1.30109963904978
2019-09-11,9,61.5776735419478,1.07187364805093
2019-09-20,0.1,41.6586347962047,0.810362306207182
2019-09-20,1.6,41.4801487859382,1.09447339364237
2019-09-20,3.8,42.408276039324,1.40764129683797
2019-09-20,5,60.8280322988284,2.05657684882062
2019-09-20,6.2,75.2853991304162,1.24621454261343
2019-09-20,8,80.6399794384116,1.25267161278242
2019-09-20,9,79.5690633768125,1.28495696362732
2019-09-27,0.1,43.1579172824434,0.652164087067134
2019-09-27,1.6,47.3344899226799,0.545622429278939
2019-09-27,3.8,35.34023003277,1.07510218313542
2019-09-27,5,62.4701035932804,2.17603264694677
2019-09-27,6.2,62.6485896035469,1.1881009110926
2019-09-27,8,71.8941649353524,1.58521072648496
2019-09-27,9,78.4981473152134,1.07187364805093
2019-10-04,0.1,58.0079533366175,0.965331990262738
2019-10-04,1.6,61.6847651481077,0.97501759551621
2019-10-04,3.8,43.2650088886033,1.17841530583913
2019-10-04,5,96.703720362398,3.02836590925234
2019-10-04,6.2,80.6399794384116,1.3979556915845
2019-10-04,8,82.7818115616098,1.05250243754399
2019-10-04,9,98.8455524855962,0.994388806023155
2019-10-11,0.1,59.5429330249095,0.897532753488432
2019-10-11,1.6,63.9336888774658,0.865247402643525
2019-10-11,3.8,37.8033369744479,0.816819376376163
2019-10-11,5,76.3563151920152,2.08886219966552
2019-10-11,6.2,94.5618882391998,0.810362306207182
2019-10-11,8,93.4909721776007,1.223614797022
2019-10-11,9,91.3491400544025,0.945960779755794
2019-10-16,0.1,63.6124140589861,0.88784714823496
2019-10-16,1.6,48.6195891965988,0.878161542981488
2019-10-16,3.8,47.2630955185733,1.13967288482524
2019-10-16,5,67.610500688956,0.687677972996533
2019-10-16,6.2,86.3158345648868,0.987931735854174
2019-10-16,8,72.322531359992,0.849104727221071
2019-10-16,9,86.8869897977396,0.784534025531256
2019-10-23,0.1,52.5819786245154,0.84587619213658
2019-10-23,1.6,49.2621388335582,0.768391350108802
2019-10-23,3.8,55.366360384673,0.797448165869219
2019-10-23,5,47.7628563473195,0.878161542981488
2019-10-23,6.2,67.7889866992225,0.684449437912042
2019-10-23,8,88.1363918696053,0.771619885193292
2019-10-23,9,92.4200561160016,0.723191858925931
2019-10-25,0.1,NA,NA
2019-10-25,1.6,NA,NA
2019-10-25,5,NA,NA
2019-10-25,6.2,NA,NA
2019-10-25,9,NA,NA
2019-10-28,0.1,NA,NA
2019-10-28,1.6,NA,NA
2019-10-28,5,NA,NA
2019-10-28,9,NA,NA
2019-10-30,0.1,88.814638708618,1.35275620040163
2019-10-30,1.6,67.610500688956,1.4334695775139
2019-10-30,3.8,45.1212633953751,0.723191858925931
2019-10-30,5,53.0460422512083,0.658621157236116
2019-10-30,6.2,62.9698644220266,0.648935551982644
2019-10-30,8,59.7571162372293,0.745791604517366
2019-10-30,9,59.7571162372293,0.732877464179403
2019-11-08,0.1,39.1955278545268,1.08155925330441
2019-11-08,1.6,38.3387950052475,0.984703200769683
2019-11-08,3.8,48.1912227719591,0.88784714823496
2019-11-08,5,39.9808662996994,1.07510218313542
2019-11-08,6.2,39.33831666274,1.00730294636112
2019-11-08,8,37.2678789436484,0.92981810433334
2019-11-08,9,38.9813446422069,1.27527135837385
2019-11-20,0.1,50.6900269156903,0.900761288572923
2019-11-20,1.6,42.5153676454839,0.894304218403941
2019-11-20,3.8,35.9113852656229,1.17195823567015
2019-11-20,5,38.0532173888211,1.04281683229052
2019-11-20,6.2,31.1993545945869,0.984703200769683
2019-11-20,8,30.4140161494142,1.05573097262848
2019-11-20,9,38.1246117929277,1.06218804279746
