DateTime,Ksed_oxy,Fsed_oxy,Fsed_oxy.1,RMSE
2020-07-17 16:56:12,10.3370144194243,-27.3898700898537,-18.8709131743892,93.8157780588817
2020-07-17 16:56:03,10.3370144194243,-27.3898700898537,-18.8709131743892,93.8157780588817
2020-07-17 16:55:54,10.6665235055057,-27.4873151246444,-19.1149862845915,97.7591238331948
2020-07-17 16:55:44,10.5875386187662,-27.5256997005516,-18.9470533434042,136.707468387197
2020-07-17 16:55:35,10.665643561947,-27.4701888818722,-18.7440359786936,137.038275197095
2020-07-17 16:55:25,10.3370144194243,-27.3898700898537,-18.8709131743892,93.8157780588817
2020-07-17 16:55:16,10.30474239455,-27.4415001865972,-18.8936573192154,107.475951607316
2020-07-17 16:55:06,10.6340955730649,-27.5193713191151,-19.0976281301331,119.122639985638
2020-07-17 16:54:57,10.4393690073269,-27.4923348708773,-18.8817657299713,95.1955856532183
2020-07-17 16:54:47,10.5906892245712,-27.4333288440496,-18.8881925478066,161.078568212527
2020-07-17 16:54:38,10.6854043059842,-27.3532008223032,-18.921584858269,92.3668296602451
2020-07-17 16:54:28,10.3672354998425,-27.3077621793301,-18.7302662991277,92.4561462704603
2020-07-17 16:54:19,10.3484070833591,-27.2953693929082,-18.8675131046322,139.037580702265
2020-07-17 16:54:09,10.4131902740012,-27.5039856104136,-19.007262128042,93.9297454402546
2020-07-17 16:54:00,10.4081455602051,-27.4017601464105,-18.7773867374109,151.182627403031
2020-07-17 16:53:50,10.4822202607095,-27.5154063394048,-19.0331414471251,123.846851660526
2020-07-17 16:53:41,10.317051946634,-27.4754795999148,-18.8861844694385,126.592375423612
2020-07-17 16:53:31,10.3652948704936,-27.5880956758148,-19.0112388064609,113.935678827249
2020-07-17 16:53:21,10.4402768743886,-27.4082553290849,-18.8646767504448,161.968665608175
2020-07-17 16:53:11,10.2823499995812,-27.3946943820555,-18.9811462550934,127.07861602314
2020-07-17 16:53:01,10.3729246411366,-27.4539100070682,-19.0244059745534,143.400132637809
2020-07-17 16:52:52,10.4055761533103,-27.3376139661023,-18.8920880251908,97.8494902480833
2020-07-17 16:52:41,10.4094346189608,-27.4311750618699,-18.8775974412155,105.834609035518
2020-07-17 16:52:31,10.323948876685,-27.4938968170184,-18.9152952562466,131.424966526754
2020-07-17 16:52:21,10.411308766252,-27.513587064848,-18.9361103717739,95.1280017192508
2020-07-17 16:52:12,10.5523431269814,-27.6830872515873,-19.0194403702793,138.425624792402
2020-07-17 16:52:02,10.2565851700173,-27.336215095255,-18.906831024228,142.309296069869
2020-07-17 16:51:53,10.3953399306531,-27.4849491263347,-18.9455520320482,119.652544466324
2020-07-17 16:51:43,10.4400336782945,-27.4535215227474,-19.0806318820862,91.8571389025464
2020-07-17 16:51:34,10.3747591250997,-27.4901699548543,-18.8715938489758,89.8582886303121
2020-07-17 16:51:24,10.2623429524049,-27.439110059162,-19.1277280624165,132.024626440685
2020-07-17 16:51:15,10.4274535328502,-27.5146144166954,-18.9943113629257,139.773300439562
2020-07-17 16:51:05,10.2725208406202,-27.6088001403011,-19.1261238045224,119.626545620794
2020-07-17 16:50:56,10.4424189018597,-27.4733719059612,-18.8956845104821,94.1813724012946
2020-07-17 16:50:47,10.4260091083242,-27.5172779864608,-19.2422341336269,119.714364816051
2020-07-17 16:50:37,10.3579818149578,-27.4329811253227,-19.0382991968854,132.415032971343
2020-07-17 16:50:27,10.4330464699909,-27.4951731623652,-19.1325088065128,152.158730829323
2020-07-17 16:50:18,10.4864454662286,-27.5976363238916,-19.159711511033,124.698827442611
2020-07-17 16:50:09,10.4641108411438,-27.5244884284703,-19.02572535233,117.567298514412
2020-07-17 16:49:59,10.2970581338367,-27.5114096104361,-19.2243810403334,96.1850605849072
2020-07-17 16:49:49,10.5554159658808,-27.4446588807352,-19.0749229963302,150.851316268001
2020-07-17 16:49:40,10.3908205099266,-27.4389338842007,-18.9587015878439,94.5157422271526
2020-07-17 16:49:30,10.4291963175752,-27.4648454276272,-19.1204699694239,138.844469349654
2020-07-17 16:49:21,10.5719378802857,-27.5686990643662,-19.047895260836,137.777295613193
2020-07-17 16:49:12,10.4603707564921,-27.4292920804134,-18.9974756950627,84.319892307202
2020-07-17 16:49:02,10.5770720342932,-27.575872185596,-19.1380525406864,98.5705520657314
2020-07-17 16:48:53,10.4430951907813,-27.6198742295875,-19.2409743577157,94.8496886665109
2020-07-17 16:48:44,10.5240423419599,-27.638821466896,-19.2077208417918,148.586825153233
2020-07-17 16:48:34,10.4793851595215,-27.5746253060803,-19.1900310611598,139.738737022651
2020-07-17 16:48:25,10.5155125754046,-27.5372251450291,-19.2029302915518,126.773481278926
2020-07-17 16:48:15,10.4767872667857,-27.6153337923649,-19.0790006021231,100.470028460963
2020-07-17 16:48:05,10.5630493931365,-27.5084096248915,-19.1455363330175,158.645988484858
2020-07-17 16:47:55,10.6162273340006,-27.5034328000399,-19.0523112483965,136.03891231232
2020-07-17 16:47:46,10.4753451655683,-27.3868554861313,-19.0781430592773,120.316326598968
2020-07-17 16:47:36,10.5918509533537,-27.549682467046,-19.0634053974611,90.9936160331128
2020-07-17 16:47:27,10.5043013864112,-27.5590687785743,-19.2005673872176,88.3449310657013
2020-07-17 16:47:18,10.405310361676,-27.5288564790102,-19.1619992568963,141.839796523931
2020-07-17 16:47:08,10.6117333427194,-27.4397574912988,-19.0270708363251,95.3589411008412
2020-07-17 16:46:59,10.5760386737938,-27.4609664477961,-19.1038905010333,120.839593947486
2020-07-17 16:46:49,10.503436051488,-27.5058225546627,-19.1461885501191,88.6303338690733
2020-07-17 16:46:40,10.5257868735838,-27.4359467652187,-19.1058656602658,141.962630886581
2020-07-17 16:46:30,10.5967248484609,-27.4944505149876,-19.1492787619935,147.817949130525
2020-07-17 16:46:21,10.5685924875798,-27.4226740144595,-19.0749120185231,123.38175326353
2020-07-17 16:46:11,10.5760435420846,-27.4840684015801,-19.0840789888973,152.468515882743
2020-07-17 16:46:02,10.4892841216735,-27.4712260953285,-19.1404794644916,112.004136201111
2020-07-17 16:45:52,10.607052498611,-27.4259129604477,-19.093057940691,91.2166043768013
2020-07-17 16:45:43,10.5900088705059,-27.4430086658558,-19.0386371374112,128.383904012122
2020-07-17 16:45:33,10.5247488416307,-27.4789755428605,-19.2148027234137,142.450714195206
2020-07-17 16:45:24,10.5027310230843,-27.5028100572982,-19.1565603500483,97.7223397513725
2020-07-17 16:45:14,10.4890046649812,-27.4184472303536,-19.0757303959084,99.6783436547998
2020-07-17 16:45:05,10.5102923351458,-27.4337117207395,-19.1983339142357,133.681206855808
2020-07-17 16:44:55,10.4764348197577,-27.4390486546585,-19.2157888359285,132.804957958243
2020-07-17 16:44:46,10.6091306396796,-27.4099695735596,-19.0664541540011,158.09029924284
2020-07-17 16:44:36,10.6079175908164,-27.5203396571787,-19.1253292682586,97.8822656019659
2020-07-17 16:44:27,10.5986591548117,-27.4884762330181,-19.1490365079807,194.118429196521
2020-07-17 16:44:17,10.6345368716328,-27.4937903134337,-19.0737372333678,172.522337998354
2020-07-17 16:44:08,10.6507177239872,-27.4606989421299,-19.0539124792325,119.635669765942
2020-07-17 16:43:58,10.5357322396856,-27.4464171950725,-19.1646321629726,83.8361203145974
2020-07-17 16:43:49,10.5671649410313,-27.4390668556397,-19.1251892466566,84.0598566647187
2020-07-17 16:43:39,10.6347342446558,-27.4360538750189,-19.1431133197793,129.123354274524
2020-07-17 16:43:30,10.6401603843713,-27.4348718593343,-19.025596778829,87.706057410111
2020-07-17 16:43:20,10.5493674694556,-27.4208387638545,-18.9735163475821,137.802676960451
2020-07-17 16:43:11,10.7075777536166,-27.4528556624866,-19.1031253707317,136.547906078655
2020-07-17 16:43:01,10.6348555607101,-27.3877090883577,-18.9671738472144,98.8318326162029
2020-07-17 16:42:52,10.6671833479982,-27.4356404964656,-19.103152636694,157.857303219915
2020-07-17 16:42:42,10.5964757693886,-27.4882551611054,-19.1485110669563,84.4812387710775
2020-07-17 16:42:32,10.5664903788576,-27.4112607417547,-19.0974747001209,92.557011138632
2020-07-17 16:42:23,10.6113992409233,-27.4364242322197,-19.0875764304535,120.660860096447
2020-07-17 16:42:13,10.7431703726984,-27.5173175617554,-19.0681866509772,93.4542583683756
2020-07-17 16:42:04,10.6580546267948,-27.4672666554788,-19.0012936455731,139.816941957003
2020-07-17 16:41:54,10.6524581966765,-27.4695060387757,-18.9810129257453,97.8709596429869
2020-07-17 16:41:45,10.6866185647526,-27.5169073621417,-19.1667731320431,136.469979802423
2020-07-17 16:41:36,10.6331958917625,-27.5004725509407,-19.1288308631566,135.057005123975
2020-07-17 16:41:26,10.4102093977199,-27.5060222578108,-19.1124055216022,144.431973163114
2020-07-17 16:41:17,10.5972693938299,-27.4456157298854,-19.1893156806682,174.18514012312
2020-07-17 16:41:07,10.5816710925594,-27.4980170642703,-19.2473097818058,136.268774563741
2020-07-17 16:40:58,10.5766736931441,-27.4424533144447,-19.026838456801,134.232218998334
2020-07-17 16:40:49,10.6244062221025,-27.4382086636645,-19.0687915808984,92.2947409508894
2020-07-17 16:40:39,10.6143554824044,-27.4726618622166,-19.088836400092,81.940899938688
2020-07-17 16:40:30,10.5285060796919,-27.4065457202577,-19.1006956628987,159.528371123803
2020-07-17 16:40:20,10.4623957210343,-27.4095411587933,-19.0551217175369,125.530910818665
2020-07-17 16:40:11,10.666157869137,-27.4099056238538,-18.9689440621265,137.549928473054
2020-07-17 16:40:01,10.5206956081509,-27.4271543666622,-19.026145750218,100.767254935575
2020-07-17 16:39:52,10.6172656980968,-27.4341304241958,-19.1371349423538,131.930970620841
2020-07-17 16:39:43,10.5270951779072,-27.4583079958258,-19.1699939504061,87.0684622251314
2020-07-17 16:39:33,10.4688973059775,-27.3594913575998,-19.0824698619229,91.6808819002151
2020-07-17 16:39:24,10.5154213327606,-27.4077410786728,-19.0058192606768,162.707825573051
2020-07-17 16:39:14,10.6317937769632,-27.5235713366075,-19.1674546771805,154.789372431407
2020-07-17 16:39:05,10.6381893706666,-27.4466319315614,-19.166990982645,100.285417037395
2020-07-17 16:38:55,10.5416583212382,-27.4178118358975,-19.1170070650557,148.268867761052
2020-07-17 16:38:46,10.6181839850663,-27.3548408964058,-19.1870020777947,128.008169372482
2020-07-17 16:38:36,10.5417282156197,-27.3784557606538,-19.0134505342516,89.9945307655579
2020-07-17 16:38:27,10.5513697585995,-27.4469584086755,-19.1804596999842,143.769284170561
2020-07-17 16:38:17,10.5660265240794,-27.4529659590854,-19.1019065142387,95.7078140802069
2020-07-17 16:38:08,10.5034616605016,-27.4201503345366,-19.143896356245,90.012463080732
2020-07-17 16:37:58,10.5978298139957,-27.4129971586126,-19.2318486401431,101.256785905554
2020-07-17 16:37:49,10.5956711252552,-27.4554500366344,-19.1083977606288,91.7307899429569
2020-07-17 16:37:39,10.7060180251123,-27.4128087668907,-19.1139421678552,98.8213813425334
2020-07-17 16:37:30,10.6175882161231,-27.3791055787615,-19.1722029078109,131.490219838281
2020-07-17 16:37:20,10.6254632833104,-27.5275193005745,-19.2216438353474,105.195065790191
2020-07-17 16:37:11,10.6351787488522,-27.4423820291176,-19.1070510362484,157.303649405304
2020-07-17 16:37:01,10.5872310647392,-27.4798985233708,-19.1293400409621,131.084038712472
2020-07-17 16:36:52,10.6534359329197,-27.5266475673289,-19.0670183816179,129.007765108815
2020-07-17 16:36:42,10.6118882338721,-27.4870188702583,-19.078955532985,126.858904053833
2020-07-17 16:36:33,10.5743470659569,-27.4455163268388,-19.1166001425344,99.5606824778816
2020-07-17 16:36:23,10.6094389597257,-27.4422907342144,-19.0284824096436,137.724068993687
2020-07-17 16:36:14,10.641587433459,-27.4617551141712,-19.1618123905154,86.4402674437397
2020-07-17 16:36:04,10.6666517937327,-27.4490837867375,-19.1781066443953,104.45122537713
2020-07-17 16:35:55,10.6086822829073,-27.4726850766939,-19.0278002885195,131.837137650664
2020-07-17 16:35:45,10.541148798854,-27.4264616677759,-19.1763366947979,135.906531257464
2020-07-17 16:35:36,10.5526138884947,-27.5254993185284,-19.0758843581154,138.574528521416
2020-07-17 16:35:25,10.5801625699838,-27.4790551587528,-19.2214002083501,156.470127136289
2020-07-17 16:35:16,10.5683350637592,-27.4822031989827,-19.0440136510566,120.850382227596
2020-07-17 16:35:06,10.5947533998479,-27.4544636577194,-19.1662422755635,90.8419409031837
2020-07-17 16:34:56,10.6256763389232,-27.4152503580048,-19.0862029117266,110.800570642844
2020-07-17 16:34:46,10.6582964660194,-27.3258816801335,-18.9681911017305,93.365830506227
2020-07-17 16:34:37,10.6541108790377,-27.5468455331136,-19.1014528101873,116.850930699146
2020-07-17 16:34:27,10.7035490721671,-27.5389179045814,-19.0931114098446,170.387295517689
2020-07-17 16:34:17,10.536000570201,-27.3812870796796,-19.018209967626,143.662041825446
2020-07-17 16:34:08,10.57874163434,-27.501537220915,-19.1435712126752,90.2160659552191
2020-07-17 16:33:58,10.5506321348507,-27.445660028119,-18.9597993138277,129.680696976559
2020-07-17 16:33:48,10.590816915231,-27.5679092828955,-19.0379816066943,141.34423514859
2020-07-17 16:33:39,10.5909975010908,-27.5932850875828,-19.0270347291565,136.815475469138
2020-07-17 16:33:29,10.662344703696,-27.5229354226929,-18.9336783461883,135.385352739748
2020-07-17 16:33:20,10.7089207660658,-27.5529979887015,-19.0279066456965,93.1737985346647
2020-07-17 16:33:10,10.6084329567383,-27.3882306841834,-19.0531690449551,92.65179429909
2020-07-17 16:33:00,10.6737393800637,-27.394422477964,-18.9380888110222,93.7445189396178
2020-07-17 16:32:51,10.5372363666033,-27.5976868702381,-19.0558472353168,103.520695328945
2020-07-17 16:32:41,10.7662517575857,-27.4694696520497,-19.0110626686804,160.348915205515
2020-07-17 16:32:31,10.690716121749,-27.3530372008658,-19.0501104735172,105.327937079754
2020-07-17 16:32:22,10.6468262730798,-27.3984952943721,-19.095050648614,87.8525843747998
2020-07-17 16:32:12,10.6742101486709,-27.5158340299347,-19.0266658670658,95.8296626503502
2020-07-17 16:32:03,10.598631409285,-27.3054747653939,-19.0071867726481,178.24284898565
2020-07-17 16:31:53,10.5873437703641,-27.5957495127224,-19.2024577681653,101.079081307763
2020-07-17 16:31:44,10.5523933368285,-27.4226725628481,-18.9941949127397,145.067093582381
2020-07-17 16:31:34,10.7861008060263,-27.4237558559878,-19.0831827163074,158.766075542818
2020-07-17 16:31:24,10.5858035547752,-27.3830000044453,-19.1754399142795,132.173557445275
2020-07-17 16:31:15,10.7387534083577,-27.3540546511933,-19.2131634370138,125.080615399565
2020-07-17 16:31:05,10.6247501122752,-27.5048169750368,-18.933389063544,119.882379777023
2020-07-17 16:30:56,10.5932170974904,-27.3426360301484,-19.0947107323032,134.824414335321
2020-07-17 16:30:46,10.6257284434593,-27.3214990913632,-18.9993640293448,134.379501292117
2020-07-17 16:30:37,10.7120651369116,-27.4272549725751,-19.3358572061592,140.668160113899
2020-07-17 16:30:27,10.5846980197939,-27.268333803664,-19.0931310142561,134.009926528095
2020-07-17 16:30:18,11.0169095659081,-27.3824398604823,-19.0693815913439,132.04964449211
2020-07-17 16:30:08,10.7628831785845,-27.5274949626565,-19.2637890805698,134.737455707046
2020-07-17 16:29:58,10.6805146729819,-27.3228757393699,-19.331690247028,158.773985538892
2020-07-17 16:29:49,10.6196848634539,-27.4406121697897,-18.9716811101768,93.7183036366463
2020-07-17 16:29:39,10.6922744181372,-27.3134642294919,-19.1324480999119,90.4508243623772
2020-07-17 16:29:30,10.663503873427,-27.6728322623108,-19.0594654025617,93.9415965938414
2020-07-17 16:29:20,10.3882985128363,-27.4102676524689,-19.1568354076806,100.256983978536
2020-07-17 16:29:10,10.4434433111269,-27.3159142623576,-19.3519652939488,155.881100091602
2020-07-17 16:29:01,10.7819729892721,-27.4074318091111,-19.254027221653,88.8319974061369
2020-07-17 16:28:51,10.8206566492203,-27.2337772729654,-18.851773297022,91.0098815837346
2020-07-17 16:28:41,10.5840541982087,-27.5845607667138,-18.8355331879347,144.953650440671
2020-07-17 16:28:32,10.6742538650336,-27.3868043911681,-19.2772736397258,169.722385946176
2020-07-17 16:28:22,10.7345495063654,-27.2373755859003,-19.0253021419031,135.981612273719
2020-07-17 16:28:12,10.6924826904462,-27.587811544769,-19.1786798171286,129.62689032408
2020-07-17 16:28:03,10.9731877984983,-27.4959558451995,-19.3259475523016,132.212728345134
2020-07-17 16:27:53,11.0441702379968,-27.2497842589836,-19.3224208895433,133.612278571767
2020-07-17 16:27:43,10.9830031387071,-27.1247915261281,-19.1400040471151,142.507632773009
2020-07-17 16:27:33,10.5480492204593,-27.5537532903305,-19.1202631851961,118.242317953858
2020-07-17 16:27:22,10.9242653220345,-27.2569562744031,-18.8975949539111,135.348904351212
2020-07-17 16:27:12,10.7081370836134,-27.2448630236792,-18.9792071744945,91.5683747385898
2020-07-17 16:27:02,10.8402306940291,-27.3196376734066,-18.9075369102381,155.352413836431
2020-07-17 16:26:53,10.7144288858308,-27.3146166836936,-19.1488214114638,104.207167895082
2020-07-17 16:26:43,10.7386145869096,-27.4740938850643,-18.9097740108261,116.359028660252
2020-07-17 16:26:33,10.6263766823511,-27.2157160842022,-19.2875320134468,92.2637783855764
2020-07-17 16:26:24,10.991773033698,-27.4322922205927,-19.0909317861472,97.4798656023791
2020-07-17 16:26:14,10.6875801518315,-27.1099602759811,-18.9896412061533,157.934036042067
2020-07-17 16:26:05,10.5645706815844,-27.3630433992424,-19.0664713157557,160.089196731933
2020-07-17 16:25:56,10.6463993664756,-26.9708720407496,-19.0735861860097,142.691379150509
2020-07-17 16:25:46,10.560739827245,-27.2358568483691,-19.0958800766559,96.2842866675694
2020-07-17 16:25:37,10.8882963887783,-27.1716366622948,-19.1759766437022,120.271778889237
2020-07-17 16:25:27,10.7171902638212,-27.315169569763,-18.8720489680951,148.660806562138
2020-07-17 16:25:17,10.984283143936,-27.2326872740825,-19.144263021699,94.1327757733233
2020-07-17 16:25:07,10.6727889346792,-27.3306249350144,-19.0817822241905,148.088613609574
2020-07-17 16:24:58,10.8208654376116,-27.1801992565966,-19.1288392812544,86.8544466179768
2020-07-17 16:24:48,10.7789009479954,-27.0825483521017,-19.0788658986302,135.609874641348
2020-07-17 16:24:39,11.1912956515556,-27.2135206950018,-18.6965344192975,127.993069555993
2020-07-17 16:24:28,10.9216587066191,-27.5557943881684,-19.1477766376745,92.3208920181181
2020-07-17 16:24:18,10.6015687134518,-27.250873708208,-18.9659609361439,89.9280897327676
2020-07-17 16:24:08,11.2065237053142,-27.8070374986323,-18.8629863333333,126.521559691676
2020-07-17 16:23:58,10.8438537483776,-27.4347442198554,-18.7767775385869,142.553385085599
2020-07-17 16:23:48,11.0436618185737,-27.0615700171557,-18.7968921722169,94.3899563768182
2020-07-17 16:23:38,10.7530556874514,-27.2957778770604,-19.0734144347711,87.9125940385148
2020-07-17 16:23:28,10.7165447570727,-27.3390342153861,-18.9136983468981,137.030621511024
2020-07-17 16:23:18,10.8220424502058,-27.169281765224,-18.9737792968467,123.570604009581
2020-07-17 16:23:08,10.9979698422923,-27.2312644339185,-19.2930822280918,94.9554873949893
2020-07-17 16:22:58,10.7539761978744,-27.5541714270597,-19.043878806189,106.156689942859
2020-07-17 16:22:48,10.7489551111355,-27.250980058449,-19.1269192606241,136.494394697395
2020-07-17 16:22:38,10.9337204559597,-27.5542734241067,-18.8270630273226,139.854458308683
2020-07-17 16:22:28,10.8382568869732,-27.1456027998694,-18.5492120870595,95.3252213836132
2020-07-17 16:22:18,11.5830812692263,-26.8696987791103,-18.9813041473906,137.706839506597
2020-07-17 16:22:09,10.7573887062217,-26.8177585769095,-18.9708219163407,94.2697401262198
2020-07-17 16:21:59,10.9564705839133,-27.4841271241268,-18.8894956800838,90.1827607409704
2020-07-17 16:21:49,10.7290494269174,-26.9387248990149,-18.7735980149855,94.7873289000239
2020-07-17 16:21:40,11.0841284712788,-27.3077668378925,-18.7135933978279,153.634853284692
2020-07-17 16:21:30,10.8371396942984,-27.6583446631343,-18.6067220659244,132.404803343819
2020-07-17 16:21:20,11.0469409416371,-27.406889029179,-18.8437269130026,133.175468092804
2020-07-17 16:21:10,10.9775797594405,-27.1300659435663,-18.7753123456233,90.9061981490037
2020-07-17 16:21:00,11.1003650136117,-28.2219426737218,-18.375566579266,146.32934641049
2020-07-17 16:20:50,10.8564195965738,-27.176034964152,-18.7513562592634,166.370822179439
2020-07-17 16:20:40,11.3144602891946,-27.0479658272034,-18.9877720630578,137.082153771751
2020-07-17 16:20:30,10.6358385753769,-27.4128834192167,-18.6005679857714,124.312098665167
2020-07-17 16:20:21,11.0973524720868,-27.168870668952,-19.001530782999,217.868103268517
2020-07-17 16:20:11,10.663870305397,-27.1078190931844,-18.4856838206025,141.276670328896
2020-07-17 16:20:01,10.8381849586969,-27.4577953165731,-18.2719615890875,131.029246439817
2020-07-17 16:19:51,10.5352063156719,-27.71094634705,-18.3562991651943,140.951508141224
2020-07-17 16:19:41,11.1417026498604,-27.3890843749355,-18.6846138034457,96.7942997243768
2020-07-17 16:19:32,11.0712955452295,-26.7628894153064,-18.8174181316075,128.98767126005
2020-07-17 16:19:22,10.7966501921392,-27.7691903513234,-18.3896548239358,99.0645268046189
2020-07-17 16:19:12,11.5404541112873,-27.5349167298078,-18.4029951188234,153.801920062207
2020-07-17 16:19:02,11.1887266530635,-27.3049780542244,-18.272602576033,146.957200894388
2020-07-17 16:18:53,10.5250011735093,-27.2217468915855,-18.5494815816426,96.3549914645598
2020-07-17 16:18:43,10.2886159488609,-27.0795726532775,-18.7259911738763,138.928123773907
2020-07-17 16:18:33,10.9490355888102,-27.3992658882039,-18.4261504126499,90.1634122723158
2020-07-17 16:18:23,10.6861486598526,-27.1747933741462,-18.9821693444139,136.0700200243
2020-07-17 16:18:14,10.8552127118033,-26.9523744156154,-18.6529972700406,95.0732722217772
2020-07-17 16:18:04,10.766737019739,-26.6118977073478,-18.6799965361905,139.303856917128
2020-07-17 16:17:54,10.4762423979351,-26.7122327733073,-18.7538822186291,96.5747963881877
2020-07-17 16:17:44,10.5864910724541,-27.2939251250453,-18.591681382758,137.661248741664
2020-07-17 16:17:35,10.2591188558105,-27.573514460815,-18.7509298504153,126.359414250085
2020-07-17 16:17:25,10.9506708051127,-26.8245067428929,-18.7472152992462,86.9482367693524
2020-07-17 16:17:16,10.7189946579827,-27.1855526247043,-18.7656559499922,132.657465076088
2020-07-17 16:17:06,10.4806666502593,-27.1350137462414,-18.943455332582,127.730038424222
2020-07-17 16:16:56,10.9213013941229,-27.5686204418919,-18.9113936932685,134.51245614416
2020-07-17 16:16:47,10.4627593182177,-27.1510844865155,-18.9168905565347,100.934473987483
2020-07-17 16:16:37,10.6177706229813,-27.0931861011856,-18.6353094892775,93.7689597550917
2020-07-17 16:16:28,10.6893989867999,-27.2535952482533,-18.8936696446487,97.1203158059307
2020-07-17 16:16:18,10.5054942256369,-26.8919176370178,-18.6312498273762,102.397262965965
2020-07-17 16:16:08,10.1880791513153,-27.0832061104494,-18.9003608984622,126.558979511772
2020-07-17 16:15:58,10.6781389765613,-27.6513218247866,-18.448599305929,93.5966979327401
2020-07-17 16:15:48,10.5677025125865,-27.1516629156112,-18.9161635464574,154.827773827759
2020-07-17 16:15:39,10.4360385045573,-26.884719787138,-19.0807868732275,83.9910108628635
2020-07-17 16:15:29,10.5895279217693,-27.936518613927,-18.2261538022066,122.999192429208
2020-07-17 16:15:19,11.0945256711188,-26.9138474629996,-19.1843918548532,93.8301525088903
2020-07-17 16:15:10,10.7492367124143,-27.1105287825591,-18.9038847767071,152.921810864139
2020-07-17 16:15:00,10.208410822272,-26.6522641757637,-19.2940741242326,104.354630573707
2020-07-17 16:14:51,10.6815430979164,-27.0528056948322,-18.6654263057295,92.9421420284981
2020-07-17 16:14:41,10.4766396600345,-27.5111162888161,-18.4231916845047,158.79768122577
2020-07-17 16:14:31,10.319583284032,-27.354681922635,-18.5626413698064,89.7019164143419
2020-07-17 16:14:21,10.9404093789087,-26.6861891631938,-19.1868469176893,97.2193976510915
2020-07-17 16:14:12,10.7060278009545,-27.5391986952947,-19.0239365883477,128.175378232806
2020-07-17 16:14:02,10.3996904824094,-27.2045147429545,-18.972795657408,90.2929783847957
2020-07-17 16:13:52,10.7466094338057,-27.697941512544,-18.7938472123893,89.5152363101136
2020-07-17 16:13:43,10.8548884712493,-27.0044946698496,-18.8821172957742,87.7613120556144
2020-07-17 16:13:33,10.9690899916362,-27.174655478274,-19.0460953845204,118.40982171845
2020-07-17 16:13:24,11.0082745134223,-27.3938463585326,-18.6920632420938,91.927078679571
2020-07-17 16:13:14,10.6536786302555,-27.4619868791424,-18.9668153533408,98.1294069246608
2020-07-17 16:13:04,10.5886077462803,-27.1292189287287,-19.0215640966234,92.4454429607165
2020-07-17 16:12:55,10.5882263468468,-27.1889337051991,-19.3446925100152,150.147655247636
2020-07-17 16:12:46,10.4539386147264,-27.6435202022144,-19.157579554248,135.921412652778
2020-07-17 16:12:36,10.380504446148,-26.582718995753,-19.4329521689447,106.126005530029
2020-07-17 16:12:26,10.3776835524867,-27.2632981249683,-19.187318874616,128.565755665882
2020-07-17 16:12:15,10.4229960029734,-27.0457027561429,-18.9765779876491,99.5161913362233
2020-07-17 16:12:06,10.8855818189284,-27.5578100435344,-19.2539183893038,90.3993362375066
2020-07-17 16:11:57,11.1531561399014,-27.3224294566722,-19.6293498483443,144.692960352232
2020-07-17 16:11:47,10.0978215668966,-27.0593338994311,-18.8988364706046,83.4111192580215
2020-07-17 16:11:38,10.1771803708334,-27.3047538678532,-19.09266137784,137.84064248354
2020-07-17 16:11:27,10.1399317397235,-27.8244569279884,-18.4792749183231,93.6755553142206
2020-07-17 16:11:18,10.550841840281,-28.1207816359606,-19.0063648554136,92.5677755136403
2020-07-17 16:11:08,10.4939826871591,-27.6722001490582,-18.8582945121307,95.5477782044077
2020-07-17 16:10:59,10.6849491053688,-26.7759292022728,-19.6231506608819,135.392870368007
2020-07-17 16:10:49,10.5658980029764,-28.0597761388799,-19.0976311827507,90.1636354858731
2020-07-17 16:10:40,10.2376841924955,-26.082670725733,-19.0560776800805,123.842788208939
2020-07-17 16:10:31,9.67183407689702,-27.2813382232459,-18.7494618429834,117.877851044725
2020-07-17 16:10:22,10.8804436267959,-28.3206645945518,-18.7758486373286,138.491413575062
2020-07-17 16:10:12,9.86114436421285,-26.760521422782,-18.5923130704533,111.019260480296
2020-07-17 16:10:03,10.2724916900906,-27.7891700373565,-18.7207006707156,85.1474209438832
2020-07-17 16:09:54,10.4967333042646,-27.0001812546612,-19.282076244242,94.3236814730167
2020-07-17 16:09:44,10.3820669773985,-26.9928904874354,-18.7305246638783,128.733531615414
2020-07-17 16:09:34,9.45292268203535,-26.525675744254,-18.9450750539111,159.3323327
2020-07-17 16:09:23,10.2273500368617,-27.6132907457854,-19.0491950168615,101.364009570962
2020-07-17 16:09:11,10.2340876148195,-27.28658445789,-19.2364919708603,96.3076436895921
2020-07-17 16:08:58,9.79319931012111,-27.3942200372425,-19.0733649156968,134.210032047776
2020-07-17 16:08:46,10.3399775709707,-27.3957078929668,-18.3741417780667,128.848023181342
2020-07-17 16:08:35,10.066980362269,-27.4172234950562,-19.0557275124445,102.634865180975
2020-07-17 16:08:26,9.821249582737,-27.1728985156677,-18.3071408891437,88.2947596013838
2020-07-17 16:08:16,9.74095930716528,-27.768239787425,-18.1928894684768,136.151636624018
2020-07-17 16:08:05,10.0379136214981,-27.9757007074151,-18.5665548290768,113.491744878978
2020-07-17 16:07:55,10.362592553794,-27.8558772428614,-18.675632991438,161.553336381123
2020-07-17 16:07:45,9.90635275207089,-26.6339244421372,-18.8575093632977,93.6710616239655
2020-07-17 16:07:35,10.3830542964363,-27.3804545309215,-19.1681722315658,86.026560204733
2020-07-17 16:07:24,10.4173254645567,-26.5259849595621,-18.7843775501788,93.4635456807413
2020-07-17 16:07:14,9.91530296837399,-28.458570710382,-18.3474211894436,89.6234345818746
2020-07-17 16:07:04,10.6751040532635,-28.7191155408516,-18.6257770397191,175.877924790843
2020-07-17 16:06:54,10.5782871442666,-26.4447783207274,-19.7964360091778,136.199104599964
2020-07-17 16:06:43,10.8683308463943,-28.617649041233,-18.4464041784725,133.295364672991
2020-07-17 16:06:33,10.4140611444385,-26.7675718301219,-18.8254670236902,114.172375879218
2020-07-17 16:06:22,9.65596040188817,-27.5540042104237,-18.9360306204586,99.461599497504
2020-07-17 16:06:13,10.1782207333812,-27.9440786843302,-18.6286063974787,135.306036417561
2020-07-17 16:06:03,9.75733150838101,-27.1973615586325,-19.1695062590186,140.770532308786
2020-07-17 16:05:53,10.5279389779342,-27.9346244463757,-19.1827609429829,122.096160795858
2020-07-17 16:05:43,9.87703187369257,-27.6823687500372,-19.3336528134961,138.908479056841
2020-07-17 16:05:32,10.3269765464202,-27.5236958681508,-19.7132145500558,141.094590793164
2020-07-17 16:05:22,10.6731756867155,-28.025195852773,-18.6518885835663,115.030681980409
2020-07-17 16:05:11,10.0717672078262,-27.1098214502376,-19.6235346290071,151.561464180454
2020-07-17 16:05:01,9.90673167793078,-27.647005667845,-19.0678122908554,97.9708152606271
2020-07-17 16:04:51,10.6744413930178,-27.9840707770414,-18.9379061472049,134.28093762975
2020-07-17 16:04:41,10.4414454332707,-28.0264926918121,-18.5126449734621,134.825024217928
2020-07-17 16:04:31,10.2341409615097,-27.7411935875344,-18.1931256004609,213.832363987976
2020-07-17 16:04:21,10.4170929294049,-28.4203058418599,-19.0421741437494,152.720406050339
2020-07-17 16:04:11,10.7174300174941,-28.2554354199748,-18.7041645216724,142.744608534016
2020-07-17 16:04:02,9.8679277436132,-29.0006550041516,-18.4589780946999,139.83225209193
2020-07-17 16:03:52,10.5313496856123,-27.8077225203188,-19.3612899974759,93.8091668836589
2020-07-17 16:03:42,9.89500454349721,-27.7620790201946,-19.0811458697938,169.959503388761
2020-07-17 16:03:32,10.1439175125555,-27.5956649807685,-18.6413259571026,117.804438812111
2020-07-17 16:03:20,10.2851856122425,-28.7244425205968,-18.4139981994045,98.9390939742547
2020-07-17 16:03:10,10.0277682746541,-28.7395427164261,-18.3991632179144,149.869524457513
2020-07-17 16:03:00,10.8225507973998,-28.5633164171885,-18.1827851805157,124.812604373608
2020-07-17 16:02:50,10.3184308946363,-28.6628702054335,-17.880219719671,90.0676740880245
2020-07-17 16:02:41,10.0764840925696,-27.9377544469017,-18.2142249562605,162.29119790483
2020-07-17 16:02:31,10.3182543582972,-28.8156952444113,-17.6697255509356,137.682257097216
2020-07-17 16:02:21,10.8123569828152,-28.2841460800536,-19.2389538236861,154.546333877297
2020-07-17 16:02:10,10.2446881443727,-28.6764448460057,-18.5343933753822,107.877912882487
2020-07-17 16:02:01,10.3319317559095,-28.3174284611108,-18.8251612423232,97.5859170468227
2020-07-17 16:01:51,9.73531734304541,-28.0795452689837,-17.8980212536424,154.964970929845
2020-07-17 16:01:40,9.25773916864764,-28.0662268234205,-18.0421002552353,122.872798214439
2020-07-17 16:01:30,9.99288453610808,-28.214431843152,-18.5137016048889,97.7048943437986
2020-07-17 16:01:20,10.2814987526363,-27.7703095645594,-18.644658977962,145.946889184268
2020-07-17 16:01:09,9.23179728517433,-26.2236582208228,-18.633532585788,141.779612200389
2020-07-17 16:00:59,9.29178365492797,-27.2222318704186,-19.6178837705056,133.241520231607
2020-07-17 16:00:48,10.2312965909939,-27.492160288224,-19.3470559789319,119.428265597897
2020-07-17 16:00:38,10.1875205020955,-28.2403688783064,-19.3535808299901,162.532057779712
2020-07-17 16:00:28,9.8249197447828,-27.5104587394051,-18.6437746305992,100.046873339967
2020-07-17 16:00:17,9.5480871640368,-27.1262432399322,-18.4692204319104,110.50138939105
2020-07-17 16:00:07,10.4324460092716,-28.5284764202595,-20,131.00216031127
2020-07-17 15:59:57,9.65086228560346,-27.6116819063152,-19.3216698071503,165.748960583891
2020-07-17 15:59:46,9.46926079090674,-26.6759764950233,-18.8468045171743,136.564842665342
2020-07-17 15:59:36,9.69325117099487,-27.6514080229487,-19.316050814034,112.288668142778
2020-07-17 15:59:25,9.43452289291311,-27.6125718298473,-18.5983619577166,124.269738850636
2020-07-17 15:59:15,9.62305678227907,-28.1582251409353,-19.4476096728066,155.552574009062
2020-07-17 15:59:04,8.87883664036961,-27.2995041703847,-18.1044752214236,183.180180406337
2020-07-17 15:58:49,10.3938902712776,-26.4981288013213,-19.4798510085889,144.386543597251
2020-07-17 15:58:38,9.90784565584667,-27.0426824440202,-18.5991191844672,202.227123954533
2020-07-17 15:58:27,9.7316634074183,-26.8663576144174,-18.1334705694869,146.488588369226
2020-07-17 15:58:17,9.29211500952922,-27.5143455203844,-19.0456406779947,90.6817744489123
2020-07-17 15:58:07,10.1912579580218,-27.8521587111476,-18.9278028286139,96.9078137113824
2020-07-17 15:57:57,9.2669039451696,-26.9346291905467,-18.023184410764,172.005314683924
2020-07-17 15:57:47,9.8055532321303,-28.6305432020673,-17.7927394216651,96.8973220572039
2020-07-17 15:57:37,9.40578356229988,-27.1384501214717,-18.7000369945054,93.203870122517
2020-07-17 15:57:27,10.4270076568926,-26.9145830647853,-19.020737280666,149.333353654886
2020-07-17 15:57:18,9.97808004965007,-27.7596109558363,-18.8775571494395,99.1773860176284
2020-07-17 15:57:08,9.93257377051361,-28.2251626068462,-19.788243406306,132.295866645006
2020-07-17 15:56:58,10.121358489073,-28.6128592327143,-18.2422706675017,130.239456527049
2020-07-17 15:56:47,9.7130664811241,-26.6110285688247,-17.8625175724129,94.6810631453558
2020-07-17 15:56:37,10.7127622583058,-27.4180050821118,-17.8801431639442,105.822257513676
2020-07-17 15:56:27,10.4832108370032,-25.4302343094019,-18.2162679493778,148.037397576468
2020-07-17 15:56:16,8.88843271491776,-25.61480337514,-18.7148710509341,133.960830263002
2020-07-17 15:56:05,10.1980013259356,-26.3346789544111,-19.4894082135103,127.931110372902
2020-07-17 15:55:54,9.76989689756333,-27.4622622990839,-16.9070696309651,101.869895349474
2020-07-17 15:55:43,11.0023436924616,-26.7840084140174,-20,92.2355744815169
2020-07-17 15:55:31,9.64027508186798,-27.9806074637322,-17.7561245507989,91.9466706776498
2020-07-17 15:55:21,10.4592779720293,-26.8528473434348,-19.5856967664846,88.7077029539706
2020-07-17 15:55:11,10.3788516202085,-26.7144514491084,-19.3800409456223,148.385275851029
2020-07-17 15:55:00,10.1138781122568,-24.3979343836494,-18.2269134397474,125.961122955907
2020-07-17 15:54:49,9.3960681373606,-24.9270960950851,-18.8291052027839,146.619646259787
2020-07-17 15:54:39,9.75032852175575,-28.9136897309027,-17.7737781702318,96.7776804105392
2020-07-17 15:54:29,10.127559125728,-27.7835123944547,-18.5522975668431,86.4622916384806
2020-07-17 15:54:19,9.4234555199625,-24.7310123242452,-17.7535886205051,135.914978089969
2020-07-17 15:54:08,10.472980770738,-25.9488490263899,-20,131.555139034637
2020-07-17 15:53:57,10.845192835394,-29.5554221964488,-20,96.7705779243383
2020-07-17 15:53:47,10.4926552222942,-25.798456239781,-18.526138225582,93.8027675958836
2020-07-17 15:53:37,10.7421503986977,-26.1205596968753,-18.586824973841,139.707748330778
2020-07-17 15:53:27,9.9031875640659,-25.4975402757406,-20,110.307996824809
2020-07-17 15:53:17,10.4426013505145,-26.0523546076277,-19.6015487561233,170.133201766429
2020-07-17 15:53:07,9.54140117449295,-26.3747071089587,-18.238229793716,93.3080062097837
2020-07-17 15:52:57,10.6420114611111,-27.1101611984818,-19.8180216062527,81.136417936939
2020-07-17 15:52:47,10.3768672667546,-26.305793913473,-20,91.9371619343072
2020-07-17 15:52:34,11.1555338598787,-28.2386053884907,-20,145.294686141349
2020-07-17 15:52:23,11.1216298305212,-28.90302198271,-17.5740795862201,101.838073018477
2020-07-17 15:52:11,10.4891645613711,-28.8453271715959,-19.4017581764073,177.968236162154
2020-07-17 15:52:00,9.87267778030554,-27.2241801028808,-20,113.701843724254
2020-07-17 15:51:49,11.6759945002725,-25.171118708918,-20,139.318380962893
2020-07-17 15:51:39,11.5183094492497,-27.777499863754,-20,88.4367673694433
2020-07-17 15:51:29,8.55748717685605,-29.1279355669022,-18.3184456709621,103.291388343416
2020-07-17 15:51:18,9.43616985730813,-24.5364891345255,-16.4776090394768,137.937060654979
2020-07-17 15:51:08,10.1392641449982,-21.5286564644083,-20,101.0799885047
2020-07-17 15:50:58,7.70780542190096,-23.2439167662058,-18.9401727720734,152.086912064322
2020-07-17 15:50:48,11.1120165711953,-24.3281410144573,-18.0166456822584,126.013824434345
2020-07-17 15:50:38,13.6199294362025,-27.5192792755614,-19.0038772376284,155.151208708753
2020-07-17 15:50:27,11.9291648089764,-24.8523541410258,-19.0935499213653,140.548388948265
2020-07-17 15:50:17,12.5508989938111,-26.2700335393079,-19.0887100823211,132.679980145848
2020-07-17 15:50:07,11.1243942388906,-33.8762117418915,-18.5152621516318,114.427314507567
2020-07-17 15:49:57,13.4700846746873,-30.5423160066114,-18.7466199814597,149.111765719478
2020-07-17 15:49:47,10.9742148436079,-24.7991901603356,-20,85.3370014165231
2020-07-17 15:49:37,10.8742138914779,-29.0232106863679,-16.35666381701,153.521689155722
2020-07-17 15:49:27,8.71266343193525,-25.996929501162,-17.3149807119108,91.7717478210261
2020-07-17 15:49:18,12.9621668785172,-21.1487868434864,-20,185.928885087973
2020-07-17 15:49:08,9.76469623298194,-29.3775543331031,-16.8435928972183,102.417965600063
2020-07-17 15:48:59,11.5384319964328,-25.8851584595552,-19.678585039905,90.0696777823866
2020-07-17 15:48:49,10.4703155607586,-23.9897264312766,-17.4946041512645,113.210875146246
2020-07-17 15:48:40,12.8262428842784,-20.8403004441343,-19.4718987975617,159.322446505293
2020-07-17 15:48:30,10.8824052246405,-24.78425859971,-17.5958321396424,148.569212794098
2020-07-17 15:48:21,13.8055467371732,-29.7037048331326,-17.3231514941709,147.09165906117
2020-07-17 15:48:12,8.89207352654466,-29.3024168248901,-15.7731303672854,118.026575071429
2020-07-17 15:48:02,10.3948905689977,-31.9584958827539,-10.9480173385924,121.615715416069
2020-07-17 15:47:53,11.3514127572519,-30.047457335527,-16.743176592901,169.90995286673
2020-07-17 15:47:44,8.4302088922517,-35.7369653929553,-11.2723753604114,158.388622361982
2020-07-17 15:47:35,9.16086781317434,-34.3972167026569,-20,159.461393183685
2020-07-17 15:47:25,9.15014289053705,-29.8625459251757,-17.7886094861663,98.9473757821778
2020-07-17 15:47:16,11.1672116865843,-24.4273443224103,-19.0252258241338,88.0410308403882
2020-07-17 15:47:06,9.19407314077953,-29.8562029460045,-16.4857231247033,131.60723932514
2020-07-17 15:46:57,8.02251559063775,-29.1687702427438,-11.3536467787081,96.6664947887918
2020-07-17 15:46:48,8.4487536148821,-31.025375468503,-17.4895891072045,142.34943567011
2020-07-17 15:46:38,10.0668380245415,-26.0482838962475,-19.721525512232,85.2502048732555
2020-07-17 15:46:29,5.44418177684891,-33.5215696842135,-18.3685977814865,118.353087789394
2020-07-17 15:46:20,12.5036522503921,-28.5354488583954,-20,160.323970558056
2020-07-17 15:46:10,10.6861617675893,-29.1993489723699,-14.5112284867474,136.761874077042
2020-07-17 15:46:01,8.02975081639654,-22.5492961533165,-15.3781014261094,137.718588994832
2020-07-17 15:45:52,5.52411849573325,-25.5211277934477,-19.0092281485251,125.009662708015
2020-07-17 15:45:42,9.54365403326129,-37.9647465581442,-14.6269710256403,126.359974857513
2020-07-17 15:45:30,8.81023329663604,-20.6903413110401,-20,147.89999286043
2020-07-17 15:45:20,11.4690770486273,-20.4611944576426,-19.2882281106252,117.33705310271
2020-07-17 15:45:10,7.28274146404708,-30.4854217834867,-19.104618258571,107.758744699039
2020-07-17 15:44:59,9.7918567402275,-31.1304998316371,-12.4305214282502,87.299350741316
2020-07-17 15:44:49,11.3351703219255,-30.7528576169699,-13.7686133264914,136.606359275165
2020-07-17 15:44:40,9.31977238622812,-22.0180274122065,-14.8015162628161,163.753193734339
2020-07-17 15:44:30,7.31762323652941,-25.952743598979,-20,90.4506959424051
2020-07-17 15:44:20,4.77349782277636,-31.6658706212412,-14.6451080097182,140.318064174853
2020-07-17 15:44:09,2.35756107079385,-22.7720583895505,-16.3811884059843,197.585824758622
2020-07-17 15:43:58,8.64116112046829,-25.3817155787742,-16.1994104602282,93.4147261694949
2020-07-17 15:43:48,8.71463703028397,-31.5828986890763,-13.2048262754381,124.682583431258
2020-07-17 15:43:38,1.38413279732495,-22.549741699764,-16.1749202795045,119.462310264624
2020-07-17 15:43:28,9.58395465832273,-31.2404119396583,-14.9782286083863,116.978341688798
2020-07-17 15:43:17,7.29885578021887,-27.2341804852895,-17.8557817137556,84.4454494140855
2020-07-17 15:43:07,10.0670126455613,-33.3777898922884,-18.3610516416511,169.895414485809
2020-07-17 15:42:57,9.08134379580276,-29.7947241417805,-16.6974731506508,181.685596928802
2020-07-17 15:42:47,5.0065804719041,-15,-16.2539251922281,214.732126912695
2020-07-17 15:42:37,3.39593099589962,-20.8255270852548,-15.2647216689949,117.821927584746
2020-07-17 15:42:27,4.46437764468843,-28.155260139278,-15.9391283847096,151.167944595193
2020-07-17 15:42:18,15,-15,-20,197.227692142554
2020-07-17 15:42:07,4.64801407456074,-24.9327162593334,-20,123.1543528235
2020-07-17 15:41:58,11.2459944913738,-34.3540720177257,-14.2436585927134,151.794371548583
2020-07-17 15:41:48,5.18082972686802,-18.6037258086198,-15.7974784189026,145.921140926939
2020-07-17 15:41:37,15,-36.0782223730326,-19.6195060999261,151.8754954572
2020-07-17 15:41:27,7.77605958277751,-30.758840747353,-11.7550286448331,131.895326126517
2020-07-17 15:41:17,1.82772109264519,-15,-10.6580204811602,227.695922940967
2020-07-17 15:41:07,9.12461329924257,-27.9445557059111,-20,125.482781788558
2020-07-17 15:40:56,7.82599139749983,-28.4826554366648,-16.1455796747669,153.725553133852
2020-07-17 15:40:46,4.69903332591167,-31.4432817506397,-10.4846853619903,132.480526734886
2020-07-17 15:40:36,11.8340553906046,-19.8493112622513,-11.5965844793244,127.647424819425
2020-07-17 15:40:26,7.01311389912775,-38.3660930207068,-10.0006798873336,134.735219250406
2020-07-17 15:40:16,8.46538571666543,-20.4624219988163,-8.44856236465937,135.17407490185
2020-07-17 15:40:06,5.39445167510502,-29.6563223179062,-12.8248187226591,105.482711842411
2020-07-17 15:39:56,1.03884167760644,-31.7832380862549,-20,150.27228721073
2020-07-17 15:39:46,3.51836998638138,-27.074541894951,-13.5891171254469,141.960606702416
2020-07-17 15:39:33,6.98538343101811,-25.0406201761496,-10.2373306031158,103.787942977369
2020-07-17 15:39:23,3.35372216796756,-15,-19.434661861163,146.113447234578
2020-07-17 15:39:12,1.20632232930808,-15,-13.250856686206,201.376170963418
2020-07-17 15:39:02,1,-31.778267300663,-14.3942307993299,129.204510308777
2020-07-17 15:38:52,3.49442211878768,-27.9886204351948,-10.8999310980331,108.190773432221
2020-07-17 15:38:42,9.52905008718232,-36.3317890720728,-11.0125672510989,168.605335031954
2020-07-17 15:38:31,1,-60,-15.3698514417965,191.964270557897
2020-07-17 15:38:21,1,-27.4045695799588,-20,154.992846127232
2020-07-17 15:38:11,1,-17.6932493538371,-20,220.133296519543
2020-07-17 15:38:01,5.05481810393894,-15,-10.857574233773,209.29134759839
2020-07-17 15:37:51,1,-24.3610537937882,-14.8783106350751,160.134230871492
2020-07-17 15:37:41,1,-15.6841255788669,-7.70961461750248,198.942780930056
2020-07-17 15:37:31,13.8502924066005,-44.283289901196,-10.2818423527882,171.328209556683
2020-07-17 15:37:21,4.03668712051602,-31.9881260876125,-15.3108139514195,120.561715290718
2020-07-17 15:37:11,5.30015396217375,-23.926013208274,-10.6073247803072,114.595419978651
2020-07-17 15:37:00,11.0387133124313,-24.3712387279465,-5.61688599245213,130.439609282186
2020-07-17 15:36:50,1,-19.4101180415448,-20,110.157540059073
2020-07-17 15:36:40,8.58500014857649,-49.9049731142163,-8.67339098311135,152.747876584174
2020-07-17 15:36:30,7.02302231420376,-22.7419490453322,-11.7916072528937,169.219003454376
2020-07-17 15:36:20,1,-30.6769198831997,-11.9453505506223,111.560917701275
2020-07-17 15:36:09,11.7467958726392,-26.9091626527155,-11.1560448718028,79.930986491219
2020-07-17 15:35:58,5.88162469166429,-48.6056637299599,-9.17383629474871,177.614077768051
2020-07-17 15:35:49,14.3252370544029,-23.2258401749635,-20,156.896708414764
2020-07-17 15:35:38,1,-15,-12.9227391546402,174.855273913777
2020-07-17 15:35:28,12.3795167027237,-50.8104928165063,-20,166.201189267191
2020-07-17 15:35:18,1,-40.1597344126512,-20,146.180791641469
2020-07-17 15:35:06,1,-25.6502822855643,-6.68131886231061,209.680032607951
2020-07-17 15:34:56,1,-15,-20,159.71095845185
2020-07-17 15:34:47,5.90228927316459,-15,-5.82080915222889,209.717440023619
2020-07-17 15:34:36,1,-20.629821726254,-12.1406815514573,153.141007622519
2020-07-17 15:34:25,3.23006149823419,-15.0646951128431,-10.6114630566057,202.617233969374
2020-07-17 15:34:13,11.8649719639073,-31.2903970849214,-20,108.136384255927
2020-07-17 15:34:03,8.83444216198221,-15,-8.79519694113293,228.594824535866
2020-07-17 15:33:52,1,-23.1317928987008,-10.3884343255796,145.598019448468
2020-07-17 15:33:42,1,-18.9726854660775,-18.7817811251827,131.762793731873
2020-07-17 15:33:32,1,-33.4010940874189,-1,172.25073672734
2020-07-17 15:33:20,1,-15,-1,194.832158753223
2020-07-17 15:33:10,7.16868381583414,-19.5863034903425,-4.62328429132688,140.037506031663
2020-07-17 15:32:59,11.5641864872941,-19.2014127426549,-5.63970831323316,225.289595891934
