DateTime,Fsed_amm,Fsed_amm.1,Ksed_amm,RMSE
2020-06-29 09:56:27,1.1735590979053,1.11425586302398,29.4934688339129,7.48099080404169
2020-06-29 09:56:14,1.1735590979053,1.11425586302398,29.4934688339129,7.48099080404169
2020-06-29 09:56:00,1.15885478924418,1.10734088644249,29.5404777558526,7.62051575598826
2020-06-29 09:55:49,1.15605603118108,1.09213044684341,29.3518947957712,7.6920089771942
2020-06-29 09:55:38,1.1735590979053,1.11425586302398,29.4934688339129,7.48099080404169
2020-06-29 09:55:27,1.15387080832325,1.08420311938336,29.3965178281392,7.49522370064375
2020-06-29 09:55:16,1.1040733510514,1.11155992405887,29.3634252313379,7.65608715425749
2020-06-29 09:55:05,1.14690827421769,1.11185864892136,29.4282115752385,7.53638203890672
2020-06-29 09:54:54,1.16726811062522,1.09669113680147,29.4911105659273,7.69372471501207
2020-06-29 09:54:43,1.12214155624279,1.17501332197988,29.4023330556728,7.53996824905284
2020-06-29 09:54:32,1.17357293899048,1.11615008479771,29.492334955988,7.57817076325461
2020-06-29 09:54:21,1.11739145181143,1.1064184670196,29.4821325571243,7.51971284291017
2020-06-29 09:54:10,1.13388587863639,1.15401112924335,29.26714990328,7.50839186618534
2020-06-29 09:53:59,1.14965118428644,1.13936961392526,29.4136209723712,7.60719686349668
2020-06-29 09:53:48,1.19031139547884,1.14979327394373,29.4833797391383,7.64219565430771
2020-06-29 09:53:37,1.16356394153731,1.07278881414387,29.5215722375791,7.49359961039606
2020-06-29 09:53:25,1.1478006586883,1.13364033799415,29.3780174960602,7.31357345097452
2020-06-29 09:53:14,1.13527760365268,1.12652748994505,29.6676389199174,7.68649441033348
2020-06-29 09:53:04,1.12067960788316,1.1346085668295,29.32137706106,7.58833396113522
2020-06-29 09:52:53,1.12677615947826,1.13398610530243,29.3669507250797,7.57165830874809
2020-06-29 09:52:41,1.17315131357852,1.11969555280486,29.6219565655601,7.50337027191307
2020-06-29 09:52:31,1.17813462430946,1.08871847121447,29.389864529192,7.68050137224283
2020-06-29 09:52:20,1.12315421341128,1.13667727250814,29.3623694572001,7.63714195883743
2020-06-29 09:52:09,1.12919218960672,1.12974358627532,29.3087476270213,7.49100572222515
2020-06-29 09:51:58,1.14905651479276,1.12499241574629,29.502269760821,7.58775134750322
2020-06-29 09:51:48,1.10103684444907,1.11211270938182,29.483632313291,7.51984346556618
2020-06-29 09:51:37,1.14198998434185,1.09804539028227,29.4836970612948,7.41364975150031
2020-06-29 09:51:26,1.11514078676254,1.1110700980934,29.4146482271823,7.60556102998829
2020-06-29 09:51:15,1.13313630297191,1.09927340795119,29.4611535246733,7.64009806542107
2020-06-29 09:51:04,1.14002353036553,1.12226456692537,29.4294810439854,7.23379135188921
2020-06-29 09:50:53,1.13035050960825,1.11087238688323,29.3467934536262,7.66857085682588
2020-06-29 09:50:42,1.17797970316249,1.10741824620275,29.4808362962622,7.5539650609361
2020-06-29 09:50:31,1.11833731122647,1.13445131810586,29.5815367579235,7.22206471467188
2020-06-29 09:50:20,1.15504707573097,1.14397247603852,29.4360384555009,7.43175000085537
2020-06-29 09:50:08,1.15852932414072,1.13535606205236,29.5822400926435,7.57111779203222
2020-06-29 09:49:57,1.16562811638526,1.09590842573473,29.5405462481947,7.41255880647414
2020-06-29 09:49:45,1.14758883732173,1.11895479524571,29.3095350741456,7.41025745675067
2020-06-29 09:49:34,1.1256281694985,1.13180244719561,29.691718987972,7.63529043178306
2020-06-29 09:49:23,1.1310429461502,1.11880591403348,29.6572981964674,7.60262687493177
2020-06-29 09:49:12,1.10146543849684,1.10378812972915,29.4670572751469,7.603416137764
2020-06-29 09:49:02,1.12708198769785,1.15053076797224,29.7297310388894,7.68970800761765
2020-06-29 09:48:51,1.14611444102095,1.09721240593888,29.607610478138,7.41098973591926
2020-06-29 09:48:40,1.18478685641895,1.1313324629204,29.5696562191099,7.624549963635
2020-06-29 09:48:29,1.16493754560663,1.14723526249054,29.4211985449259,7.56777473248921
2020-06-29 09:48:18,1.12466502073914,1.11982248048876,29.8957334376283,7.58660832006477
2020-06-29 09:48:07,1.15517653424349,1.11067205767579,29.6460105421213,7.15697269162112
2020-06-29 09:47:56,1.11347591267647,1.12399763482299,29.5275323728413,7.53839057316721
2020-06-29 09:47:45,1.15259930614683,1.10014094811738,29.7035732497803,7.46129807647188
2020-06-29 09:47:34,1.11657630097834,1.12283383100575,29.574233112779,7.51866159584652
2020-06-29 09:47:23,1.0987339421334,1.14175919054809,29.4261642290377,7.21201329576348
2020-06-29 09:47:12,1.13030633169283,1.08608223674903,29.7191427933821,7.55120846412844
2020-06-29 09:47:02,1.10358073462679,1.144911864766,29.6554633300565,7.71142347842271
2020-06-29 09:46:51,1.062995361499,1.15216497975142,29.4123505940578,7.67547547411798
2020-06-29 09:46:40,1.1073711344585,1.11695383495019,29.4089642817904,7.61524037958898
2020-06-29 09:46:29,1.18222429626661,1.16931937674895,29.7219673884674,7.62705521857879
2020-06-29 09:46:19,1.10744788895471,1.12282479744427,29.5439174714757,7.60231523156114
2020-06-29 09:46:07,1.10744222373795,1.13799733167128,29.6816139393956,7.54926558592427
2020-06-29 09:45:56,1.15207607524885,1.11208913480707,29.7491026527462,7.5935018599815
2020-06-29 09:45:45,1.11181553415767,1.13655248794459,29.7062042800682,7.43431575747371
2020-06-29 09:45:34,1.11996523769218,1.12424941545461,29.7804044278614,7.60220291677734
2020-06-29 09:45:24,1.11245492728053,1.12104125582539,29.8197743182587,7.65521966228824
2020-06-29 09:45:13,1.0819141085346,1.08477047599602,29.9244193681742,7.70182718395666
2020-06-29 09:45:02,1.12643186336715,1.11564196875842,29.849793697509,7.67774119624543
2020-06-29 09:44:51,1.09921393149187,1.12099354567376,29.4416120218158,7.74036743257511
2020-06-29 09:44:41,1.08283610949836,1.1579830921055,29.2682288176471,7.52048746513719
2020-06-29 09:44:30,1.10986971028792,1.10898430061343,29.7206556149238,7.61379174185095
2020-06-29 09:44:19,1.11968767579592,1.12256252397332,29.4072224750853,7.65843572546808
2020-06-29 09:44:08,1.09181358806518,1.11271118615309,29.6504316837856,7.45931737549515
2020-06-29 09:43:57,1.12096921441762,1.10271765450224,29.652200768209,7.62518399965878
2020-06-29 09:43:46,1.099156021799,1.12087200105049,29.9403866707209,7.66783884947095
2020-06-29 09:43:35,1.10931173741798,1.14902572792373,29.783575410814,7.61762330205536
2020-06-29 09:43:24,1.13808135430362,1.03638981107407,30,7.66404160931932
2020-06-29 09:43:13,1.15210895291577,1.12915435860953,29.6225083738403,7.53815162110763
2020-06-29 09:43:02,1.11863107055899,1.10265152654932,29.7288501444194,7.63578407733675
2020-06-29 09:42:52,1.19342517373856,1.15796068497666,29.9311888607069,7.54414901278781
2020-06-29 09:42:41,1.16464123927702,1.13487550646251,29.9169969572434,7.37667675061905
2020-06-29 09:42:30,1.16206183584398,1.13677132583422,30,7.57540035815545
2020-06-29 09:42:19,1.19714378657776,1.16754864112583,30,7.54400041274582
2020-06-29 09:42:09,1.08811725420737,1.10971751198567,29.5130176868749,7.2488356303617
2020-06-29 09:41:58,1.18641016453435,1.10182842481004,29.8544753571627,7.72257626729615
2020-06-29 09:41:47,1.10550366767531,1.08294997231967,29.3700175843012,7.55734043326587
2020-06-29 09:41:36,1.19954703534071,1.03629967360505,29.9608791280241,7.68804830223604
2020-06-29 09:41:26,1.14129498588186,1.09257170959855,29.8356645357736,7.60234409016319
2020-06-29 09:41:15,1.08453128418375,1.10931018530203,29.7452820991255,7.66433648269392
2020-06-29 09:41:04,1.15215647522669,1.14384939268639,29.7699233424231,7.53074659339691
2020-06-29 09:40:52,1.1448509673632,1.10594325518575,29.7009247992166,7.63249514881798
2020-06-29 09:40:41,1.1270301119617,1.04807413771064,29.8091585740302,7.56934602493366
2020-06-29 09:40:30,1.12474422310283,1.07583515775573,29.4803527734317,7.59329432028393
2020-06-29 09:40:19,1.15690782705867,1.11688955225947,29.7146445723817,7.52367183219725
2020-06-29 09:40:08,1.12551285629132,1.05492828319518,30,7.6627959753122
2020-06-29 09:39:57,1.1310086711551,1.06034550422088,29.9500828102758,7.558968364812
2020-06-29 09:39:46,1.10849493095705,1.11694380699384,29.9934070427915,7.6943617823429
2020-06-29 09:39:35,1.07937559626282,1.07364117937484,30,7.58129060486949
2020-06-29 09:39:24,1.09644786668295,1.09138879585832,29.6143413459823,7.62951051613461
2020-06-29 09:39:13,1.14586552221524,1.07459830234005,29.8121133201117,7.56867467464272
2020-06-29 09:39:02,1.15630403962487,1.0849163292235,30,7.45205406502369
2020-06-29 09:38:52,1.12403412631723,1.08507999109479,29.8654764080653,7.29219435450298
2020-06-29 09:38:41,1.12188690329831,1.14767779164863,29.5449115304927,7.68252785115421
2020-06-29 09:38:30,1.07720399348279,1.0641535465188,30,7.43996128810515
2020-06-29 09:38:19,1.14841114524232,1.0570076954523,29.8224836101775,7.65684133363336
2020-06-29 09:38:08,1.07598037062349,1.04065518893653,29.494641301496,7.70592428156696
2020-06-29 09:37:57,1.19151056017977,1.1198509807882,29.9999863712838,7.68941706882867
2020-06-29 09:37:47,1.05755233884022,1.1073647061387,29.6621389422429,7.59996299762401
2020-06-29 09:37:36,1.15715082148948,1.10317394978182,29.8537457831501,7.56660931652262
2020-06-29 09:37:24,1.1301484935939,1.08724882833403,29.8019998659046,7.67673071161581
2020-06-29 09:37:12,1.17289888837733,1.09201704952107,30,7.68215295576022
2020-06-29 09:37:01,1.0947488075179,1.16179049354626,29.1295047170668,7.6372273822444
2020-06-29 09:36:49,1.12999446563754,1.08342017015216,29.6132300866575,7.64184962451959
2020-06-29 09:36:37,1.07936665950964,1.0956364760831,29.1123359450682,7.34015445585178
2020-06-29 09:36:26,1.09957373449755,1.15897159329151,29.6512513045296,7.62824906852731
2020-06-29 09:36:16,1.09258068388588,1.1863998054928,29.5316997277442,7.6442682903643
2020-06-29 09:36:05,1.07652710972996,1.20727685573441,29.0270766435198,7.6467649858783
2020-06-29 09:35:55,1.04364770736316,1.12522072239763,29.3749391781116,7.74860801703794
2020-06-29 09:35:44,1.11456795402795,1.06660388891964,29.689851219476,7.21780219516068
2020-06-29 09:35:33,1.10178234507682,1.26003918359461,29.1838404976516,7.52082752928246
2020-06-29 09:35:22,1.08536372651474,1.06582083021313,28.9831458549707,7.52277869027874
2020-06-29 09:35:11,1.13125872277265,1.17943049851585,28.7049141325659,7.67957993551913
2020-06-29 09:35:00,1.11971477781454,1.07394785199779,28.9089398026731,7.60209542450559
2020-06-29 09:34:49,1.0408662992711,1.07799531009069,29.1711050379716,7.54379025635289
2020-06-29 09:34:37,1.10648583017147,1.05702506769311,28.6403309737723,7.566016876393
2020-06-29 09:34:26,1.06373305511307,1.06430694582409,29.6782514348699,7.48286141631911
2020-06-29 09:34:15,1.04034225573699,1.19134239496722,29.0598775092372,7.58712752316781
2020-06-29 09:34:03,1.05014699668152,1.11698554779046,29.0459244297384,7.61969180351138
2020-06-29 09:33:52,1.09616578830632,1.11748636076127,28.8956455192513,7.43958412241841
2020-06-29 09:33:40,1,1.09566123237263,28.8357446748613,7.60806737711773
2020-06-29 09:33:29,1.06193892506248,1.04384099393482,29.2017085372869,7.50246075532868
2020-06-29 09:33:17,1.03546143092476,1.08731113462717,29.1767154034595,7.50065711607529
2020-06-29 09:33:04,1.0908186646725,1.11783647069792,29.4470287073531,7.62361472352865
2020-06-29 09:32:53,1.07773103918761,1.12440208055477,29.1666905292014,7.34324109639459
2020-06-29 09:32:42,1.07368106635626,1.30109635553994,28.9922972988007,7.70855017805486
2020-06-29 09:32:31,1.03361200098061,1.15375284703583,28.9602074586816,7.58612439090987
2020-06-29 09:32:20,1,1.19084785119899,28.7859468501674,7.64416370959617
2020-06-29 09:32:08,1,1.22463848598384,28.968255349804,7.66359542882123
2020-06-29 09:31:57,1.13380167952062,1.19773629747239,29.1862765139341,7.62002244676463
2020-06-29 09:31:44,1.07903641838371,1.12204051675092,29.429940297836,7.55058019755088
2020-06-29 09:31:31,1.10258039595949,1.19242416269295,29.2753974097996,7.50438780405083
2020-06-29 09:31:17,1,1.10293076767643,28.1993016189335,7.5890764205901
2020-06-29 09:31:05,1,1.10727252117039,29.4872851607988,7.66147061332829
2020-06-29 09:30:53,1.13962102213333,1.13207380951831,29.8137177539002,7.63369849124167
2020-06-29 09:30:39,1.02034972904171,1.1517648261044,29.0062985750312,7.6131862853148
2020-06-29 09:30:26,1,1.05991121978313,28.9557302816631,7.64331836844088
2020-06-29 09:30:12,1.02513178115604,1.14361505595713,29.1911954082072,7.54694249147286
2020-06-29 09:29:59,1.08560772366902,1.21442914394801,29.3209600066099,7.60740815590318
2020-06-29 09:29:48,1,1.0820570232057,28.5964349950203,7.56998065392939
2020-06-29 09:29:35,1.00966732856695,1,29.176453375668,7.61697263652737
2020-06-29 09:29:24,1,1.12558983726331,29.3966341002623,7.51521485586543
2020-06-29 09:29:12,1,1.09320184174583,29.4298767703521,7.48918249476747
2020-06-29 09:29:01,1,1.1409848679384,28.9386043660993,7.34996020868952
2020-06-29 09:28:50,1.08445272694166,1.00262936718448,29.4278185605703,7.58656699774847
2020-06-29 09:28:39,1.16093322308674,1.06638071549579,29.6920886916886,7.70019358525795
2020-06-29 09:28:27,1.12652085993545,1.0421709805633,29.905938504276,7.63204362421242
2020-06-29 09:28:17,1,1.15119197526765,29.0343007242857,7.45029979744397
2020-06-29 09:28:06,1.1167424980841,1.13289991421408,29.2750298800922,7.65814650042889
2020-06-29 09:27:55,1,1.13011719406323,29.1638369439889,7.63073575344375
2020-06-29 09:27:44,1.21802441388407,1.06083224056718,29.9186762493954,7.63325432862685
2020-06-29 09:27:33,1.0564097715957,1.13678826786595,29.3865407614429,7.64862237349239
2020-06-29 09:27:22,1.04058181203457,1.09243030504327,29.6285990229587,7.46070842029154
2020-06-29 09:27:11,1.0915517224287,1.08924830103805,29.8946231129398,7.60679000307826
2020-06-29 09:27:00,1.1212270639512,1.22949015877002,30,7.54256784715905
2020-06-29 09:26:50,1.20091698716163,1.05263522518999,29.3462135812626,7.26734053446626
2020-06-29 09:26:39,1.07033229135169,1.06247923134128,29.4223387921529,7.2257846464606
2020-06-29 09:26:28,1.14363496328526,1.07128804072779,29.7624413346591,7.5111767467584
2020-06-29 09:26:17,1.26555375903026,1.25378693495255,29.4338875288039,7.60717982489983
2020-06-29 09:26:06,1.27440940396606,1.19628592884684,29.3018238763142,7.7579379336289
2020-06-29 09:25:55,1.09853118956144,1.0213793366673,29.3808934056642,7.59263827222783
2020-06-29 09:25:45,1.22465362203784,1.24755489145371,29.3837437332717,7.66346089620323
2020-06-29 09:25:34,1.12841216077631,1.14903052539997,29.8075498325988,7.61967684540724
2020-06-29 09:25:23,1.16271257415523,1.19024128275,29.2019187195954,7.6276347148022
2020-06-29 09:25:12,1.14563555716537,1.1716068268803,28.7905697175535,7.68096136920386
2020-06-29 09:25:01,1.11673799115078,1.17965318139394,29.0416323590424,7.68676040244429
2020-06-29 09:24:50,1.11428554320847,1.14867942593088,29.2287087488943,7.56147559569379
2020-06-29 09:24:39,1.07607979933881,1.19564121689472,29.4374045096814,7.45026250462791
2020-06-29 09:24:29,1.07261534879155,1.16010292966542,29.2134353194817,7.60783514649402
2020-06-29 09:24:17,1.14753970654897,1.11416249201072,29.1093316263341,7.51143258413642
2020-06-29 09:24:07,1,1.08739863274037,29.2621988388394,7.60602193677635
2020-06-29 09:23:56,1.10353615578364,1.06017270044179,29.5545720710294,7.6451306435846
2020-06-29 09:23:45,1.18260533097565,1.17219451239037,29.4100288607924,7.45773202391879
2020-06-29 09:23:34,1.09883532628893,1.1892022177624,28.9592998048067,7.66144474666314
2020-06-29 09:23:23,1.07081745968864,1.14118890071459,29.0762750492149,7.60095405627524
2020-06-29 09:23:11,1.05796669183974,1.16833808417371,28.8597732045289,7.65115472805865
2020-06-29 09:22:59,1.07227780228946,1.13245596631388,29.0364534654234,7.68680216532462
2020-06-29 09:22:48,1.1145219393882,1.19567095257668,28.9149148629346,7.75114965200517
2020-06-29 09:22:35,1.05994977915466,1.15072364402751,29.2684470222648,7.58294787706454
2020-06-29 09:22:24,1.06210677861471,1.10570004477537,29.3260189232482,7.47751138556662
2020-06-29 09:22:11,1.09095663011001,1.19181060516705,29.0551094775402,7.49637906578285
2020-06-29 09:22:00,1.1006781005204,1.11719426714736,28.833572001513,7.51437492881828
2020-06-29 09:21:49,1.0478945681358,1.09612512063016,29.1321894057908,7.54301948730184
2020-06-29 09:21:38,1.00198414172621,1.09932034455508,29.0334794937278,7.65337324405835
2020-06-29 09:21:27,1.04619485988982,1.12395979340563,29.1497209868261,7.60815572447787
2020-06-29 09:21:16,1.01143427757544,1.0966050243804,29.075869298124,7.69410905399928
2020-06-29 09:21:06,1.05539505833647,1.15995227212716,29.2737444298122,7.69876309571539
2020-06-29 09:20:55,1.03178111813718,1.18527900275508,28.9906868717881,7.70111128293127
2020-06-29 09:20:44,1,1.08802247310097,28.9951257544828,7.53052933233642
2020-06-29 09:20:33,1.0354517621089,1.06556310615146,28.9412924484795,7.6094330898101
2020-06-29 09:20:23,1.12558573714138,1.12807239303495,29.2594803232513,7.66355848732231
2020-06-29 09:20:12,1.05432268883881,1.18596801654393,28.8910759111566,7.57081058512962
2020-06-29 09:20:01,1.03179819630572,1.12557888556021,28.7665114289621,7.57795134491087
2020-06-29 09:19:51,1.06534891198724,1.12347385384424,29.1229824718184,7.33639465870613
2020-06-29 09:19:40,1,1.11512645988955,28.9270523696304,7.45844658876336
2020-06-29 09:19:29,1.02580031738957,1.07665798139521,29.0022977065966,7.4860692608388
2020-06-29 09:19:18,1.07691222614056,1.16022961387168,29.2452899543997,7.63132353594905
2020-06-29 09:19:07,1.05146844590336,1.12304561103494,29.1765427461319,7.59636047357554
2020-06-29 09:18:57,1.07015003987964,1.21132489128237,29.0218606339838,7.63297994961197
2020-06-29 09:18:46,1,1.1210510090199,29.196179304726,7.48425022826893
2020-06-29 09:18:35,1.06021587369393,1.10083360492408,29.0867736358056,7.7298014581605
2020-06-29 09:18:24,1.12644038947518,1.15181337529631,28.8199210934182,7.57563998925368
2020-06-29 09:18:11,1.06046002304407,1.14038194406881,29.1812987008076,7.46591939420962
2020-06-29 09:17:59,1.11543996473033,1.12822772840193,28.817080842168,7.6414858185199
2020-06-29 09:17:46,1.05182680688617,1.16418505771687,29.2590024515517,7.47867540192742
2020-06-29 09:17:35,1.13050324596099,1.18074373972414,28.7065632820231,7.66214147475103
2020-06-29 09:17:24,1.05271212717589,1.13221829614991,28.9576321417296,7.6234863585913
2020-06-29 09:17:13,1.15112774714861,1.04183371060122,29.0276549990396,7.58419920227362
2020-06-29 09:17:01,1.05977694196968,1.24293790311308,29.2211245814912,7.63239789585198
2020-06-29 09:16:49,1.05778161755567,1.11542598369346,29.0153186234408,7.61626960126788
2020-06-29 09:16:37,1.0274775863127,1.20505487064744,28.9099490492764,7.63463948841959
2020-06-29 09:16:25,1,1.06135498123443,28.6028388365428,7.6079717543074
2020-06-29 09:16:14,1.06557857543717,1.13643462863423,29.1973385943785,7.55813873390959
2020-06-29 09:16:02,1.03510128899753,1.18046551849958,28.6246618173037,7.60610670879594
2020-06-29 09:15:50,1.14708894617206,1.1510575052578,28.6483080312746,7.67195272675034
2020-06-29 09:15:38,1.08442948336489,1.17793001364328,28.506120865267,7.51474498501538
2020-06-29 09:15:27,1.05544191833984,1.21814072635594,28.8676207952243,7.54990477882988
2020-06-29 09:15:15,1.06771355123903,1.2099777622877,28.9004117835327,7.58856009117149
2020-06-29 09:15:02,1.06447691953223,1.11476727198779,29.3126123432527,7.41990132899043
2020-06-29 09:14:50,1.10325831923995,1.19172986647026,28.7512750721802,7.61917613811945
2020-06-29 09:14:38,1,1.07700659259831,28.8860354139623,7.59243832171487
2020-06-29 09:14:27,1.06699253588813,1.21800231869641,28.5604240484051,7.69685418748959
2020-06-29 09:14:14,1.12088206124717,1.1251920087165,29.0784876723629,7.5822290271274
2020-06-29 09:14:02,1.04905074418533,1.12579960721666,28.5400412054212,7.67102434068231
2020-06-29 09:13:50,1.00261119519891,1.19687044065639,28.8420614415836,7.5585818785069
2020-06-29 09:13:39,1.09204148544018,1.0822206333764,28.3877619621853,7.57304477079924
2020-06-29 09:13:28,1,1.20092493406193,28.419229057141,7.6640573038481
2020-06-29 09:13:15,1,1.13961101685773,28.9039199590577,7.62950854594186
2020-06-29 09:13:05,1,1.11492274436921,28.7873501218352,7.62836183893479
2020-06-29 09:12:54,1.17420963408373,1.17557531716448,28.4724194789441,7.60124523546262
2020-06-29 09:12:43,1.18280697312368,1.13000435020865,28.725212708837,7.62681080863856
2020-06-29 09:12:32,1.18533299504996,1.13124809814544,28.7258895317765,7.63348023781135
2020-06-29 09:12:21,1.04023641724485,1.21178473813101,28.8624268070076,7.5866895139793
2020-06-29 09:12:10,1.19341920921312,1.36096820100709,28.9237509561054,7.78891605908051
2020-06-29 09:11:59,1.0816982312868,1.15198509330024,28.6821957922138,7.53475783329931
2020-06-29 09:11:47,1.13994458757111,1.15584200905885,29.1109393321038,7.7032522458818
2020-06-29 09:11:35,1.01243259272837,1.08214274205807,29.0513323413049,7.73504764352746
2020-06-29 09:11:22,1.089193631705,1.19515228828979,28.8930168029231,7.31339801320801
2020-06-29 09:11:10,1.07155531318433,1.1101094416961,29.023562804594,7.53557412379314
2020-06-29 09:10:58,1.07384443871389,1.15573206199192,28.9342133612193,7.52012673962189
2020-06-29 09:10:46,1.09954420841872,1.11909845303596,28.7221572881551,7.65371703437326
2020-06-29 09:10:35,1.17249208203505,1.09593869162659,29.0814571861311,7.58707079031652
2020-06-29 09:10:24,1.17824378165451,1.18852265999131,28.6498692561643,7.49799816104223
2020-06-29 09:10:12,1.08281818590278,1.03026579855477,29.1283174101283,7.46009020094481
2020-06-29 09:10:00,1.1006079600532,1,28.4503300231612,7.63348987293334
2020-06-29 09:09:47,1.19016879662706,1.0901379909887,28.5679189674738,7.73546355911293
2020-06-29 09:09:34,1.27074166973731,1.30714219956509,28.7778225404249,7.61369222584649
2020-06-29 09:09:20,1,1.11064800913921,28.7536629092466,7.73469135469778
2020-06-29 09:09:09,1.14606438862548,1.15597561800651,28.5575329987733,7.67720664663131
2020-06-29 09:08:58,1.11517702326775,1.36016741186613,28.7067738348075,7.51035048917334
2020-06-29 09:08:47,1.21067179563119,1,29.0640536806295,7.74612762944752
2020-06-29 09:08:36,1.14769135567842,1.11808445961425,28.5714753449514,7.29144875082879
2020-06-29 09:08:24,1.23279542291108,1.02740713401051,28.3944404806776,7.6304757076482
2020-06-29 09:08:13,1.21141083956647,1.17709647564585,28.7571134880427,7.67776590443309
2020-06-29 09:08:02,1.1136791406787,1.12200972117271,28.911229344744,7.5519735639296
2020-06-29 09:07:51,1.14183204874503,1.17141094537315,28.7489128700139,7.50048796825493
2020-06-29 09:07:39,1.20648385529846,1.08176109105301,28.6822721525987,7.62055455361029
2020-06-29 09:07:28,1.14847540653131,1.15199583375437,29.3283510506994,7.70853890869143
2020-06-29 09:07:17,1.07384659413136,1.22861732759572,29.0235832705213,7.6595463010018
2020-06-29 09:07:06,1.10666656003795,1.18424909903681,28.9983558781411,7.64802913576079
2020-06-29 09:06:55,1.25636806332262,1.17271543016622,28.984153090021,7.57344960188732
2020-06-29 09:06:45,1.19948803196734,1.18709507509002,28.8126761340837,7.70239665960578
2020-06-29 09:06:33,1.26722683719718,1.25942132988967,28.8222636564843,7.6644622782447
2020-06-29 09:06:22,1.16254268374831,1,28.572523368677,7.27872524960503
2020-06-29 09:06:11,1.26904457114783,1.13015444650136,28.6255320984371,7.63561855537533
2020-06-29 09:06:01,1.16244333980865,1.3132463228444,28.773640767743,7.60202474146484
2020-06-29 09:05:50,1.10245316305697,1.14754265395609,28.6349548504503,7.63545562127343
2020-06-29 09:05:39,1.31879982807185,1.18203381183178,28.874330954193,7.56918687074379
2020-06-29 09:05:28,1.13623868211812,1.18704775529444,28.6842784786869,7.650481087391
2020-06-29 09:05:17,1.1111838338454,1.12182536869385,29.1083845529746,7.27837110842138
2020-06-29 09:05:07,1.19746836363303,1.15707157141347,28.9472055611554,7.684190688638
2020-06-29 09:04:56,1.18449961248113,1.1702786426223,29.2314100671104,7.48824804470609
2020-06-29 09:04:45,1.34693436904663,1.34943192683917,28.8330825939133,7.77160218804432
2020-06-29 09:04:34,1.22883244995264,1.23588464797042,28.6364571791462,7.45831418905979
2020-06-29 09:04:23,1.33852546710186,1.25848596832972,28.7885852222572,7.5301073555239
2020-06-29 09:04:10,1.25182557491998,1.13476584633693,28.9219650576236,7.5845525889121
2020-06-29 09:03:59,1.27981829781901,1.20164276367087,28.7290975663413,7.70586326125586
2020-06-29 09:03:46,1.3878127386073,1.31162538150217,29.0878330544389,7.65850329650022
2020-06-29 09:03:33,1.3249392558371,1.22474645954549,28.737827348757,7.5129903962902
2020-06-29 09:03:21,1.05530564082583,1.20651558624971,29.0234183494768,7.56366414117178
2020-06-29 09:03:09,1.24910859155366,1.09665280409686,28.2067049988331,7.68236347263793
2020-06-29 09:02:57,1.23556256674743,1.11404453205009,29.1471723072791,7.51810187091064
2020-06-29 09:02:46,1.21743970742089,1.20790944821337,28.6845322592006,7.54663027820037
2020-06-29 09:02:34,1.29245305527134,1.20892856112769,28.8552215419344,7.63538198367696
2020-06-29 09:02:23,1.19264736550276,1.21952383814344,28.9305565866367,7.58262648223073
2020-06-29 09:02:12,1.36620310783447,1.22970186285484,28.6707775636996,7.721394807848
2020-06-29 09:02:01,1.11192329837007,1.02114337305136,28.5242205328542,7.444028933619
2020-06-29 09:01:49,1.36388836794074,1.21555262626756,28.916448521977,7.41979747416063
2020-06-29 09:01:37,1.26600348459492,1.07456960123013,28.5940164025315,7.67778986882601
2020-06-29 09:01:26,1.25165801807825,1.26686991205534,28.6065035702468,7.67121631838762
2020-06-29 09:01:14,1.39708366424832,1.20176573228069,29.0083211810611,7.69600305263575
2020-06-29 09:01:03,1.38370921651557,1.10549793876399,28.8025820198998,7.58313846972124
2020-06-29 09:00:52,1.39400060813324,1.38021708725816,28.8096518471632,7.4692467634602
2020-06-29 09:00:40,1.30364705064377,1.11458888922562,28.5608563061162,7.42127632137546
2020-06-29 09:00:29,1.33255426863921,1.25621777861079,28.4492927273988,7.47147928555824
2020-06-29 09:00:16,1.33137481896768,1.28682420103014,28.6781058465182,7.74298774221463
2020-06-29 09:00:05,1.43616726840266,1.33103013247408,28.6018669528102,7.64948085772835
2020-06-29 08:59:54,1.4380471490986,1.46305486583133,28.5594477169327,7.67173932171184
2020-06-29 08:59:42,1.36726488645166,1.37505043059768,29.3787141200344,7.71067929844751
2020-06-29 08:59:31,1.38359044305499,1.33613383869512,28.6371058612264,7.13035598227683
2020-06-29 08:59:19,1.36545647234886,1.26341907553846,28.9330733790025,7.62085294896731
2020-06-29 08:59:08,1.21795742040353,1.02724887656813,27.9173649181076,7.63676088757202
2020-06-29 08:58:56,1.29323091390745,1.28478147055008,29.3078408904631,7.50794723132069
2020-06-29 08:58:45,1.19502552338739,1.25852055240538,28.9558237938906,7.56134681363664
2020-06-29 08:58:33,1.25374228658556,1.00573108366611,28.3744684777018,7.68039305410321
2020-06-29 08:58:21,1.21346260578607,1.17815138151033,28.6061948774898,7.6346019919391
2020-06-29 08:58:09,1.3398962024747,1.32258599979659,28.7435506216923,7.26546167654922
2020-06-29 08:57:57,1.28456453465159,1,28.5970543502963,7.41853424260942
2020-06-29 08:57:47,1.41646224431447,1.37281972306867,28.8586871251809,7.76499248743444
2020-06-29 08:57:35,1.38825895591768,1.2444905787763,28.2438230990698,7.66707857577455
2020-06-29 08:57:23,1.27136352593795,1.19894519217096,28.9460181861844,7.64641982212486
2020-06-29 08:57:11,1.58791431567871,1.24963498033244,28.9834644307972,7.9385777319659
2020-06-29 08:57:00,1.39244284015238,1,29.5073558722741,7.5063259677345
2020-06-29 08:56:48,1.13121616035536,1.19934508314573,28.6921684572578,7.63072499308309
2020-06-29 08:56:37,1.388793246014,1.24835834465165,29.1377099490559,7.62319196956533
2020-06-29 08:56:25,1.63215731847038,1.12739886587283,28.9384871442213,7.66875888769471
2020-06-29 08:56:13,1.21839331671094,1.38841440307033,29.1276748615226,7.66969842416572
2020-06-29 08:56:02,1.30027454088278,1.35095826491114,29.1531246521467,7.6803854086997
2020-06-29 08:55:50,1.62488225022873,1.40477905880322,28.233348752466,7.88674595937219
2020-06-29 08:55:38,1.63203570898981,1.17801301666183,28.1921174103781,7.93021819760053
2020-06-29 08:55:26,1.15983168168464,1.23923696756839,28.9134343833192,7.52593898459168
2020-06-29 08:55:14,1.1329145918542,1.34396203290095,27.9513172359149,7.53992201412309
2020-06-29 08:55:03,1.44052565410428,1.51421640535991,28.3289212809828,7.86448651154353
2020-06-29 08:54:52,1.56144000461092,1,28.5260926047406,7.63926718892446
2020-06-29 08:54:41,1.55481821422036,1.15953762009325,29.3477979536833,7.52911201332152
2020-06-29 08:54:30,1.50868224918689,1.34269184535785,26.2016648877346,7.56795387483254
2020-06-29 08:54:20,1.34890191157001,1.31385607443287,28.2024038846328,7.72001912954163
2020-06-29 08:54:09,1.44654861386375,1.37631040308651,29.2248447049338,7.6436361220894
2020-06-29 08:53:58,1.43513482675922,1.14858715337684,28.8315242212562,7.69368645503537
2020-06-29 08:53:47,1,1,28.3092886251016,7.51324865735203
2020-06-29 08:53:35,1.30709193669009,1.34419914339739,28.3352684466532,7.53037879673818
2020-06-29 08:53:23,1.39509983660912,1.56846578619943,29.1036248645242,7.6095847561104
2020-06-29 08:53:12,1.53694621591024,1.05583570876987,28.1970452107812,7.25686666234585
2020-06-29 08:53:01,1.15018945099958,1,29.4399141964887,7.56559523372469
2020-06-29 08:52:50,1.37459061016019,1.07600078810473,29.7583363573762,7.5131607493737
2020-06-29 08:52:39,1.65973968713557,1.31724922064117,28.4301543146293,7.07906036457012
2020-06-29 08:52:28,1.24089507429426,1.2783361633047,28.4038666146601,7.64650001592274
2020-06-29 08:52:17,1,1.10821525639747,29.4366092526862,7.45139551333359
2020-06-29 08:52:06,1.85696735203644,1.60012658497287,28.2234877911629,8.20779136072851
2020-06-29 08:51:55,1,1.18719799372846,30,7.60965636032295
2020-06-29 08:51:42,1.47165692508384,1.21385583308698,28.4111601530845,7.54020680336361
2020-06-29 08:51:27,1.54650227021442,1.44296293280853,29.3756228657347,7.37061389567035
2020-06-29 08:51:16,1.5065432817403,1.2804231264057,28.2878646079622,7.71576882714188
2020-06-29 08:51:05,1.52924069555669,1.27204797516498,29.2840324195155,7.36200473187917
2020-06-29 08:50:55,1,1.61455373127358,29.1856725172981,7.61527229217579
2020-06-29 08:50:43,1,1,29.6254194119097,7.63358072240256
2020-06-29 08:50:32,1.88245517721725,1.43658832576444,28.6545942141497,8.1037084397212
2020-06-29 08:50:21,1,1,30,7.68647669288966
2020-06-29 08:50:10,1.64287618038346,1,30,7.51014907382845
2020-06-29 08:49:59,1.87695267456958,1.58463248152065,29.0862361461019,8.0876633960185
2020-06-29 08:49:48,2.19868927465901,1,29.8325369313207,7.96587164209552
2020-06-29 08:49:37,1.25662154191762,1,29.2673993479242,7.40068918704995
2020-06-29 08:49:26,1.46521196876944,1,30,7.53775360242329
2020-06-29 08:49:14,1.71908720015473,1,29.6981374616041,7.95242792337745
2020-06-29 08:49:03,1.39806562451735,1.76338967743368,28.3592218606138,7.49719083062261
2020-06-29 08:48:51,1.66058155561964,1.03892479602867,29.2322735386647,7.91394332394687
2020-06-29 08:48:38,1,1.19728819406997,29.614708891687,7.69698354680116
2020-06-29 08:48:27,1.66650985129907,1.43951564144712,28.6735645097042,7.91879506141609
2020-06-29 08:48:14,1.63641886055682,1.06745357079288,30,7.94439144488637
2020-06-29 08:48:03,1.74943392753662,1,29.0360172156134,7.91273798231193
2020-06-29 08:47:51,1.63710977019975,1,30,7.56666547201348
2020-06-29 08:47:40,1.20825927975087,1.10640982758873,29.4129585698799,7.5103845238198
2020-06-29 08:47:30,2.07205080486321,2.06618970454576,28.4213503580798,8.3661143227377
2020-06-29 08:47:18,1.63269403499905,1.24935894448371,27.3389976202034,7.70793181173792
2020-06-29 08:47:08,1.47783161674332,1,29.3331000156983,7.53025955913024
2020-06-29 08:46:57,1.63540506250264,1,27.9254052678737,7.91897205750324
2020-06-29 08:46:46,1.0313612248977,1.41620123600823,27.1510999138585,7.63530164047997
2020-06-29 08:46:35,1,1.20359950138541,28.2642164438095,7.65967970204949
2020-06-29 08:46:24,1.26258066572177,1,27.9328347156901,7.6250322700196
2020-06-29 08:46:13,1.53524879753198,1.41449009586131,29.1384898569844,7.71288864706748
2020-06-29 08:46:02,1.32798236768623,1,27.6748536425521,7.72947271579211
2020-06-29 08:45:51,1.26093231262906,1,29.1962193823314,7.60340427047276
2020-06-29 08:45:39,1.16699349086536,1.98089584552143,26.9590898907328,7.58951179954328
2020-06-29 08:45:28,1.52918552565322,1.06156259875945,28.9148323063213,7.75517874932313
2020-06-29 08:45:17,1.59047785191688,1,29.0053091539237,7.89198819318252
2020-06-29 08:45:06,1.94257171042021,1,27.9236268518069,7.45068925026653
2020-06-29 08:44:55,1.24848979111491,1.43395298813639,28.0346079420786,7.60401572390325
2020-06-29 08:44:44,1,1,29.1907100838302,7.59546153449637
2020-06-29 08:44:33,1.28178208439247,3.02626820451977,28.1325210378376,7.81667106142389
2020-06-29 08:44:22,1.23250393300119,1.88945418872918,24.0547018472335,7.67921965945917
2020-06-29 08:44:08,1.39363726131835,1,25.8529852186294,7.66845841961721
2020-06-29 08:43:55,1.01187200397486,2.16857484315235,29.0362935954123,7.67410809855254
2020-06-29 08:43:43,2.37487936662082,1,28.0393420271796,8.36315210255879
2020-06-29 08:43:32,1,2.65284671881676,29.0440458790741,7.82534056656805
2020-06-29 08:43:21,1.50209090281497,1,30,7.6656224282719
2020-06-29 08:43:10,1.20722547260583,1,30,7.54437053237271
2020-06-29 08:43:00,1,1,28.2458609529653,7.5055530839149
2020-06-29 08:42:49,1,1,28.7632478193652,7.66145717170522
2020-06-29 08:42:38,1,1,27.1566885369485,7.58259294592013
2020-06-29 08:42:27,1,1.85150153244104,27.6836747557115,7.58051040929516
2020-06-29 08:42:17,2.05901544437398,1,30,8.18533523767024
2020-06-29 08:42:06,1,2.04012163288964,29.4108788931322,7.67393137672521
2020-06-29 08:41:55,1,2.99288923673669,28.2555098623841,7.84746183803326
2020-06-29 08:41:44,1,3.24320499867445,23.9893554616366,7.73658415067312
2020-06-29 08:41:33,1,1,30,7.68647669288966
2020-06-29 08:41:21,1,1,27.3337121509181,7.39158292989768
2020-06-29 08:41:08,2.48437396222713,1.73808287319538,30,9.28305775799871
2020-06-29 08:40:54,1,1.84456977445061,20.7579004782271,7.71037083419174
2020-06-29 08:40:43,2.35342403859396,5.0699290500462,25.9372482462366,9.67555765811664
2020-06-29 08:40:32,1,1,27.8304622134744,7.59327518095446
2020-06-29 08:40:20,1,1,28.8693979157139,7.51104471625279
2020-06-29 08:40:09,1,1,30,7.68647669288966
2020-06-29 08:39:58,3.16696153235612,4.55400933578676,21.5456883367027,10.1934499662186
2020-06-29 08:39:47,3.38232024772355,1,26.1901259187571,9.78842721849695
2020-06-29 08:39:36,4.02002200927243,7.3218707492121,24.8689285975076,14.0363388050861
2020-06-29 08:39:26,1.47838262141753,1,23.6911462675098,7.33830751660642
2020-06-29 08:39:15,1,1,23.917953183981,7.67787556065287
2020-06-29 08:39:04,1,2.75345939419391,24.7294994789937,7.77481489668249
2020-06-29 08:38:53,2.16305286115541,2.57038901789871,19.3595604274606,8.50364822025154
2020-06-29 08:38:42,1,1,19.3477317664496,7.70740442777992
2020-06-29 08:38:31,1,1.12316171704583,30,7.56594666429981
2020-06-29 08:38:20,1,3.57006817835224,20.5817483416819,7.82172036839941
2020-06-29 08:38:10,3.57355246260029,2.25793846349935,24.6027404281521,10.4348409849441
2020-06-29 08:37:59,2.66145996322573,3.13164474584913,30,9.95292091620639
2020-06-29 08:37:48,1,1.2390242780297,21.9611275841917,7.65844512020285
2020-06-29 08:37:37,1.93942776414291,3.12112406640767,28.5144066692609,8.53239725340141
2020-06-29 08:37:27,1,3.47001208177455,30,7.92305449789321
2020-06-29 08:37:16,1,1,29.1553988708712,7.66368585592184
2020-06-29 08:37:04,1,1,29.6451302485263,7.56823918529853
2020-06-29 08:36:49,1,3.16468503822118,27.860319922984,7.83811743573625
2020-06-29 08:36:37,8.33471495495566,3.47985838797132,25.9173870913852,25.5530836272836
2020-06-29 08:36:26,4.26600562361046,6.52297507653701,24.5194184419511,14.6068762926618
2020-06-29 08:36:14,8.92167841394368,4.07159745286823,21.229696897216,23.2996273658376
2020-06-29 08:36:03,2.61288164173242,7.0114302696992,24.0167357750031,11.0058551081998
2020-06-29 08:35:51,1,4.54330012289885,28.3562023865663,8.22660963315597
2020-06-29 08:35:39,1,1,25.6025370793267,7.65223844015207
2020-06-29 08:35:27,6.98596140483783,1,30,20.9886621414856
2020-06-29 08:35:16,4.43514466715728,7.72229869621258,21.5385655665303,14.6138794815527
2020-06-29 08:35:04,3.06752991769273,1,29.5505566088148,9.96700301538309
2020-06-29 08:34:51,10.0738996673635,1,18.7102104383688,28.7700307722121
2020-06-29 08:34:40,1,3.84737382720294,25.0654451415558,8.09439772932717
2020-06-29 08:34:28,1,4.24182734533813,26.6914472440719,8.06921706225834
2020-06-29 08:34:16,3.68511295821862,1,30,12.5174285116356
2020-06-29 08:34:01,1,1,30,7.68647669288966
2020-06-29 08:33:50,7.52183309256069,1,22.0905346711551,21.138903240643
2020-06-29 08:33:38,1,1,20.6776392096165,7.72909708913513
2020-06-29 08:33:26,1,2.48086651465947,26.6307487785481,7.79876924559491
2020-06-29 08:33:14,1,12.9544138579986,17.7151635443203,10.5997854317617
2020-06-29 08:33:02,1,1,30,7.68647669288966
2020-06-29 08:32:51,1,3.12674556627544,30,7.68882503895911
2020-06-29 08:32:41,5.75501682768864,10.1962331322094,27.6657416442024,22.8572714901621
2020-06-29 08:32:30,1,5.54535278967633,30,8.95247483433067
2020-06-29 08:32:19,1,1.80571014392853,30,7.72427910812054
2020-06-29 08:32:08,3.12754103449122,1,11.6611175347983,8.11123228610526
2020-06-29 08:31:58,1,1,12.5177086131821,7.82453289903556
2020-06-29 08:31:47,3.02467053462816,1,23.7979419768544,10.5248115765072
2020-06-29 08:31:36,1,1,30,7.68647669288966
2020-06-29 08:31:25,7.95684747164613,1,30,27.9909961104903
2020-06-29 08:31:14,5.22737336700223,8.33490924472214,15.9155957347769,14.7701825818495
2020-06-29 08:31:03,2.88635839369718,1,19.1677699885225,9.4348295013655
2020-06-29 08:30:53,1,1,30,7.68647669288966
2020-06-29 08:30:42,7.51444853292619,1,17.3385560513523,19.7408342519856
2020-06-29 08:30:31,1,6.3292713479211,5.17111915109548,8.12230391516442
2020-06-29 08:30:20,1,1,9.67348798557141,7.80632921474742
2020-06-29 08:30:07,1,5.33168365079884,30,8.74569035687224
2020-06-29 08:29:52,1,1,20.1593493634341,7.82026714904245
2020-06-29 08:29:39,1,5.40447481040654,11.2277543399541,8.15335703606483
2020-06-29 08:29:26,1,5.92824649012287,10.4697858103337,8.09546867680525
2020-06-29 08:29:14,1.91615949390343,1,27.8175099749322,7.6968165093414
2020-06-29 08:29:01,15.7071235824937,6.74736447974652,29.3206847749887,54.1684746914235
2020-06-29 08:28:48,6.90147932316583,1,15.6953918713696,17.3728421373962
2020-06-29 08:28:35,1.88936542444527,1,11.3751607959071,8.21669381761317
2020-06-29 08:28:23,1,5.90074354498074,13.9036698125983,7.9600813303193
2020-06-29 08:28:11,19.9959928839238,22.5264530608761,14.1809321080527,58.1621539341403
2020-06-29 08:27:59,16.4981242636016,1,17.2755766781167,46.6688351619613
2020-06-29 08:27:43,1,1,24.5341885488936,7.65052290997694
2020-06-29 08:27:31,7.74768048534477,23.4659286802166,10.8308442752079,22.2592090367004
2020-06-29 08:27:19,4.24427230981016,9.18862951209777,18.9912508992277,12.9100707316749
2020-06-29 08:27:07,1,18.3298714956766,6.18854469388213,8.57834216283955
2020-06-29 08:26:56,1,2.52466704939097,12.4077809491523,7.93447175289164
2020-06-29 08:26:43,18.8411603425566,10.7940427172861,9.49903990574203,49.0735411913172
2020-06-29 08:26:31,11.0870425936629,1,13.0448376133181,27.5662672328448
2020-06-29 08:26:19,1,12.2641564685027,4.6994290860094,8.10646476396202
2020-06-29 08:26:07,13.9277942393056,5.5577524160096,30,43.9820107243665
2020-06-29 08:25:56,4.79036474578965,1,3.67608266549543,9.99555964942518
2020-06-29 08:25:45,1,1,22.7961370786768,7.6873779033869
2020-06-29 08:25:33,7.79688752703438,1,8.87705941070374,18.0761680917898
2020-06-29 08:25:21,4.6507484772743,15.42392014597,13.9094448127167,14.8899676832267
2020-06-29 08:25:10,3.59070269059745,1,7.85508357524295,9.74550927989728
2020-06-29 08:24:57,9.06839721438444,5.35061896768321,18.9126525059346,21.4456958893305
2020-06-29 08:24:44,9.26797985233696,20.4227697073074,1,13.4270261376314
2020-06-29 08:24:25,12.4205012708908,6.76940333011591,6.64805894279139,26.9923323993696
2020-06-29 08:24:12,1,22.1121777116027,1.86879622569852,8.20459498829499
2020-06-29 08:24:00,8.54110419867458,26.5168019599625,1,8.07689641155146
2020-06-29 08:23:49,6.92330228844826,11.4990888800475,1,10.3383310266271
2020-06-29 08:23:36,1,13.5331642577749,4.01916545463798,8.12831075724214
2020-06-29 08:23:24,1,1,18.7613116493195,7.74948740363875
2020-06-29 08:23:11,23.7366575960724,16.7063439369831,1,16.0955767078577
2020-06-29 08:22:59,29.3950989001386,15.0488745540426,12.1197366192023,77.2773790687958
2020-06-29 08:22:48,10.3173804994386,17.6934133677877,1,16.796898766258
2020-06-29 08:22:37,14.5388916765143,5.43610622485082,18.9137701148814,42.5776502654595
2020-06-29 08:22:25,30,1.10936438749208,1,41.8903430575533
2020-06-29 08:22:14,1,17.3922502396134,1.5559078288102,8.27986254010972
2020-06-29 08:22:03,27.6245335236203,30,1,32.0272880177522
2020-06-29 08:21:52,22.5668831823139,1.67760408086618,15.8662559943196,68.9621891076907
2020-06-29 08:21:41,16.8514338405383,1,20.3416204325622,44.7372349269756
2020-06-29 08:21:30,30,23.6361320989369,1,40.5603212548537
2020-06-29 08:21:18,30,14.1713409531449,30,122.347238238651
2020-06-29 08:21:06,20.6722126473325,14.8453616974042,5.57607129794339,39.2449392653692
2020-06-29 08:20:51,18.4246251198612,8.15049251736866,12.1246288658701,49.6104487638242
2020-06-29 08:20:38,11.1508097393271,10.0894133445513,2.23626408152359,14.6248403804178
2020-06-29 08:20:24,30,5.84477207694397,27.1254206590681,111.281640656772
