"DateTime","Depth","Observed_CAR_ch4","Modeled_CAR_ch4"
2015-03-31,0.1,0.067583484,0
2015-03-31,1.6,0.069565417,0.0168400585384181
2015-03-31,3.8,0.072427429,0.019887724642252
2015-03-31,5,0.06799593,0.018624435572799
2015-03-31,6.2,0.060762289,0.0179248527981433
2015-03-31,8,0.023887925,0.0186583452280374
2015-03-31,9,0.033123988,0.0185373824670061
2015-04-07,0.1,0.006145841,0.0052918335192734
2015-04-07,1.6,0.103644874,0.0468748939127597
2015-04-07,3.8,0.124898943,0.106293893400217
2015-04-07,5,0.044343269,0.156814315013678
2015-04-07,6.2,0.027104599,0.164185704408612
2015-04-07,8,0.022061956,0.122674506560644
2015-04-07,9,0.036024573,0.122520440113333
2015-04-13,0.1,0.179576596,0.00119921299862426
2015-04-13,1.6,0.193236302,0.0285387658957133
2015-04-13,3.8,0.096140334,1.01508002449886
2015-04-13,5,0.036708328,0.515145761000716
2015-04-13,6.2,0.041555333,0.253073235758532
2015-04-13,8,0.05719717,0.205320316407953
2015-04-13,9,0.064962983,0.205148042022413
2015-04-21,0.1,0.2393179615,0
2015-04-21,1.6,0.25303748,0.0355112599673737
2015-04-21,3.8,0.09998738,1.23592894799755
2015-04-21,5,0.089796948,1.32821500969553
2015-04-21,6.2,0.117685186,0.489263453768651
2015-04-21,8,0.141159046,0.319302011060453
2015-04-21,9,0.114283283,0.319105287920259
2015-04-28,0.1,0.161834734,0.0030363149606048
2015-04-28,1.6,0.175045199,0.0168766822847644
2015-04-28,3.8,0.175658069,0.0291756613291511
2015-04-28,5,0.0453560225,0.0592652849126801
2015-04-28,6.2,0.029341202,0.536449461645769
2015-04-28,8,0.0221445975,0.473021425276912
2015-04-28,9,0.0490244985,0.47278888938505
2015-05-05,0.1,0.2321463425,0.00413085775143371
2015-05-05,1.6,0.2289358995,0.0337939837558191
2015-05-05,3.8,0.2414858485,0.654394574332782
2015-05-05,5,0.14569953,0.178087157465307
2015-05-05,6.2,0.030393907,0.453322116670829
2015-05-05,8,0.052064588,0.600872308440002
2015-05-05,9,0.3210024345,0.600606403510328
2015-05-11,0.1,0.368992974,0.01862618537085
2015-05-11,1.6,0.4095092865,0.059903340157273
2015-05-11,3.8,0.270875873,1.6277747218952
2015-05-11,5,0.100766975,0.323597535971663
2015-05-11,6.2,0.0417418805,0.468261394290595
2015-05-11,8,0.0727666595,0.599730021044645
2015-05-11,9,0.0502259045,0.599558620736753
2015-05-18,0.1,0.3742653725,0.0297460801425443
2015-05-18,1.6,0.5476545495,0.0728272076785728
2015-05-18,3.8,0.597649354,1.39040450414989
2015-05-18,5,0.1832217065,0.541670545809247
2015-05-18,6.2,0.1851877755,0.524009534625052
2015-05-18,8,0.0440941595,0.657407018993783
2015-05-18,9,0.0385172885,0.657222981770886
2015-05-25,0.1,0.375809207,0.0117993284605693
2015-05-25,1.6,0.4727596185,0.0500530042736774
2015-05-25,3.8,0.77212696,1.45935382015216
2015-05-25,5,0.38083873,0.676169520537773
2015-05-25,6.2,0.2646751255,0.614236015918344
2015-05-25,8,0.039996961,0.615165156878983
2015-05-25,9,0.065848754,0.614769088742469
2015-06-01,0.1,0.488723956,0.0362216179305878
2015-06-01,1.6,0.497967305333333,0.0995162457633444
2015-06-01,3.8,0.58168332575,3.10675845272258
2015-06-01,5,0.334456146,0.788713913024306
2015-06-01,6.2,0.14515795175,0.678636186714249
2015-06-01,8,0.08104297325,0.679679291181264
2015-06-01,9,0.10092204825,0.67923466736546
2015-06-08,0.1,0.4072357365,0.000647405439433785
2015-06-08,1.6,0.508566487,0.0810061172008374
2015-06-08,3.8,0.098202929,4.77707713436631
2015-06-08,5,0.044222655,0.924730552376122
2015-06-08,6.2,0.0857031335,0.756280436806441
2015-06-08,8,0.2160675735,0.757624643954643
2015-06-08,9,0.2527157065,0.757047526598348
2015-06-15,0.1,0.39398654,0.00701915860467724
2015-06-15,1.6,0.428958563,0.120054264441728
2015-06-15,3.8,0.059757851,4.30110316590626
2015-06-15,5,0.1302843615,1.20059640614279
2015-06-15,6.2,0.1014091205,0.859568121636541
2015-06-15,8,0.1246076845,0.861175059161677
2015-06-15,9,0.129313073,0.860486478913322
2015-06-22,0.1,0.3869144115,0.0732928747286487
2015-06-22,1.6,0.714818209,0.196472143726488
2015-06-22,3.8,0.173176671,5.30623064881151
2015-06-22,5,0.055989014,1.53089118798422
2015-06-22,6.2,0.1998944535,0.980631627313316
2015-06-22,8,0.27070441,0.982558052847917
2015-06-22,9,0.268468562,0.981731687540629
2015-06-29,0.1,0.3317833155,0.0367171197262123
2015-06-29,1.6,0.3581207085,0.287940637301551
2015-06-29,3.8,0.1643555725,3.86602978983732
2015-06-29,5,0.0766081495,1.93543206079492
2015-06-29,6.2,0.0542884645,1.11824936171538
2015-06-29,8,0.088038758,1.12040729146277
2015-06-29,9,0.067192589,1.1194834643716
2015-07-06,0.1,0.4528349765,0.0268621536372782
2015-07-06,1.6,0.537056086,0.133189431754043
2015-07-06,3.8,0.206941619,5.25682745659914
2015-07-06,5,0.174135836,2.08035334846518
2015-07-06,6.2,0.176446833,1.24964674866036
2015-07-06,8,0.0084218065,1.25198646863867
2015-07-06,9,0.005860171,1.25097428351261
2015-07-13,0.1,0.4229771425,0.324449761379768
2015-07-13,1.6,0.59313231,0.421757009174266
2015-07-13,3.8,0.262831925,7.52040750444576
2015-07-13,5,1.8760237585,2.25280962626734
2015-07-13,6.2,1.050765551,1.37323613112954
2015-07-13,8,0.15618934,1.37577336291895
2015-07-13,9,0.183123149,1.37467291705817
2015-07-20,0.1,0.476534165,0.0234439519106733
2015-07-20,1.6,0.6328717325,0.196323379564723
2015-07-20,3.8,0.3542222955,6.15506602300728
2015-07-20,5,9.3075588375,2.39053911142914
2015-07-20,6.2,1.8114990365,1.490886429086
2015-07-20,8,0.0605165245,1.49366664738048
2015-07-20,9,0.0332634515,1.49248336124671
2015-07-23,0.1,0.4690051755,0.194875876677626
2015-07-23,6,0.106105629,1.54280816064656
2015-07-27,0.1,0.6895108815,0.0374178578989844
2015-07-27,1.6,0.7551035655,0.199117850102056
2015-07-27,3.8,0.3926496595,8.50044160381394
2015-07-27,5,11.16447492,2.58088743051051
2015-07-27,6.2,4.267926646,1.61221751375145
2015-07-27,8,0.459877853,1.61531715108711
2015-07-27,9,0.0577302165,1.61401855730958
2015-08-03,0.1,0.3813490795,0.0886456881006657
2015-08-03,1.6,0.4005855755,0.352496216507066
2015-08-03,3.8,0.150949978,5.57259823367115
2015-08-03,5,5.583954338,2.98740308371991
2015-08-03,6.2,1.9458414335,1.75142511486877
2015-08-03,8,0.004004221,1.75512641181477
2015-08-03,9,0.0040647685,1.7535968578385
2015-08-10,0.1,0.557707986,0.0949525824569845
2015-08-10,1.6,0.5581852675,0.34598875745633
2015-08-10,3.8,0.1650021105,5.19829086011881
2015-08-10,5,17.494737425,3.45477864672824
2015-08-10,6.2,2.8550501155,1.94265056873009
2015-08-10,8,0.8680354225,1.94715053109109
2015-08-10,9,0.1167007195,1.94530685044526
2015-08-17,0.1,0.322918213,0.305943503101635
2015-08-17,1.6,0.3316577315,0.381592731259773
2015-08-17,3.8,0.4569536705,5.6886223295761
2015-08-17,5,13.037747315,4.03958017020789
2015-08-17,6.2,7.8495707785,2.16552599205145
2015-08-17,8,2.5054232895,2.17078463284686
2015-08-17,9,0.037654293,2.16857490169972
2015-08-24,0.1,0.3166531085,0.0238731780295532
2015-08-24,1.6,0.348357779,0.194741615512237
2015-08-24,3.8,2.905031743,6.90905752193481
2015-08-24,5,34.94679992,4.64250248323554
2015-08-24,6.2,10.158549812,2.40842911797267
2015-08-24,8,3.5768532465,2.41452584185091
2015-08-24,9,0.031859497,2.41195581147078
2015-08-31,0.1,0.096737216,0.146106904216632
2015-08-31,1.6,0.192933726,0.23745365492275
2015-08-31,3.8,0.148203768,6.61819108116678
2015-08-31,5,70.646157885,5.29885959419494
2015-08-31,6.2,16.452343205,2.69532655648896
2015-08-31,8,0.0222934605,2.70238558362956
2015-08-31,9,0.018144289,2.6994647829352
2015-09-07,0.1,0.226125978,0.135947983592728
2015-09-07,1.6,0.251572313,0.263524223864219
2015-09-07,3.8,0.5444699495,7.13693351582102
2015-09-07,5,42.17437735,6.09525316939677
2015-09-07,6.2,18.05269607,3.03472865537651
2015-09-07,8,9.00063082,3.04310666031911
2015-09-07,9,0.041967072,3.03962620105862
2015-09-14,0.1,3.943022983,0.015231737061651
2015-09-14,1.6,3.1193408525,0.172466063299424
2015-09-14,3.8,2.697560286,3.26707048703632
2015-09-14,5,67.83371385,6.85656788877546
2015-09-14,6.2,4.014804339,3.47622099987573
2015-09-14,8,0.0501964725,3.48626840221831
2015-09-14,9,0.0163516305,3.48214304598146
2015-09-21,0.1,0.3976739875,0.0138380098510668
2015-09-21,1.6,0.487483905,0.233049822956828
2015-09-21,3.8,0.405074889,1.12696635226902
2015-09-21,5,44.141653415,7.03746931803827
2015-09-21,6.2,8.0030688145,4.01136228805286
2015-09-21,8,6.2702663275,4.0233410104654
2015-09-21,9,0.045175721,4.0184255564339
2015-09-28,0.1,0.1693400405,0.00626175720264928
2015-09-28,1.6,0.115418648,0.107636922785385
2015-09-28,3.8,0.1543837835,0.125473453955545
2015-09-28,5,6.057586434,0.218507794046628
2015-09-28,6.2,5.976580455,3.28878401007155
2015-09-28,8,0.02131106,4.49127172127035
2015-09-28,9,0.173824368,4.51808564391059
2015-10-05,0.1,0.161872272,0
2015-10-05,1.6,0.0416168705,0.0952371581080144
2015-10-05,3.8,0.1359168575,0.0881896054212253
2015-10-05,5,0.0443965995,0.0816820439378205
2015-10-05,6.2,0.021979613,0.0818570876830285
2015-10-05,8,0.031108528,1.67077936127568
2015-10-05,9,0.0205336215,3.40346613704165
2015-10-19,0.1,0.1384620185,0.0123075411498089
2015-10-19,1.6,0.1433841405,0.0817456340952049
2015-10-19,3.8,0.147815806,0.0878134264183465
2015-10-19,5,0.1341234165,0.0755749572739607
2015-10-19,6.2,0.1503842795,0.067965047467544
2015-10-19,8,0.0884797165,0.0701337506842836
2015-10-19,9,0.1818437825,0.0697065988247894
2015-11-09,0.1,0.189468094,0
2015-11-09,1.6,0.178646994,0.0466873858969339
2015-11-09,3.8,0.1674262755,0.0414200903831543
2015-11-09,5,0.090108982,0.257162065855438
2015-11-09,6.2,0.1227077985,0.354629178675244
2015-11-09,8,0.075276672,0.283057775647511
2015-11-09,9,0.072751237,0.282657784630658
2015-12-07,0.1,0.097661272,0.0262978615944665
2015-12-07,1.6,0.099759357,0.0412331655519733
2015-12-07,3.8,0.0981088615,0.0409154535572468
2015-12-07,5,0.0968745515,0.0377721453796504
2015-12-07,6.2,0.098324515,0.144058155787092
2015-12-07,8,0.1015020625,0.398202828734231
2015-12-07,9,0.098417404,0.398057389730272
2016-01-11,0.1,0.1060550985,0
2016-01-11,1.6,0.099794782,0.0131124591425478
2016-01-11,3.8,0.108137491,0.0130937330724065
2016-01-11,5,0.1062036935,0.012223857910562
2016-01-11,6.2,0.106245394,0.0115262720255406
2016-01-11,8,0.106449029,0.0131405555303328
2016-01-11,9,0.1061506055,0.013073991077314
2016-02-05,0.1,0.2776935795,0
2016-02-05,1.6,0.252695276,0.0157989031133734
2016-02-05,3.8,0.2700323705,0.0148094571036325
2016-02-05,5,0.241342556,0.0134403187679593
2016-02-05,6.2,0.3524966025,0.0143071240355231
2016-02-05,8,0.308416243,0.014737651254347
2016-02-05,9,0.315537706,0.0146285791054125
2016-03-30,0.1,0.137931704,0
2016-03-30,1.6,0.126009071666667,0.0241549098056507
2016-03-30,3.8,0.191246271,0.160553064889677
2016-03-30,5,0.1564658195,0.499442312617665
2016-03-30,6.2,0.1238319825,0.449386108074039
2016-03-30,8,0.109475724666667,0.426827901863493
2016-03-30,9,0.0778490645,0.426665454659068
2016-04-11,0.1,0.0815978425,0.00489262755505487
2016-04-11,1.6,0.0754731423333333,0.0308635998730732
2016-04-11,3.8,0.0973283065,0.0348371854323197
2016-04-11,5,0.105828079,0.0343675157882029
2016-04-11,6.2,0.1021490715,0.0309107476081497
2016-04-11,8,0.057602998,0.0359495930260521
2016-04-11,9,0.081850887,0.0357850972820836
2016-04-18,0.1,0.1639796285,0.0122040657439279
2016-04-18,1.6,0.1737294245,0.0320912555005537
2016-04-18,3.8,0.191472152,0.590892839507819
2016-04-18,5,0.165881033,0.443068759895856
2016-04-18,6.2,0.126667783,0.155570515415058
2016-04-18,8,0.077399047,0.114252785189277
2016-04-18,9,0.053614134,0.114121398340919
2016-04-25,0.1,0.0705599545,0.0120517920676976
2016-04-25,1.6,0.0603342385,0.0835864225747878
2016-04-25,3.8,0.091976537,1.33513617894183
2016-04-25,5,0.084559826,0.668666491713539
2016-04-25,6.2,0.056961604,0.668668062358144
2016-04-25,8,0.0405344155,0.669070954490741
2016-04-25,9,0.028847358,0.668913421899983
2016-05-02,0.1,0.1519649045,0.00457753877347125
2016-05-02,1.6,0.176533802,0.117501018447846
2016-05-02,3.8,0.1714229495,2.59546268589119
2016-05-02,5,0.1148120165,1.13369138466835
2016-05-02,6.2,0.055137847,1.13368879693222
2016-05-02,8,0.0365378565,1.13412704740435
2016-05-02,9,0.033236464,1.13395116632539
2016-05-09,0.1,0.220768204,0.00384251417125576
2016-05-09,1.6,0.2419347865,0.0383499249982254
2016-05-09,3.8,0.1245591375,2.96469996664733
2016-05-09,5,0.103844961,2.04041292026027
2016-05-09,6.2,0.059322864,1.43414042348477
2016-05-09,8,0.0581819635,1.43462518467371
2016-05-09,9,0.058904825,1.43444039485853
2016-05-16,0.1,0.2479069025,0
2016-05-16,1.6,0.2526445165,0.0527173834517507
2016-05-16,3.8,0.223649503,1.09162960447205
2016-05-16,5,0.0848130795,3.12581847685584
2016-05-16,6.2,0.0537176695,1.45784757600119
2016-05-16,8,0.0594014845,1.45835516826777
2016-05-16,9,0.0564121635,1.45816248565272
2016-05-23,0.1,0.2729694705,0
2016-05-23,1.6,0.285831807,0.0408885948120844
2016-05-23,3.8,0.2498972985,2.53843920888474
2016-05-23,5,0.1005114255,3.83072648965129
2016-05-23,6.2,0.1114886855,1.44723282873071
2016-05-23,8,0.0493833785,1.44776957058518
2016-05-23,9,0.0526911265,1.44756387047536
2016-05-30,0.1,0.462385775333333,0.00790760541317224
2016-05-30,1.6,0.434805953,0.10196597719019
2016-05-30,3.8,0.198225838,5.11015920121359
2016-05-30,5,0.17422944025,5.39375530952647
2016-05-30,6.2,0.115187296,1.41201772117841
2016-05-30,8,0.08219709075,1.41258551650591
2016-05-30,9,0.06221374075,1.41236799126899
2016-05-31,0.1,0.391053107,0
2016-05-31,1.6,0.4108351325,0.101742203547925
2016-05-31,3.8,0.244758093,5.61336289553679
2016-05-31,5,0.2127601805,5.75220977223106
2016-05-31,6.2,0.200093802,1.4047148887178
2016-05-31,8,0.09853666,1.4052882456239
2016-05-31,9,0.0849783,1.40506808682063
2016-06-02,0.1,0.8771156885,0.151347598988589
2016-06-02,1.6,0.564150955,0.251969294719132
2016-06-02,3.8,0.2970171725,6.73077287762464
2016-06-02,5,0.223463216,6.50499034180602
2016-06-02,6.2,0.1084171185,1.39090342654353
2016-06-02,8,0.1413114915,1.39148676874112
2016-06-02,9,0.0919687845,1.39126300962329
2016-06-06,0.1,0.466799115,0
2016-06-06,1.6,0.5450894345,0.10463142394199
2016-06-06,3.8,0.2116499345,9.19736683805449
2016-06-06,5,0.1683589885,8.24240486115041
2016-06-06,6.2,0.0567596955,1.37941943030607
2016-06-06,8,0.0817493865,1.38002576514595
2016-06-06,9,0.0715132915,1.37979312826658
2016-06-13,0.1,0.335393348,0.0243447269318875
2016-06-13,1.6,0.3290078265,0.0909451540826802
2016-06-13,3.8,0.2135908495,5.03577774009908
2016-06-13,5,0.2024707575,9.51803613380002
2016-06-13,6.2,0.049223504,1.45497742802391
2016-06-13,8,0.0448298855,1.45544981131358
2016-06-13,9,0.044651226,1.45529394696368
2016-06-20,0.1,0.6208913345,0.137489358745711
2016-06-20,1.6,0.644924717,0.219660788047427
2016-06-20,3.8,0.2936320895,9.10939271737349
2016-06-20,5,0.062891644,12.1465771186198
2016-06-20,6.2,0.056393817,1.40756454135494
2016-06-20,8,0.111755546,1.4081071164125
2016-06-20,9,0.0997086885,1.40792580137767
2016-06-27,0.1,0.840263438,0
2016-06-27,1.6,0.8541136695,0.19273360062301
2016-06-27,3.8,0.09295252,8.66117414880473
2016-06-27,5,0.0886925195,14.8323979383151
2016-06-27,6.2,0.0996420525,1.38378104934462
2016-06-27,8,0.1172074535,1.38440197431644
2016-06-27,9,0.117605094,1.38419412337247
2016-06-28,0.1,0.768581037,0
2016-06-28,1.6,0.7580691,0.162265028053266
2016-06-28,3.8,0.3468220935,9.49289821721641
2016-06-28,5,0.250380167,15.3345420857772
2016-06-28,6.2,0.2800535915,1.37906229385018
2016-06-28,8,0.189776886,1.37969510709852
2016-06-28,9,0.171701227,1.37948314950665
2016-06-30,0.1,0.6492435855,0.0864246127189814
2016-06-30,1.6,0.4406922305,0.198366843010881
2016-06-30,3.8,0.2612067535,11.0850020626777
2016-06-30,5,0.0966129145,16.2579600916796
2016-06-30,6.2,0.040560426,1.36987461817529
2016-06-30,8,0.0852956835,1.37053014333488
2016-06-30,9,0.0851310315,1.37031093631613
2016-07-05,0.1,0.509054101,0
2016-07-05,1.6,0.458011707,0.168144697315721
2016-07-05,3.8,0.3563535695,14.123865319788
2016-07-05,5,0.197934051,18.4482013476008
2016-07-05,6.2,0.0769638635,1.35199874310721
2016-07-05,8,0.068620268,1.35272694519198
2016-07-05,9,0.0796360895,1.35248178041935
2016-07-11,0.1,0.6830078665,0.115892417090001
2016-07-11,1.6,0.7199579945,0.287722416010881
2016-07-11,3.8,0.306186333333333,17.3376196849745
2016-07-11,5,0.1870834615,20.442277787182
2016-07-11,6.2,0.019797118,1.36241102326525
2016-07-11,8,0.0703626835,1.36323385965927
2016-07-11,9,0.0672370395,1.36295897515401
2016-07-18,0.1,0.9362600145,0.101950515007334
2016-07-18,1.6,0.9872878305,0.266162579330168
2016-07-18,3.8,0.428555277,21.6301143449446
2016-07-18,5,0.121353472,23.2636537964937
2016-07-18,6.2,2.3871694455,1.35553932378585
2016-07-18,8,0.7325239805,1.35649279223
2016-07-18,9,0.116978236,1.35617516999734
2016-07-24,0.1,1.2344174475,0.17184208353866
2016-07-24,1.6,1.1938510355,0.315278457243073
2016-07-24,3.8,0.47096435,15.3889884492946
2016-07-24,5,0.317093625,25.3422134123752
2016-07-24,6.2,4.184931295,1.35894753799038
2016-07-24,8,0.2508669155,1.36003082680861
2016-07-24,9,0.6814071275,1.35967364574409
2016-07-27,0.1,0.7133871255,0.0506036261454721
2016-07-27,1.6,0.630455248,0.294830132536076
2016-07-27,3.8,0.374590594,18.7339991929003
2016-07-27,5,0.193028228,27.0980450197662
2016-07-27,6.2,3.691163547,1.36649678017185
2016-07-27,8,0.031279259,1.36764097929004
2016-07-27,9,0.0333936695,1.36726383483572
2016-08-01,0.1,0.722397296,0.270312953628395
2016-08-01,1.6,0.7261264945,0.419620625936377
2016-08-01,3.8,0.3398304275,25.1127533209746
2016-08-01,5,0.223293045,35.4021589323835
2016-08-01,6.2,0.3347466285,1.37993073004203
2016-08-01,8,0.293702046,1.38112385047647
2016-08-01,9,0.095850792,1.38072396348787
2016-08-08,0.1,0.916768025,0.102201304329817
2016-08-08,1.6,0.5717497235,0.235590130401534
2016-08-08,3.8,0.673272839,31.4488128461284
2016-08-08,5,0.459137667,45.2149389164392
2016-08-08,6.2,7.9784450565,1.38443267418366
2016-08-08,8,2.7946539875,1.38562563015088
2016-08-08,9,1.35408535,1.38522540970489
2016-08-15,0.1,0.612732819,0.261476512814555
2016-08-15,1.6,0.7275967755,0.454730086368909
2016-08-15,3.8,0.451895025,38.7520462140231
2016-08-15,5,2.9699798385,55.0118523200365
2016-08-15,6.2,46.274664405,1.40540552534686
2016-08-15,8,13.1036316,1.40660271786006
2016-08-15,9,4.520518222,1.406203447901
2016-08-26,0.1,0.8974015375,0.156532041924684
2016-08-26,1.6,0.924047483,0.304112088640736
2016-08-26,3.8,1.0513675015,30.9555603772277
2016-08-26,5,11.586365365,71.0723826750836
2016-08-26,6.2,41.355689465,1.42366964360292
2016-08-26,8,0.137759045,1.42487881904452
2016-08-26,9,0.270673974,1.42447679767729
2016-09-02,0.1,0.842263022,0.0426985356586227
2016-09-02,1.6,0.6485070555,0.25888669878004
2016-09-02,3.8,0.250028054,40.6373444271376
2016-09-02,5,23.81243809,79.2609591512284
2016-09-02,6.2,109.4158459,1.42633332194943
2016-09-02,8,17.82543969,1.42763544209942
2016-09-02,9,18.096394755,1.42720163191076
2016-09-09,0.1,0.7004405965,0.0101641014450583
2016-09-09,1.6,0.7532605255,0.198897018499827
2016-09-09,3.8,0.336493385,29.4951247648608
2016-09-09,5,20.864979935,70.7107063812829
2016-09-09,6.2,174.13593255,1.71635922578401
2016-09-09,8,0.2332613325,1.7177767815219
2016-09-09,9,0.071227606,1.71731137254788
2016-09-20,0.1,0.6178293795,0.0161437766516933
2016-09-20,1.6,0.611325336,0.27418920018825
2016-09-20,3.8,0.821739703,25.8737116864982
2016-09-20,5,19.533870405,64.6995514148518
2016-09-20,6.2,74.593970565,1.96032745475292
2016-09-20,8,7.5297703015,1.96190365374419
2016-09-20,9,6.5024107805,1.9613927647305
2016-09-30,0.1,0.4103065315,0.00745202913576884
2016-09-30,1.6,0.4858009445,0.210023515330167
2016-09-30,3.8,4.354215001,15.0270533458937
2016-09-30,5,4.919748882,53.5188325261503
2016-09-30,6.2,63.96330988,7.79474303443346
2016-09-30,8,0.3316632735,2.18063767512199
2016-09-30,9,0.031496648,2.18001356649295
2016-10-14,0.1,0.218879199,0.0147955479483057
2016-10-14,1.6,0.2173465055,0.129948459407748
2016-10-14,3.8,0.3758558185,0.106372917477992
2016-10-14,5,0.285814338,0.191987559702236
2016-10-14,6.2,0.2327833285,7.18967836947653
2016-10-14,8,0.217030504,3.19632257656719
2016-10-14,9,0.239691597,3.1959025954001
2016-11-05,0.1,0.466589268,0
2016-11-05,1.6,0.477966613,0.069865120156046
2016-11-05,3.8,0.3273845755,0.221231463651027
2016-11-05,5,0.262631564,0.255309400907681
2016-11-05,6.2,0.14981767,0.242850397789338
2016-11-05,8,0.162255822,0.298717178869795
2016-11-05,9,0.1103003325,0.298427406754528
2016-12-02,0.1,0.2334458225,0
2016-12-02,1.6,0.266622468,0.0320410971972189
2016-12-02,3.8,0.251818036,0.0307467427479509
2016-12-02,5,0.2042485635,0.0273845496952102
2016-12-02,6.2,0.2097197315,0.0273883865731165
2016-12-02,8,0.1550607955,0.082475174946438
2016-12-02,9,0.165653622,0.117225525952623
2017-02-07,0.1,0.0798668815,0.00484316774483062
2017-02-07,1.6,0.0874002415,0.00929424378769221
2017-02-07,3.8,0.0897924775,0.0091351043814754
2017-02-07,5,0.0866702885,0.00820484796129915
2017-02-07,6.2,0.0874896305,0.00761577199733153
2017-02-07,8,0.0878625735,0.00684762083642996
2017-02-07,9,0.08490661,0.00677853005967014
2017-02-27,0.1,0.0938506665,0.00212557468780985
2017-02-27,1.6,0.0970608965,0.0203694478540992
2017-02-27,3.8,0.091047343,0.0224396946393038
2017-02-27,5,0.0873446305,0.0208138155283725
2017-02-27,6.2,0.0800734445,0.0174183573484516
2017-02-27,8,0.0784464415,0.0318029038709176
2017-02-27,9,0.084961437,0.0462201020748835
2017-03-13,0.1,0.0795342955,0.00708129121761358
2017-03-13,1.6,0.0791141035,0.016450565546504
2017-03-13,3.8,0.0835123485,0.0169325055820031
2017-03-13,5,0.083444825,0.0143841883888895
2017-03-13,6.2,0.0875772245,0.0124275273854546
2017-03-13,8,0.1039167105,0.0128101294174783
2017-03-13,9,0.111218842,0.0127250526830707
2017-03-27,0.1,0.085018689,0.00241444654950139
2017-03-27,1.6,0.0965450635,0.0285866983438147
2017-03-27,3.8,0.0911710425,0.180990444819586
2017-03-27,5,0.0881886675,0.10570699457004
2017-03-27,6.2,0.0831835065,0.0438543709541281
2017-03-27,9,0.0865866605,0.0740891329585241
2017-04-17,0.1,0.1687312395,0.00626062306786697
2017-04-17,1.6,0.168449121,0.0341771953337119
2017-04-17,3.8,0.138481051,0.367142964162588
2017-04-17,5,0.1380847675,0.14339703030025
2017-04-17,6.2,0.127653186,0.0922705831172382
2017-04-17,8,0.085533446,0.149980007970379
2017-04-17,9,0.0662826195,0.149798338641157
2017-04-24,0.1,0.248115212,0
2017-04-24,1.6,0.254448793,0.0367949990826375
2017-04-24,3.8,0.21270219,0.636915986442553
2017-04-24,5,0.1931537155,0.300334720657003
2017-04-24,6.2,0.115216583,0.156680187288296
2017-04-24,8,0.1127359725,0.223422485117061
2017-04-24,9,0.101412937,0.22326557502955
2017-05-05,0.1,0.2097293925,0
2017-05-05,1.6,0.306239346,0.060570803237167
2017-05-05,3.8,0.21189305,0.0538033790875701
2017-05-05,5,0.1428330605,0.257687284936687
2017-05-05,6.2,0.1473569665,0.250449229366431
2017-05-05,8,0.100487447,0.288751547913516
2017-05-05,9,0.1033455285,0.288605496091619
2017-05-08,0.1,0.2388656075,0
2017-05-08,1.6,0.2376029315,0.0420760122344046
2017-05-08,3.8,0.234473949,0.0361903213266389
2017-05-08,5,0.190324076,0.210542818965133
2017-05-08,6.2,0.130308156,0.260138143856133
2017-05-08,8,0.0833413325,0.304901705881485
2017-05-08,9,0.092522955,0.304753005210886
2017-05-15,0.1,0.166191413,0
2017-05-15,1.6,0.2210861445,0.153777073677427
2017-05-15,3.8,0.188197806,0.416917191873969
2017-05-15,5,0.1253164155,0.122885000028829
2017-05-15,6.2,0.1310119315,0.252440475752602
2017-05-15,8,0.07048748,0.361125389757948
2017-05-15,9,0.0710139795,0.360992511155309
2017-05-22,0.1,0.3100488205,0.00867502444094233
2017-05-22,1.6,0.3668456835,0.0722665811979712
2017-05-22,3.8,0.140417078,0.948490807999169
2017-05-22,5,0.083215262,0.223143199254791
2017-05-22,6.2,0.0643748455,0.260701846092565
2017-05-22,8,0.1280973795,0.352797855595938
2017-05-22,9,0.078402741,0.352627180371199
2017-05-29,0.1,0.2027685745,0.0195469965216808
2017-05-29,1.6,0.246459962,0.136532241718795
2017-05-29,3.8,0.06361909,1.10415237122251
2017-05-29,5,0.0755341875,0.374690602521383
2017-05-29,6.2,0.0813143765,0.28803061461663
2017-05-29,8,0.0673446335,0.397564988964651
2017-05-29,9,0.083684402,0.397398355309893
2017-06-05,0.1,0.1933860035,0.0179850022183711
2017-06-05,1.6,0.262352809,0.145850850096701
2017-06-05,3.8,0.114766119,1.50503035023882
2017-06-05,5,0.0489408575,0.447566412373292
2017-06-05,6.2,0.06018451,0.361288402985277
2017-06-05,8,0.069266772,0.362012326295855
2017-06-05,9,0.065976336,0.361685999680008
2017-06-12,0.1,0.1685839475,0.00624594909705012
2017-06-12,1.6,0.2501781515,0.429690477461168
2017-06-12,3.8,0.10956496,1.89804437077044
2017-06-12,5,0.053731224,0.557143973192318
2017-06-12,6.2,0.0905565805,0.410318365318989
2017-06-12,8,0.0719661845,0.411089350188353
2017-06-12,9,0.0747901365,0.410743713719059
2017-06-20,0.1,0.326536971,0.0138514021578108
2017-06-20,1.6,0.336256024,0.155337887514571
2017-06-20,3.8,0.1195972825,2.44604407810137
2017-06-20,5,0.121234923,0.744529069551107
2017-06-20,6.2,0.126191224,0.465629863978538
2017-06-20,8,0.107369399,0.466485603688666
2017-06-20,9,0.109257163,0.466099340369348
2017-06-26,0.1,0.2750146175,0.0203053126101048
2017-06-26,1.6,0.2681466095,0.212108099657182
2017-06-26,3.8,0.1276905355,2.61831147415198
2017-06-26,5,0.112902482,0.964955354490102
2017-06-26,6.2,0.221926639,0.510478981819349
2017-06-26,8,0.214116873,0.511406683776228
2017-06-26,9,0.2247633505,0.510991035425366
2017-07-06,0.1,0.2852174075,0.0331208779327313
2017-07-06,1.6,0.2824098495,1.13987491167864
2017-07-06,3.8,0.136490079,3.27584630914226
2017-07-06,5,0.086127112,1.03334581833024
2017-07-06,6.2,0.1910446245,0.581462505693704
2017-07-06,8,0.1422266555,0.582524377163655
2017-07-06,9,0.191133776,0.582052514696078
2017-07-10,0.1,0.310042194,0.0634926818529517
2017-07-10,1.6,0.300850582,0.867063580644243
2017-07-10,3.8,0.1247449115,3.3999588915337
2017-07-10,5,0.086425592,1.09519421741444
2017-07-10,6.2,0.103433791,0.61059964635139
2017-07-10,8,0.0796802985,0.611727199144956
2017-07-10,9,0.0788371855,0.611227923216291
2017-07-17,0.1,0.2220802825,0.177042173310073
2017-07-17,1.6,0.0850413645,0.404048560816531
2017-07-17,3.8,0.0579761625,4.03205149702164
2017-07-17,5,0.062804922,1.13542755514445
2017-07-17,6.2,0.023475296,0.660962814922249
2017-07-17,8,0.009426744,0.662210767548489
2017-07-17,9,0.0160673445,0.661664440934915
2017-07-24,0.1,0.323611683,0.0346217602040178
2017-07-24,1.6,0.286088305,0.30794601555973
2017-07-24,3.8,0.1096051265,4.57706759110784
2017-07-24,5,0.0254977775,1.20845574412071
2017-07-24,6.2,0.1060240355,0.712492844074459
2017-07-24,8,0.1406449155,0.713907696038869
2017-07-24,9,0.068228251,0.713283371223463
2017-07-31,0.1,0.294574395,0.00239969867872206
2017-07-31,1.6,0.3138564095,0.189903082883601
2017-07-31,3.8,0.1279910795,4.42889741240401
2017-07-31,5,2.2771097925,1.52879129570453
2017-07-31,6.2,0.9822697285,0.770836192905778
2017-07-31,8,0.443095542,0.772436248812144
2017-07-31,9,0.073756357,0.771729127787667
2017-08-07,0.1,0.257945033,0.018296124204064
2017-08-07,1.6,0.296586211,0.177451915595301
2017-08-07,3.8,0.166963782,4.1311290469951
2017-08-07,5,3.7710803255,1.79122420813456
2017-08-07,6.2,0.7867532875,0.831086398488686
2017-08-07,8,0.1101523175,0.832867105632528
2017-08-07,9,0.058437245,0.832083917945888
2017-08-22,0.1,0.154686049,0.0681981747412228
2017-08-22,1.6,0.265278582,0.514075144934849
2017-08-22,3.8,0.1339410985,5.86150790922996
2017-08-22,5,1.8481498675,2.33003387830697
2017-08-22,6.2,0.257797127,0.967166046812773
2017-08-22,8,0.137647466,0.969421476730991
2017-08-22,9,0.2477052325,0.96843174147706
2017-08-28,0.1,0.1480450415,0
2017-08-28,0.6,0.15326766,0.0492437113700811
2017-08-28,1.6,0.154697226,0.256540015972949
2017-08-28,3.8,0.121294292,6.56267137890495
2017-08-28,5,0.087869557,2.70475256981734
2017-08-28,6.2,0.044651767,1.03571574180276
2017-08-28,6.5,0.041320033,1.03583630681021
2017-08-28,8,0.024332793,1.03819081662111
2017-08-28,9,0.03305818,1.03712017509611
2017-09-04,0.1,0.099507073,0
2017-09-04,1.6,0.1075418175,0.15688257209417
2017-09-04,3.8,0.101881002,0.239055337375308
2017-09-04,5,0.44172201,3.07230910331736
2017-09-04,6.2,0.156198409,1.14910940082276
2017-09-04,8,0.029318792,1.15202350033281
2017-09-04,9,0.191810969,1.15073897396373
2017-09-11,0.1,0.044500067,0
2017-09-11,1.6,0.0404674165,0.086656859839506
2017-09-11,3.8,0.045566169,0.0731671067128711
2017-09-11,6.2,0.1403062425,1.2644912860361
2017-09-11,8,0.0188769255,1.26780478695201
2017-09-11,9,0.0679989985,1.26634846357837
2017-09-18,0.1,0.1130360435,0.0503132224553437
2017-09-18,1.6,0.0917817955,0.259067796404768
2017-09-18,3.8,0.0323627415,1.1977000831096
2017-09-18,5,0.1728787985,0.405114530449521
2017-09-18,6.2,0.5491413665,1.33207455942339
2017-09-18,8,0.0259923685,1.33540007758827
2017-09-18,9,0.0433201745,1.33392044473394
2017-09-25,0.1,0.149123465,0.0391573454440304
2017-09-25,1.6,0.077215522,0.198938742292992
2017-09-25,3.8,0.0266266945,2.14308270066902
2017-09-25,5,0.007374031,0.731969401330496
2017-09-25,6.2,0.0098910315,1.40452285380243
2017-09-25,8,0.009047023,1.40824483082068
2017-09-25,9,0.0105389725,1.40660257566777
2017-10-02,0.1,0.10137194,0.0718212011620241
2017-10-02,1.6,0.1025958615,0.157225891807792
2017-10-02,3.8,0.1000607765,0.135168454901692
2017-10-02,5,0.5644453455,0.865333665602929
2017-10-02,6.2,0.074823794,1.44592592842352
2017-10-02,8,0.0404696755,1.49947164258222
2017-10-02,9,0.024562919,1.49831241484345
2017-10-09,0.1,0.1097632565,0.0154547468536441
2017-10-09,1.6,0.1158868705,0.100460449192784
2017-10-09,3.8,0.06041644,0.626476649181459
2017-10-09,5,0.514116244,0.917939209813736
2017-10-09,6.2,0.025049974,1.40813675373081
2017-10-09,8,0.1200922845,1.5271021001008
2017-10-09,9,0.0353917425,1.52634905749904
2017-10-16,0.1,0.1366503385,0.0128107486578359
2017-10-16,1.6,0.154711654,0.129824715916262
2017-10-16,3.8,0.1222167915,1.57192327713115
2017-10-16,5,0.2238894465,1.04745070006438
2017-10-16,6.2,0.083179012,1.38427643677724
2017-10-16,8,0.0491722125,1.72933931554551
2017-10-16,9,0.02713144,1.72853245722441
2017-10-23,0.1,0.0611376815,0.00155596149246002
2017-10-23,1.6,0.0654896255,0.0845000246654977
2017-10-23,3.8,0.0501718405,0.168730225920776
2017-10-23,5,0.036332878,0.990443321415505
2017-10-23,6.2,0.0288682025,1.41815166242121
2017-10-23,8,0.038302652,1.84765634256042
2017-10-23,9,0.079625766,1.84683267220112
2017-12-12,0.1,0.093832496,0.00258395488656711
2017-12-12,1.6,0.0932405825,0.0164344535510204
2017-12-12,3.8,0.0877793225,0.0160211243155128
2017-12-12,5,0.093989449,0.0136696242257863
2017-12-12,6.2,0.0947314835,0.0136649850121118
2017-12-12,8,0.0966193405,0.0139041061577509
2017-12-12,9,0.093364318,0.0138184071124152
2018-01-15,0.1,0.408236803,0.00694674139296544
2018-01-15,1.6,0.3817882215,0.0124227602880468
2018-01-15,3.8,0.428271196,0.0126092526053762
2018-01-15,5,0.453436512,0.011570704523718
2018-01-15,6.2,0.445637435,0.0115768340209674
2018-01-15,8,0.4516259865,0.0117670214948216
2018-01-15,9,0.449294085,0.0116921718680177
2018-03-19,0.1,0.060581966,0.00648470870266399
2018-03-19,1.6,0.039800991,0.0143021101030729
2018-03-19,3.8,0.0390366835,0.0334307476867277
2018-03-19,5,0.022397786,0.0238808374195154
2018-03-19,6.2,0.059520194,0.0233425575812126
2018-03-19,8,0.043141331,0.0242258902335965
2018-03-19,9,0.0444694385,0.0241742879668023
2018-04-04,0.1,0.1816260495,0.00606539370630211
2018-04-04,1.6,0.2080674475,0.0277235786535186
2018-04-04,3.8,0.1113547455,0.091807932994329
2018-04-04,5,0.0985894045,0.156809207312897
2018-04-04,6.2,0.086507209,0.141500091849723
2018-04-04,8,0.0882420735,0.141823508962598
2018-04-04,9,0.171765304,0.14170206979307
2018-04-23,0.1,0.1962372135,0.00252901579327789
2018-04-23,1.6,0.2194196425,0.0686704330039889
2018-04-23,3.8,0.1486751365,0.141905274454049
2018-04-23,5,0.080218238,0.139385612252679
2018-04-23,6.2,0.0474860255,0.0902050696295986
2018-04-23,8,0.055066657,0.149233830400686
2018-04-23,9,0.078746,0.14912944232181
2018-04-30,0.1,0.2311641555,0.00325578491000601
2018-04-30,1.6,0.2496049825,0.0293855407857818
2018-04-30,3.8,0.2549239155,0.377356759369527
2018-04-30,5,0.219208637,0.410616828085886
2018-04-30,6.2,0.0617342525,0.195395499910246
2018-04-30,8,0.059636062,0.188542662842564
2018-04-30,9,0.062208598,0.188455784106455
2018-05-07,0.1,0.386858128,0.0152598427816698
2018-05-07,1.6,0.3719770045,0.0370817006649395
2018-05-07,3.8,0.2927670985,1.71005694735955
2018-05-07,5,0.222662983,1.21840667234011
2018-05-07,6.2,0.198334916,0.379304477134453
2018-05-07,8,0.0983368545,0.251540766344648
2018-05-07,9,0.105221685,0.251462783518501
2018-05-14,0.1,0.487841003,0.0387962122376079
2018-05-14,1.6,0.6875384755,0.067186190064416
2018-05-14,3.8,0.484241012,3.99068409528945
2018-05-14,5,0.3751962275,2.5108421990131
2018-05-14,6.2,0.221832577,0.613495680856557
2018-05-14,8,0.271910389,0.319860949663939
2018-05-14,9,0.2076417635,0.319789691788119
2018-05-21,0.1,0.789981855,0.00405815133857822
2018-05-21,1.6,0.703399038,0.0715626232328087
2018-05-21,3.8,0.7467029875,6.98560203643023
2018-05-21,5,0.747231712833333,4.40198704718994
2018-05-21,6.2,0.483050508,0.434853068606651
2018-05-21,8,0.3112998725,0.409849026363344
2018-05-21,9,0.481166411,0.409712191099497
2018-05-28,0.1,0.4453842105,0
2018-05-28,1.6,0.4755824465,0.0833680093889427
2018-05-28,3.8,0.2725045985,10.1247143685884
2018-05-28,5,0.0525033246,5.67989663750165
2018-05-28,6.2,0.0851637855,0.82518800260995
2018-05-28,8,0.0898836595,0.807392869925773
2018-05-28,9,0.176892959,0.807235111816995
2018-06-04,0.1,0.4536376155,0.00439173063113962
2018-06-04,1.6,0.548293622,0.0839821220523956
2018-06-04,3.8,0.100381443,13.4630665171743
2018-06-04,5,0.2543938925,6.54920503398575
2018-06-04,6.2,0.067624188,1.18201966846239
2018-06-04,8,0.0687557645,1.18256078763378
2018-06-04,9,0.065326929,1.18237331476489
2018-06-11,0.1,0.313643954,0.0233857654805992
2018-06-11,1.6,0.502421684,0.149946567707269
2018-06-11,3.8,0.1953531395,8.30116319220101
2018-06-11,5,0.147049929,7.60096147456407
2018-06-11,6.2,0.0678158385,1.21203443314902
2018-06-11,8,0.06436006,1.21263607887012
2018-06-11,9,0.0607723535,1.21242844866689
2018-06-18,0.1,0.383683446,0.0383054830382197
2018-06-18,1.6,0.425832451,0.11974220372601
2018-06-18,3.8,0.2113944515,12.5874827463504
2018-06-18,5,0.254319801,8.9845869426304
2018-06-18,6.2,0.0856832795,1.23108566912337
2018-06-18,8,0.079832402,1.23176827807213
2018-06-18,9,0.0782404065,1.23153230665373
2018-06-25,1.6,0.5527352065,0.159820525704507
2018-06-25,3.8,0.2967343835,18.0873213965579
2018-06-25,6.2,0.1269483495,1.29464743232139
2018-06-25,8,0.236811277,1.29542571820514
2018-06-25,9,0.237765482,1.29515780378659
2018-07-02,0.1,0.3062200795,0.0652412655774179
2018-07-02,1.6,0.4791239445,0.174977514003789
2018-07-02,3.8,0.0939220145,22.3351150347468
2018-07-02,6.2,0.185528344,1.34294003464441
2018-07-02,8,0.2063583275,1.34384656489783
2018-07-02,9,0.19650554,1.34353350074422
2018-07-09,1.6,0.30948287,0.780177689110361
2018-07-09,3.8,0.1075978365,20.6849439520135
2018-07-09,5,0.1260965955,14.8314116661011
2018-07-09,6.2,0.088502664,1.41970976412754
2018-07-09,8,0.086276629,1.42077450252833
2018-07-09,9,0.07256043,1.42040707063126
2018-07-16,0.1,0.495118594,0.131092832458401
2018-07-16,1.6,0.647154885,0.27713949591815
2018-07-16,3.8,0.233171903,18.6828076149986
2018-07-16,5,0.1850464795,14.9432505400006
2018-07-16,6.2,0.085953485,1.49369069285334
2018-07-16,8,0.102853696,1.49494448737034
2018-07-16,9,0.0792618075,1.49451590437004
2018-07-23,0.1,0.316081591,0.024924156066461
2018-07-23,1.6,0.272195426,0.201775166952924
2018-07-23,3.8,0.07133467,23.7611044955175
2018-07-23,5,0.047450432,17.2809554790921
2018-07-23,6.2,0.001292637,1.62791302009137
2018-07-23,8,0.0098642595,1.62953176497716
2018-07-23,9,0.002971788,1.62897367215904
2018-07-30,0.1,0.272195328,0.0244813702367608
2018-07-30,1.6,0.241708507,0.219961847500926
2018-07-30,3.8,0.131293252,29.6334893851521
2018-07-30,5,0.060870078,21.3368061776554
2018-07-30,6.2,0.019792155,1.79154133164262
2018-07-30,8,0.0164246325,1.79401496257823
2018-07-30,9,0.0507616995,1.7931596037956
2018-08-06,0.1,0.2905882085,0.140818983126006
2018-08-06,1.6,0.291049643,0.251586771213257
2018-08-06,3.8,0.097356443,23.3100404622063
2018-08-06,5,1.6439852525,25.2585044645144
2018-08-06,6.2,0.6400850695,2.163313483858
2018-08-06,8,1.8415405505,2.16784060028017
2018-08-06,9,13.62048267,2.16627064810895
2018-08-13,0.1,0.3538597995,0.215150591088552
2018-08-13,1.6,0.353859653,0.335448831371352
2018-08-13,3.8,13.395393875,32.2582219353145
2018-08-13,5,1.352519106,28.8749964440959
2018-08-13,6.2,0.0024139385,3.04128610147768
2018-08-13,8,0.039901817,3.05375095455739
2018-08-13,9,0.00728894,3.04945781436908
2018-08-20,0.1,0.3246129915,0.161991942366711
2018-08-20,1.6,0.569301506,0.301629533941849
2018-08-20,3.8,0.297794439,38.0209630418232
2018-08-20,5,0.257563153,34.7881353309344
2018-08-20,6.2,1.3004445045,8.63236766321929
2018-08-20,8,6.0907275165,8.71745827665243
2018-08-20,9,20.84035825,8.68826648191761
2018-08-27,0.1,0.3496689105,0.0535883582628845
2018-08-27,1.6,0.2944571655,0.197468772289449
2018-08-27,3.8,7.612448155,26.6609573553709
2018-08-27,5,4.9568882025,44.5838687738916
2018-08-27,6.2,3.7515225055,25.1811000537516
2018-08-27,8,28.99858217,25.2829721468119
2018-08-27,9,84.718460885,25.2479135369312
2018-09-03,0.1,0.638354952,0.251839003800158
2018-09-03,1.6,0.651742267,0.423436210825255
2018-09-03,3.8,1.4294050565,36.3755132305069
2018-09-03,5,16.24810981,57.8157001867311
2018-09-03,6.2,18.221400435,42.5731761378399
2018-09-03,8,25.446235145,42.6789526724267
2018-09-03,9,35.63201893,42.6426527491944
2018-09-10,0.1,0.2894710275,0.0182840270142563
2018-09-10,1.6,0.357203941,0.272264597384736
2018-09-10,3.8,2.785210024,43.0991268224607
2018-09-10,5,13.116266565,70.2299804953631
2018-09-10,6.2,24.24016712,60.6361925047675
2018-09-10,8,28.6554769,60.7464309968271
2018-09-10,9,34.609102725,60.7084273805313
2018-09-17,0.1,0.3401910855,0
2018-09-17,1.6,0.4889274325,0.253948237087968
2018-09-17,3.8,2.782164285,0.271992421923721
2018-09-17,5,27.3129106,35.1470592469864
2018-09-17,6.2,42.09217831,74.8443183552093
2018-09-17,8,68.278138405,77.7898858562155
2018-09-17,9,65.68336306,77.7626965913727
2018-09-24,0.1,0.0488329485,0.011214906221374
2018-09-24,1.6,0.0684653075,0.252206217747626
2018-09-24,3.8,0.1279526795,4.21416218845107
2018-09-24,5,3.4106382585,34.1167632089655
2018-09-24,6.2,14.79154202,86.1985758451151
2018-09-24,8,17.934338155,94.6826707600646
2018-09-24,9,13.779683635,94.6433634112253
2018-10-01,0.1,0.1634980285,0
2018-10-01,1.6,0.238716355,0.151651306951005
2018-10-01,3.8,0.116065141,5.837825226265
2018-10-01,5,26.56174119,39.0167581643998
2018-10-01,6.2,64.369868505,97.4819010661417
2018-10-01,8,76.50622466,119.448093874704
2018-10-01,9,94.59549549,119.374264904068
2018-10-08,0.1,0.135046967,0.200531932932814
2018-10-08,1.6,0.074458922,1.03768741205419
2018-10-08,3.8,0.49196969,8.57162636584514
2018-10-08,5,21.139139115,48.7724093264127
2018-10-08,6.2,71.73322593,113.437827846265
2018-10-08,8,93.557477685,154.286132323059
2018-10-08,9,116.7128727,154.21304915214
2018-10-15,0.1,0.01958258,0.0218412905259341
2018-10-15,1.6,0.032559819,0.366855528715255
2018-10-15,3.8,0.006750124,0.413354259725821
2018-10-15,5,0.100299431,20.3510326424969
2018-10-15,6.2,25.381941205,115.918644734974
2018-10-15,8,84.857435775,171.089880485275
2018-10-15,9,152.6216898,171.065899818721
2018-10-21,5,0.863657065,5.73384077603746
2018-10-21,9,170.7015909,76.261105405075
2018-10-22,0.1,0.896962641,0.00626600600344315
2018-10-22,1.6,0.9228319595,0.4159770297764
2018-10-22,3.8,1.103981223,0.426715955842835
2018-10-22,5,0.94608674,0.419428245400985
2018-10-22,6.2,4.3786232675,0.428843203370821
2018-10-22,8,34.415595395,0.452930439032985
2018-10-22,9,198.6566301,0.452536162703861
2018-10-29,0.1,0.0155036005,0
2018-10-29,1.6,0.017684988,0.0420656386993631
2018-10-29,3.8,0.012568721,0.0446031556336582
2018-10-29,5,0.015274394,0.0355008467416134
2018-10-29,6.2,0.0216030025,0.0355870484930061
2018-10-29,8,0.0133302535,0.0373635138246634
2018-10-29,9,0.011683215,0.0376521575632256
