"time","depth","temp","OXY_oxy","NIT_amm","NIT_nit","PHS_frp","OGM_doc","TN_ugL","TP_ugL","NP","CN","CP","doy"
2014-02-24,9,NA,NA,0.498891352549889,0.0967741935483871,0.021058971437717,NA,NA,NA,NA,NA,NA,55
2014-03-07,9,NA,NA,0.443458980044346,0.032258064516129,0.021058971437717,NA,NA,NA,NA,NA,NA,66
2014-03-20,9,NA,NA,0.443458980044346,0.032258064516129,0.0421179428754341,NA,14,0.623183726186632,22.4652849740933,NA,NA,79
2014-04-01,9,NA,NA,0.554323725055432,0.129032258064516,0.0105294857188585,NA,13,0.626412657410397,20.7530927835052,NA,NA,91
2014-04-08,9,NA,NA,0.388026607538803,0.0161290322580645,0.021058971437717,NA,15.2142857142857,0.668388763319341,22.7626293995859,NA,NA,98
2014-04-16,9,NA,NA,0.831485587583149,0.0161290322580645,0.0421179428754341,NA,17.3571428571429,0.652244107200517,26.6114214992928,NA,NA,106
2014-04-21,9,NA,NA,0.498891352549889,0.032258064516129,0.0315884571565756,174.854288093256,18.2142857142857,0.710364869228285,25.6407467532467,9.59984326786502,246.147150102188,111
2014-04-23,9,NA,NA,NA,NA,NA,NA,29.9285714285714,0.506942202131095,59.0374431301183,NA,NA,113
2014-04-28,9,NA,NA,0.554323725055432,0.0967741935483871,0.0421179428754341,158.201498751041,11.5,0.364869228285438,31.5181415929204,13.7566520653079,433.584107638914,118
2014-05-05,9,7.6969,164.6596875,1.10864745011086,0.0483870967741935,0.021058971437717,149.875104079933,11.1428571428571,0.348724572166613,31.9531746031746,13.4503298533274,429.780738273661,125
2014-05-12,9,8.6937,238.63375,0.554323725055432,0.0483870967741935,0.0105294857188585,149.875104079933,15.7857142857143,0.516628995802389,30.5552232142857,9.49435048470166,290.101998334721,132
2014-05-19,9,9.1357,260.0896875,0.498891352549889,0.0483870967741935,0.0421179428754341,149.875104079933,12,0.342266709719083,35.0603773584906,12.4895920066611,437.889808807126,139
2014-05-26,9,9.4783,283.4453125,0.498891352549889,0.0483870967741935,0.0315884571565756,166.527893422148,11.5,0.348724572166613,32.9773148148148,14.4806863845346,477.534153637401,146
2014-06-02,9,9.8116,296.7628125,0.498891352549889,0.032258064516129,0.0315884571565756,166.527893422148,12.7142857142857,0.555376170487569,22.8931063122924,13.0976994826409,299.847026702554,153
2014-06-09,9,9.6145,118.205,2.60532150776053,1.19354838709677,0.0315884571565756,174.854288093256,20.4285714285714,0.800774943493704,25.5110023041475,8.55930081575377,218.356342832586,160
2014-06-16,9,9.6232,43.0209375,6.87361419068736,0.0967741935483871,0.0421179428754341,149.875104079933,18.0142857142857,0.487568614788505,36.9471807000946,8.31979166185197,307.392845917585,167
2014-06-23,9,9.6975,29.610625,9.81152993348115,0.145161290322581,0.0947653714697267,174.854288093256,22.2785714285714,0.561834032935099,39.6532963875205,7.84854130588515,311.220534611961,174
2014-06-29,9,9.9393,82.0053125,11.1973392461197,0.032258064516129,0.0947653714697267,241.465445462115,25,0.665159832095576,37.5849514563107,9.6586178184846,363.018681842801,180
2014-06-30,9,10.0784,132.60375,3.21507760532151,0.032258064516129,0.0421179428754341,158.201498751041,18.7857142857143,0.355182434614143,52.8903246753247,8.42137255708963,445.409128756339,181
2014-07-07,9,10.4811,164.020625,1.77383592017738,0.0161290322580645,0.0737064000320096,166.527893422148,18,0.758798837584759,23.7217021276596,9.25154963456379,219.46250465038,188
2014-07-14,9,10.7946,185.6003125,2.10643015521064,0.032258064516129,0.0631769143131511,166.527893422148,15.2857142857143,0.894413948982887,17.0902011346055,10.8943481678041,186.186601418192,195
2014-07-21,9,10.9852,201.5328125,0.554323725055432,0.0967741935483871,0.0526474285942926,158.201498751041,14.7857142857143,0.548918308040039,26.9360924369748,10.6996182730173,288.205906842337,202
2014-07-28,9,11.2093,208.435625,0.554323725055432,0.0645161290322581,0.0421179428754341,166.527893422148,12.4928571428571,0.607039070067808,20.5799886018237,13.3298485300748,274.328130812975,209
2014-08-04,9,11.1576,7.6471875,5.04434589800444,0,0.0631769143131511,183.180682764363,33.2214285714286,1.2980303519535,25.5937224591329,5.51393153881119,141.122033462993,216
2014-08-11,9,11.1679,4.7840625,9.75609756097561,0.0645161290322581,0.0526474285942926,233.139050791007,19.9571428571429,0.671617694543106,29.7150343406593,11.6819853653332,347.130596297957,223
2014-08-18,9,11.1879,3.7121875,46.0088691796009,0.0967741935483871,0.157942285782878,241.465445462115,77.4428571428571,0.487568614788505,158.834787133396,3.11798214025974,495.244029533887,230
2014-08-25,9,11.5961,90.8734375,0.388026607538803,0.0806451612903226,0.0526474285942926,158.201498751041,11.4,0.442363577655796,25.7706569343066,13.8773244518457,357.627767614579,237
2014-09-03,9,11.9711,134.6475,0.332594235033259,0.0161290322580645,0.0526474285942926,158.201498751041,11.6214285714286,0.674846625766871,17.2208441558442,13.6129132299605,234.425857240179,246
2014-09-08,9,12.1371,150.03875,0.665188470066519,0.032258064516129,0.0421179428754341,158.201498751041,14.2142857142857,0.390700678075557,36.3815230224321,11.1297536809777,404.91738977849,251
2014-09-15,9,12.3693,176.1740625,1.94013303769401,0.0483870967741935,0.0526474285942926,174.854288093256,13.5,0.607039070067808,22.2390957446809,12.9521694883893,288.044537353624,258
2014-09-22,9,12.6842,205.89625,1.77383592017738,0.032258064516129,0.0526474285942926,141.548709408826,14.2857142857143,0.345495640942848,41.3484646194926,9.90840965861782,409.697526204798,265
2014-09-29,9,12.9717,230.6615625,0.554323725055432,0.0483870967741935,0.0737064000320096,174.854288093256,13.5,0.558605101711334,24.1673410404624,12.9521694883893,313.019497239776,272
2014-10-06,9,NA,NA,0.443458980044346,0.0161290322580645,0.0315884571565756,124.895920066611,14.3571428571429,0.545689376816274,26.3101014370245,8.6992183130973,228.877316240411,279
2014-10-15,9,13.5347,281.7715625,1.10864745011086,0.0161290322580645,0.0315884571565756,174.854288093256,14.5,0.48433968356474,29.9376666666667,12.0589164202245,361.015820149875,288
2014-10-23,9,14.228,274.278125,0.221729490022173,0.0161290322580645,0.0631769143131511,183.180682764363,14.8571428571429,0.72005166289958,20.6334401024984,12.3294690322167,254.399360771853,296
2014-11-10,9,10.2676,311.071875,0.221729490022173,0.032258064516129,0.0526474285942926,283.097418817652,14.6428571428571,0.749112043913465,19.5469519704433,19.3334822607177,377.910649171667,314
2014-12-10,9,5.3158,332.285625,0.221729490022173,0.0161290322580645,0.0631769143131511,NA,13.2142857142857,0.303519535033904,43.5368541033435,NA,NA,344
2015-02-06,9,NA,NA,0.665188470066519,0.032258064516129,0.0631769143131511,NA,9.5,0.455279302550856,20.8663120567376,NA,NA,37
2015-03-16,9,4.169,217.5615625,4.71175166297118,0.161290322580645,0.0315884571565756,NA,14.1428571428571,0.481110752340975,29.3962607861937,NA,NA,75
2015-03-31,9,5.8218,250.3325,0.720620842572062,0.0806451612903226,0.0421179428754341,158.201498751041,8.42857142857143,0.458508233774621,18.3825955734406,18.7696693433438,345.035240585897,90
2015-04-07,9,6.424,244.159375,1.10864745011086,0.0483870967741935,0.0526474285942926,158.201498751041,8.14285714285714,0.410074265418147,19.8570303712036,19.428254232584,385.787434355885,97
2015-04-13,9,6.6993,229.8978125,2.21729490022173,0.0967741935483871,0.0421179428754341,141.548709408826,10.2857142857143,0.516628995802389,19.9092857142857,13.7616800814136,273.985220649459,103
2015-04-16,9,6.8283,217.781875,3.65853658536585,0.0967741935483871,0.0526474285942926,NA,12.3571428571429,0.429447852760736,28.7744897959184,NA,NA,106
2015-04-19,9,6.7975,193.6184375,4.76718403547672,0.145161290322581,0.0631769143131511,NA,14.9285714285714,0.523086858249919,28.5393738977072,NA,NA,109
2015-04-21,9,6.9025,191.430625,4.21286031042129,0.129032258064516,0.0631769143131511,149.875104079933,12.5,0.280917016467549,44.4971264367816,11.9900083263947,533.520916477648,111
2015-04-25,9,7.1885,192.806875,5.15521064301552,0.161290322580645,0.0421179428754341,NA,NA,2.00193735873426,NA,NA,NA,115
2015-04-28,9,7.1426,157.6196875,8.03769401330377,0.145161290322581,0.0526474285942926,141.548709408826,17.2857142857143,0.439134646432031,39.3631302521008,8.18876831290729,322.335553705246,118
2015-05-01,9,7.2225,158.8521875,4.21286031042129,0.145161290322581,0.0421179428754341,NA,11.6785714285714,0.455279302550856,25.651443768997,NA,NA,121
2015-05-05,9,7.5286,149.5571875,4.93348115299335,0.129032258064516,0.0526474285942926,174.854288093256,14.9285714285714,0.393929609299322,37.8965456674473,11.7127274320841,443.871910020338,125
2015-05-11,9,8.1728,202.9109375,NA,NA,NA,183.180682764363,16.25,0.574749757830158,28.2731741573034,11.2726574008839,318.713805910805,131
2015-05-18,9,8.5828,215.0184375,0.720620842572062,0.0806451612903226,0.0737064000320096,258.11823480433,12.7857142857143,0.487568614788505,26.2234153263955,20.1880183645845,529.398790191397,138
2015-05-25,9,8.9375,230.6609375,0.388026607538803,0.0645161290322581,0.0315884571565756,149.875104079933,13.2857142857143,0.668388763319341,19.8772256728778,11.2809218124681,224.233428664519,145
2015-06-01,9,9.1,255,0.221729490022173,0.0161290322580645,0.189530742939453,149.875104079933,13.5714285714286,0.597352276396513,22.719305019305,11.0434287216793,250.899025586786,152
2015-06-08,9,8.9974,24.4975,NA,NA,NA,191.50707743547,16.1428571428571,0.697449144333226,23.1455687830688,11.8632702836132,274.582138341506,159
2015-06-15,9,9.9339,169.9884375,0.332594235033259,0.0483870967741935,0.0526474285942926,183.180682764363,19.4642857142857,1.02680012915725,18.9562556154537,9.41111764660948,178.399551736237,166
2015-06-22,9,10.3299,158.6353125,0.554323725055432,0.032258064516129,0.0737064000320096,174.854288093256,22.1428571428571,1.13658379076526,19.4819399350649,7.89664526872767,153.841968813867,173
2015-06-29,9,11.5338,232.1559375,0.554323725055432,0.0483870967741935,0.0737064000320096,183.180682764363,15.7857142857143,0.619954794962867,25.4626860119048,11.6042061479687,295.474257563142,180
2015-07-06,9,12.2791,280.4759375,4.54545454545455,0.0645161290322581,0.0631769143131511,191.50707743547,15.2142857142857,0.445592508879561,34.1439440993789,12.5873196436459,429.780738273661,187
2015-07-13,9,12.8081,312.6484375,11.0310421286031,0.0806451612903226,0.0315884571565756,208.159866777685,11.6428571428571,0.287374878915079,40.5145264847512,17.8787615637276,724.349558888192,194
2015-07-20,9,13.128,325.058125,17.1286031042129,0.112903225806452,0.147412800064019,241.465445462115,32.4571428571429,0.532773651921214,60.9210735930736,7.43951636547009,453.223323997679,201
2015-07-27,9,13.4908,290.240625,16.1862527716186,0.145161290322581,0.0421179428754341,174.854288093256,36.2357142857143,0.49079754601227,73.8302678571429,4.82546823044664,356.265611990008,208
2015-08-03,9,13.5846,249.4640625,26.219512195122,0.161290322580645,0.0421179428754341,174.854288093256,41.1928571428571,0.468195027445915,87.9822610837438,4.24477203625035,373.464641534354,215
2015-08-10,9,NA,NA,35.6430155210643,0.241935483870968,0.0526474285942926,283.097418817652,54.1642857142857,0.461737164998386,117.30544955045,5.22664362844142,613.113780474313,222
2015-08-17,9,NA,NA,40.1884700665188,0.258064516129032,0.0526474285942926,191.50707743547,60.7857142857143,0.364869228285438,166.595891276865,3.15052771339199,524.864972405002,229
2015-08-24,9,14,NA,44.2350332594235,0.274193548387097,0.0421179428754341,166.527893422148,70.1571428571429,0.452050371327091,155.19762244898,2.3736413234678,368.383489948852,236
2015-08-31,9,14.0406,294.88375,50,0.32258064516129,0.0737064000320096,166.527893422148,69.5,0.50371327090733,137.975320512821,2.39608479744098,330.600567902816,243
2015-09-07,9,14.2204,304.86625,53.7694013303769,0.612903225806452,0.0105294857188585,208.159866777685,77.8285714285714,0.545689376816274,142.624311073542,2.67459447034471,381.462193734019,250
2015-09-14,9,14.3589,313.37875,54.6008869179601,0.403225806451613,0.0631769143131511,191.50707743547,78.5714285714286,0.439134646432031,178.923319327731,2.43736280372417,436.101043248274,257
2015-09-21,9,14.5241,312.7446875,58.2039911308204,0.419354838709677,0.147412800064019,199.833472106578,89.8071428571428,0.545689376816274,164.575574809806,2.22514006958728,366.203705984658,264
2015-09-28,9,14.6793,302.260625,NA,NA,NA,NA,72.8571428571428,0.416532127865676,174.913621262458,NA,NA,271
2015-10-05,9,16.2071,186.1553125,0.720620842572062,0.112903225806452,0.0631769143131511,NA,16.7142857142857,0.542460445592509,30.8119897959184,NA,NA,278
2015-10-19,9,14.2774,228.21,0.443458980044346,0.032258064516129,0.0526474285942926,NA,14.3571428571429,0.448821440103326,31.9885405960945,NA,NA,292
2015-11-09,9,NA,NA,0.16629711751663,NA,0.0421179428754341,NA,14.2142857142857,0.542460445592509,26.2033588435374,NA,NA,313
2015-12-07,9,7.4962,313.3884375,0.221729490022173,NA,0.0315884571565756,NA,11.2857142857143,0.429447852760736,26.2795918367347,NA,NA,341
2016-01-11,9,NA,NA,0.16629711751663,0.032258064516129,0.0631769143131511,149.875104079933,10.4285714285714,0.536002583144979,19.4561962134251,14.3715853227333,279.616383937081,11
2016-02-05,9,4,393.75,3.10421286031042,0.403225806451613,0.0737064000320096,124.895920066611,12,0.536002583144979,22.3879518072289,10.4079933388843,233.0136532809,36
2016-03-30,9,6.8,220,0.332594235033259,0.0483870967741935,0.0631769143131511,141.548709408826,NA,NA,NA,NA,NA,90
2016-04-05,9,NA,NA,NA,NA,NA,124.895920066611,NA,NA,NA,NA,NA,96
2016-04-11,9,5.82,225,0.609756097560976,0.032258064516129,0.0631769143131511,133.222314737719,NA,NA,NA,NA,NA,102
2016-04-18,9,7.7,156.25,1.44124168514412,0.0483870967741935,0.0631769143131511,124.895920066611,11.5714285714286,0.716822731675815,16.1426640926641,10.7934745736578,174.235434435268,109
2016-04-18,9,7.5,116.5625,1.44124168514412,0.0483870967741935,0.0631769143131511,124.895920066611,11.5714285714286,0.716822731675815,16.1426640926641,10.7934745736578,174.235434435268,109
2016-04-25,9,8.7,286.5625,1.55210643015521,0.0806451612903226,0.0526474285942926,141.548709408826,12.5,0.742654181465935,16.8315217391304,11.3238967527061,190.598414364841,116
2016-05-02,9,9.2,338.4375,2.16186252771619,0.112903225806452,0.0526474285942926,124.895920066611,11.5,0.452050371327091,25.4396428571429,10.860514788401,276.287617461639,123
2016-05-09,9,9.6,354.6875,1.77383592017738,0.17741935483871,0.0631769143131511,141.548709408826,11.8571428571429,0.487568614788505,24.3189214758751,11.9378429621901,290.31546558883,130
2016-05-16,9,10.1013,402.2590625,0.221729490022173,0.145161290322581,0.0737064000320096,108.243130724396,10.6714285714286,0.390700678075557,27.3135655253837,10.1432652619916,277.048740374757,137
2016-05-23,9,10.3244,421.8896875,0.332594235033259,0.0483870967741935,0.105294857188585,124.895920066611,12,0.636099451081692,18.8649746192893,10.4079933388843,196.346530175784,144
2016-05-30,9,10.6061,453.27875,0.665188470066519,0.0645161290322581,0.105294857188585,116.569525395504,10.1714285714286,0.636099451081692,15.9903118201595,11.4604870473108,183.256761497399,151
2016-05-30,9,10.6061,453.27875,0.665188470066519,0.0645161290322581,0.105294857188585,116.569525395504,10.1714285714286,0.636099451081692,15.9903118201595,11.4604870473108,183.256761497399,151
2016-05-30,9,10.6061,453.27875,0.665188470066519,0.0645161290322581,0.105294857188585,116.569525395504,10.1714285714286,0.636099451081692,15.9903118201595,11.4604870473108,183.256761497399,151
2016-05-30,9,10.6061,453.27875,0.665188470066519,0.0645161290322581,0.105294857188585,116.569525395504,10.1714285714286,0.636099451081692,15.9903118201595,11.4604870473108,183.256761497399,151
2016-05-30,9,10.6061,453.27875,0.665188470066519,0.0645161290322581,0.105294857188585,116.569525395504,10.1714285714286,0.636099451081692,15.9903118201595,11.4604870473108,183.256761497399,151
2016-05-30,9,10.6061,453.27875,0.776053215077605,0.112903225806452,0.0737064000320096,141.548709408826,13.6428571428571,0.655473038424282,20.8137579169599,10.3752980718511,215.94894238381,151
2016-05-30,9,10.6061,453.27875,0.776053215077605,0.112903225806452,0.0737064000320096,141.548709408826,13.6428571428571,0.655473038424282,20.8137579169599,10.3752980718511,215.94894238381,151
2016-05-30,9,10.6061,453.27875,0.776053215077605,0.112903225806452,0.0737064000320096,141.548709408826,13.6428571428571,0.655473038424282,20.8137579169599,10.3752980718511,215.94894238381,151
2016-05-30,9,10.6061,453.27875,0.776053215077605,0.112903225806452,0.0737064000320096,141.548709408826,13.6428571428571,0.655473038424282,20.8137579169599,10.3752980718511,215.94894238381,151
2016-05-30,9,10.6061,453.27875,0.776053215077605,0.112903225806452,0.0737064000320096,141.548709408826,13.6428571428571,0.655473038424282,20.8137579169599,10.3752980718511,215.94894238381,151
2016-05-31,9,10.6914,455.783125,0.554323725055432,0.0967741935483871,0.0631769143131511,133.222314737719,14.0285714285714,0.939618986115596,14.9300638193422,9.49649901389033,141.783336337703,152
2016-06-02,9,10.8181,471.4759375,0.665188470066519,0.112903225806452,0.021058971437717,133.222314737719,11.2428571428571,0.613496932515337,18.3258571428571,11.8495070287679,217.152373022481,154
2016-06-06,9,11.1332,473.0125,0.443458980044346,0.112903225806452,0.0421179428754341,124.895920066611,10.9571428571429,0.616725863739102,17.7666342557966,11.3985846214639,202.514484003296,158
2016-06-13,9,11.5128,448.925625,0.277161862527716,0.129032258064516,0.0421179428754341,133.222314737719,11.8571428571429,0.555376170487569,21.3497508305648,11.2356169055907,239.877621362043,165
2016-06-20,9,11.8215,429.15375,1.16407982261641,0.145161290322581,0.0631769143131511,116.569525395504,13.6714285714286,0.603810138844043,22.6419327731092,8.52650655975471,193.056588315441,172
2016-06-27,9,12.0989,389.5721875,2.21729490022173,0.258064516129032,0.0526474285942926,141.548709408826,14.8857142857143,0.665159832095576,22.3791539528433,9.50903038255069,212.804054873366,179
2016-06-27,9,12.0989,389.5721875,2.21729490022173,0.258064516129032,0.0526474285942926,141.548709408826,14.8857142857143,0.665159832095576,22.3791539528433,9.50903038255069,212.804054873366,179
2016-06-27,9,12.0989,389.5721875,2.21729490022173,0.258064516129032,0.0526474285942926,141.548709408826,14.8857142857143,0.665159832095576,22.3791539528433,9.50903038255069,212.804054873366,179
2016-06-28,9,12.1129,389.3440625,1.71840354767184,0.17741935483871,0.0842358857508682,124.895920066611,14.7857142857143,0.47142395866968,31.3639432485323,8.4470670576452,264.933331812531,180
2016-06-30,9,12.2779,393.921875,2.21729490022173,0.241935483870968,0.0842358857508682,116.569525395504,16.2857142857143,0.665159832095576,24.4839112343967,7.15777787516251,175.250398131007,182
2016-07-05,9,12.5959,377.8146875,1.99556541019956,0.290322580645161,0.0842358857508682,124.895920066611,14.7857142857143,0.587665482725218,25.1600863422292,8.4470670576452,212.528936508953,187
2016-07-11,9,12.8899,346.1259375,1.82926829268293,0.354838709677419,0.105294857188585,149.875104079933,15.0285714285714,0.703907006780756,21.3502228047182,9.97267802813245,212.918897860346,193
2016-07-18,9,13.8249,214.0134375,0.498891352549889,0.258064516129032,0.0842358857508682,149.875104079933,13.8857142857143,0.661930900871811,20.9775888501742,10.7934745736578,226.421071871002,200
2016-07-25,9,13.5724,270.1178125,0.388026607538803,0.0645161290322581,0.0947653714697267,141.548709408826,15.1,0.833064255731353,18.1258527131783,9.37408671581629,169.913315131447,207
2016-07-27,9,13.8,261.875,0.110864745011086,0.0483870967741935,0.0842358857508682,149.875104079933,17.8142857142857,0.839522118178883,21.2195549450549,8.41319750248223,178.524306667521,209
2016-08-01,9,14.258,351.024375,1.10864745011086,0.0967741935483871,0.0947653714697267,141.548709408826,14.1714285714286,0.749112043913465,18.9176354679803,9.9883161881228,188.955324585834,214
2016-08-08,9,14.8091,423.3,1.88470066518847,0.0967741935483871,0.0737064000320096,166.527893422148,16.6714285714286,0.862124636745237,19.3376083467095,9.98881965685551,193.159882370185,221
2016-08-15,9,15.2258,474.5928125,8.64745011086475,0.306451612903226,0.0947653714697267,141.548709408826,21.2428571428571,0.626412657410397,33.9119219440353,6.66335552025408,225.967192288213,228
2016-08-26,9,15.7215,512.8953125,NA,NA,NA,541.215653621982,30.5285714285714,0.703907006780756,43.3701769331586,17.7281683451281,768.873797829026,239
2016-09-02,9,15.9746,476.34875,11.1973392461197,0.564516129032258,0.0631769143131511,116.569525395504,NA,NA,NA,NA,NA,246
2016-09-09,9,16.135,464.915,16.019955654102,0.967741935483871,0.0526474285942926,233.139050791007,33.9571428571429,0.545689376816274,62.2279712595097,6.86568513057237,427.237656982101,253
2016-09-20,9,16.3,333.4375,8.03769401330377,1.08064516129032,0.147412800064019,216.486261448793,24.7428571428571,0.674846625766871,36.6644155844156,8.74944474677569,320.793278328665,264
2016-09-30,9,16.6292,237.0825,15.1330376940133,1.17741935483871,0.0631769143131511,116.569525395504,35.0285714285714,0.674846625766871,51.905974025974,3.32784126333004,172.734842176974,274
2016-10-05,9,17.0862,156.6178125,7.76053215077605,0.516129032258065,0.0526474285942926,174.854288093256,26.8142857142857,0.897642880206652,29.8718859198356,6.52093775520932,194.792708713961,279
2016-10-07,9,18.6538,112.1909375,4.37915742793792,0.209677419354839,0.0526474285942926,249.791840133222,19.8857142857143,0.958992573458185,20.7360461760462,12.5613712710672,260.47317471131,281
2016-10-14,9,16.1343,243.075,0.886917960088692,0.0806451612903226,0.0315884571565756,241.465445462115,16.7428571428571,0.791088149822409,21.1643381924198,14.4219975958601,305.232034529049,288
2016-11-04,9,14.4229,156.71,0.498891352549889,0.0483870967741935,0.0631769143131511,216.486261448793,17,0.820148530836293,20.7279527559055,12.734485967576,263.959823506658,309
2016-12-02,9,8.0059,298.769375,0.221729490022173,0.0483870967741935,0.0526474285942926,191.50707743547,11.6,0.552147239263804,21.0088888888889,16.5092308134026,346.840595799796,337
2017-02-06,9,4.1,391.5625,0.221729490022173,0.0483870967741935,0.0737064000320096,141.548709408826,9.21428571428571,0.681304488214401,13.5244752877454,15.3618754397175,207.761304757883,37
2017-02-27,9,6.5,316.25,0.277161862527716,0.0645161290322581,0.0421179428754341,183.180682764363,9.07142857142857,0.590894413948983,15.3520296643247,20.1931461315046,310.005778426903,58
2017-03-13,9,7.5,306.25,0.277161862527716,0.0483870967741935,0.0421179428754341,183.180682764363,9.64285714285714,0.548918308040039,17.5670168067227,18.9965152496376,333.712102659548,72
2017-03-27,9,6.8,323.75,0.665188470066519,0.0161290322580645,0.0842358857508682,166.527893422148,12.6857142857143,0.658701969648047,19.2586554621849,13.1271988058,252.812198984506,86
2017-04-10,9,7.8,260.9375,0.277161862527716,0.032258064516129,0.0947653714697267,183.180682764363,11.2857142857143,0.72005166289958,15.6734785393978,16.2311997386144,254.399360771853,100
2017-04-17,9,8.1,240.625,0.332594235033259,0.0483870967741935,0.105294857188585,183.180682764363,9.71428571428571,0.552147239263804,17.5936507936508,18.8568349904491,331.760569895457,107
2017-04-24,9,NA,NA,0.665188470066519,0.0483870967741935,0.0947653714697267,166.527893422148,10.4285714285714,0.784630287374879,13.291064079953,15.9684281363704,212.237401616623,114
2017-05-05,9,NA,NA,0.332594235033259,0.032258064516129,0.0526474285942926,183.180682764363,16.9285714285714,0.936390054891831,18.0785467980296,10.820799825743,195.624336041804,125
2017-05-08,9,9.6,293.125,0.776053215077605,0.0806451612903226,0.021058971437717,208.159866777685,17.4,0.413303196641912,42.09984375,11.9632107343497,503.649302664446,128
2017-05-15,9,9.9,290.9375,0.942350332594235,0.145161290322581,0.021058971437717,191.50707743547,16.1428571428571,0.807232805941233,19.9977714285714,11.8632702836132,237.238967527061,135
2017-05-22,9,10.2,322.8125,0.776053215077605,0.0645161290322581,0.0737064000320096,183.180682764363,17.3857142857143,1.01065547303842,17.2024144226381,10.5362759190677,181.249384831065,142
2017-05-29,9,10.4,307.1875,2.88248337028825,0.145161290322581,0.0842358857508682,183.180682764363,15.4285714285714,0.280917016467549,54.9221674876847,11.8728220310235,652.081120139347,149
2017-05-29,9,10.5,296.875,2.88248337028825,0.145161290322581,0.0842358857508682,183.180682764363,15.4285714285714,0.280917016467549,54.9221674876847,11.8728220310235,652.081120139347,149
2017-05-30,9,10.7,296.25,2.82705099778271,0.161290322580645,0.0842358857508682,183.180682764363,15.95,0.24216984178237,65.8628666666667,11.4846823049757,756.414099361643,150
2017-06-01,9,10.9,314.0625,1.10864745011086,0.0806451612903226,0.0737064000320096,183.180682764363,14.5571428571429,0.642557313529222,22.6550107681263,12.5835601506432,285.080690714187,152
2017-06-05,9,11.3,317.5,3.65853658536585,0.274193548387097,0.0631769143131511,191.50707743547,17.6428571428571,0.703907006780756,25.0641874180865,10.8546521623344,272.063036154886,156
2017-06-12,9,11.8,332.1875,2.99334811529934,0.306451612903226,0.0315884571565756,208.159866777685,18,0.791088149822409,22.7534693877551,11.5644370432047,263.13106424918,163
2017-06-12,9,11.8,332.1875,2.99334811529934,0.306451612903226,0.0315884571565756,183.180682764363,18,0.791088149822409,22.7534693877551,10.1767045980202,231.555336539278,163
2017-06-19,9,12.4,299.375,1.44124168514412,0.258064516129032,0.0526474285942926,233.139050791007,16,0.73942525024217,21.6384279475983,14.571190674438,315.297659519542,170
2017-06-26,9,12.6,302.1875,2.49445676274945,0.290322580645161,0.0631769143131511,NA,18.4142857142857,0.923474329996771,19.9402247752248,NA,NA,177
2017-07-05,9,12.8,288.4375,4.04656319290466,0.306451612903226,0.0947653714697267,233.139050791007,17.3285714285714,0.435905715208266,39.7530264550265,13.4540260143203,534.838252073889,186
2017-07-10,9,13.0223,265.165625,5.65410199556541,0.354838709677419,0.0737064000320096,199.833472106578,19.9714285714286,0.4972554084598,40.1633209647495,10.0059678451076,401.872898126021,191
2017-07-13,9,13.2,236.5625,7.37250554323725,0.419354838709677,0.0842358857508682,208.159866777685,21.9,0.48433968356474,45.2162,9.50501674783951,429.780738273661,194
2017-07-17,9,13.8,255,6.70731707317073,0.32258064516129,0.0842358857508682,174.854288093256,21.5428571428571,0.445592508879561,48.3465424430642,8.11657835976651,392.408500162908,198
2017-07-17,9,13.8,255,6.70731707317073,0.32258064516129,0.0842358857508682,224.8126561199,21.5428571428571,0.445592508879561,48.3465424430642,10.4356007482712,504.525214495167,198
2017-07-24,9,14.1,238.75,9.58980044345898,0.354838709677419,0.0631769143131511,199.833472106578,25.9714285714286,0.429447852760736,60.4763265306122,7.69435811191444,465.326513619603,205
2017-07-31,9,14.3,239.0625,14.3569844789357,0.354838709677419,0.0737064000320096,199.833472106578,28.9714285714286,0.316435259928964,91.5556268221574,6.89760505298839,631.514554198032,212
2017-08-07,9,14.6,211.875,16.5742793791574,0.354838709677419,0.105294857188585,199.833472106578,34.1857142857143,0.371327090732967,92.0636149068323,5.84552571979125,538.160228794845,219
2017-08-14,9,14.8,193.4375,19.7339246119734,0.338709677419355,0.0631769143131511,166.527893422148,39.6428571428571,0.47788182111721,82.9553571428571,4.20070361785599,348.470868870536,226
2017-08-21,9,15,190.625,6.59645232815965,0.129032258064516,0.0737064000320096,241.465445462115,26.8571428571429,0.7458831126897,36.0071737786023,8.99073467146173,323.730945712628,233
2017-08-28,9,15.1,190.3125,20.7317073170732,0.354838709677419,0.0737064000320096,174.854288093256,41.3571428571429,0.571520826606393,72.3633171912833,4.22791024750532,305.945610296504,240
2017-09-04,9,15.2,184.6875,18.0709534368071,0.258064516129032,0.0526474285942926,183.180682764363,38.5,0.603810138844043,63.7617647058824,4.75793981206138,303.374638781408,247
2017-09-11,9,15.3,215.625,9.31263858093126,0.209677419354839,0.0631769143131511,241.465445462115,28.9285714285714,0.71359380045205,40.5392695539754,8.34695367029533,338.379404794647,254
2017-09-18,9,15.4,226.25,26.3858093126386,0.467741935483871,0.0631769143131511,166.527893422148,48,1.02034226670972,47.0430379746835,3.46933111296142,163.207875293795,261
2017-09-25,9,15.5,226.25,20.2328159645233,0.451612903225806,NA,166.527893422148,38.1428571428571,0.568291895382628,67.1184253246753,4.36589982754696,293.032321550223,268
2017-10-02,9,15.7,225.625,13.8026607538803,0.419354838709677,0.0526474285942926,141.548709408826,31,0.613496932515337,50.53,4.56608740028471,230.724396336386,275
2017-10-09,9,15.8,222.5,NA,0.387096774193548,0.0315884571565756,158.201498751041,24.0714285714286,0.47142395866968,51.0611056751468,6.57216908758033,335.582220295872,282
2017-10-16,9,15.8,225.3125,12.3059866962306,0.467741935483871,0.0737064000320096,208.159866777685,26.0714285714286,0.581207620277688,44.8573412698413,7.98421406818519,358.150615228051,289
2017-10-23,9,12.3,289.0625,13.1374722838137,0.483870967741935,0.0526474285942926,224.8126561199,28.3571428571429,0.584436551501453,48.5204814522494,7.92790223092847,384.665633151011,296
2017-10-23,9,15.9,222.5,13.1374722838137,0.483870967741935,0.0526474285942926,224.8126561199,28.3571428571429,0.584436551501453,48.5204814522494,7.92790223092847,384.665633151011,296
2017-10-30,9,13.6,264.375,0.776053215077605,0.0645161290322581,0.0737064000320096,383.014154870941,17.1428571428571,0.791088149822409,21.669970845481,22.3424923674716,484.161158218491,303
2017-11-06,9,13.3,285.9375,1.10864745011086,0.0483870967741935,0.0947653714697267,341.382181515404,15.5714285714286,0.616725863739102,25.2485415108452,21.9236263358516,553.539589609008,310
2017-12-11,9,5.8,346.5625,0.554323725055432,0.0645161290322581,0.0737064000320096,383.014154870941,17.0714285714286,0.684533419438166,24.9387803234501,22.4359755991346,559.525866809106,345
2018-01-15,9,3.2,382.8125,0.554323725055432,0.0645161290322581,0.0947653714697267,407.993338884263,17.1785714285714,0.587665482725218,29.231887755102,23.7501319932627,694.261192595914,15
2018-02-19,9,5.1,387.1875,0.443458980044346,0.419354838709677,0.115824342907444,299.750208159867,18.35,0.626412657410397,29.2937886597938,16.3351612076222,478.518760139746,50
2018-03-19,9,5.6,369.0625,0.388026607538803,0.0806451612903226,0.0947653714697267,299.750208159867,16,0.548918308040039,29.1482352941176,18.7343880099917,546.074349806534,78
2018-04-04,9,6.2,317.1875,0.388026607538803,0.0483870967741935,0.0842358857508682,291.423813488759,16.4357142857143,0.190506942202131,86.2735714285714,17.7311316333882,1529.72805148252,94
2018-04-10,9,6.6,296.25,0.831485587583149,0.17741935483871,0.0947653714697267,283.097418817652,15.1428571428571,0.548918308040039,27.5867226890756,18.6951125634298,515.736885928393,100
2018-04-23,9,7.169,229.646875,1.27494456762749,0.209677419354839,0.0947653714697267,283.097418817652,16.8,0.184049079754601,91.28,16.851036834384,1538.16264224258,113
2018-04-23,9,7.169,229.646875,1.27494456762749,0.209677419354839,0.0947653714697267,283.097418817652,16.8,0.184049079754601,91.28,16.851036834384,1538.16264224258,113
2018-04-23,9,7.169,229.646875,1.27494456762749,0.209677419354839,0.0947653714697267,283.097418817652,16.8,0.184049079754601,91.28,16.851036834384,1538.16264224258,113
2018-04-30,9,8.171,278.865625,0.443458980044346,0.0645161290322581,0.0842358857508682,266.444629475437,15.7642857142857,0.145301905069422,108.493317460317,16.9017889109928,1833.73114996762,120
2018-05-07,9,8.8068,282.109375,2.32815964523282,0.129032258064516,0.0842358857508682,274.771024146545,12.7714285714286,0.22279625443978,57.3233540372671,21.5145097206467,1233.28385765485,127
2018-05-14,9,9.3321,282.7375,3.7139689578714,0.290322580645161,0.136883314345161,274.771024146545,18.0928571428571,0.290603810138844,62.2595317460317,15.1867127439859,945.517624202054,134
2018-05-21,9,9.6577,278.7125,2.82705099778271,0.435483870967742,0.0737064000320096,258.11823480433,19.6285714285714,0.300290603810139,65.3652534562212,13.1501284107009,859.561476547322,141
2018-05-28,9,9.786,194.303125,0.554323725055432,0.0483870967741935,0.105294857188585,283.097418817652,12.2428571428571,0.319664191152728,38.2991197691198,23.1234764495165,885.608794018452,148
2018-06-04,9,10.1344,241.171875,0.498891352549889,0.0161290322580645,0.0631769143131511,258.11823480433,11.8642857142857,0.251856635453665,47.1072985347985,21.7559017896485,1024.86176049873,155
2018-06-11,9,10.3943,246.271875,0.16629711751663,0.0483870967741935,0.0631769143131511,274.771024146545,15.3428571428571,0.25508556667743,60.1478842676311,17.908725968583,1077.17197693905,162
2018-06-18,9,10.6338,249.015625,0.554323725055432,0.032258064516129,0.0526474285942926,224.8126561199,14.8214285714286,0.213109460768486,69.5484307359307,15.1680828225475,1054.9163575808,169
2018-06-25,9,10.8517,246.765625,1.10864745011086,0.0806451612903226,0.0631769143131511,249.791840133222,11.15,0.552147239263804,20.1938888888889,22.4028556173294,452.400777130169,176
2018-07-02,9,11.0438,239.3375,1.82926829268293,0.0806451612903226,0.0842358857508682,249.791840133222,16.8428571428571,0.319664191152728,52.6892207792208,14.8307284218198,781.419524133929,183
2018-07-09,9,11.2399,233.075,0.665188470066519,0.0483870967741935,0.0421179428754341,233.139050791007,14.65,0.129157248950597,113.427625,15.9139283816387,1805.07910074938,190
2018-07-16,9,11.4164,231.303125,1.94013303769401,0.0645161290322581,0.0737064000320096,224.8126561199,14.4857142857143,0.435905715208266,33.2313015873016,15.5196113692239,515.736885928393,197
2018-07-23,9,11.6,182.1875,3.38137472283814,0.0645161290322581,0.0526474285942926,208.159866777685,15.4928571428571,0.422989990313206,36.6270065430752,13.4358604651341,492.115349168314,204
2018-07-30,9,11.9169,93.23125,6.70731707317073,0.0806451612903226,0.0526474285942926,208.159866777685,22.3785714285714,0.339037778495318,66.0061292517007,9.30174955278517,613.972483248087,211
2018-08-06,9,11.6471,3.03125,18.2926829268293,0.0645161290322581,0.0631769143131511,291.423813488759,26.2214285714286,0.939618986115596,27.9064482081492,11.1139563847525,310.151048238724,218
2018-08-13,9,12.0169,56.396875,11.2527716186253,0.0806451612903226,0.0315884571565756,241.465445462115,22.15,0.768485631256054,28.8229201680672,10.9013745129623,314.209447309315,225
2018-08-20,9,11.7712,2.565625,23.669623059867,0.0483870967741935,0.0842358857508682,366.361365528726,43.6642857142857,0.574749757830158,75.9709510433387,8.39041242827117,637.427611821609,232
2018-08-27,9,11.7345,1.81875,52.4944567627495,0.0483870967741935,0.0315884571565756,391.340549542048,94.8785714285714,1.22053600258315,77.7351681783825,4.1246463100118,320.630074585112,239
2018-09-03,9,11.9602,2.2375,18.4035476718404,0.0806451612903226,0.136883314345161,283.097418817652,35.4357142857143,0.949305779786891,37.3280296404276,7.98904225649492,298.215206149071,246
2018-09-10,9,12.2505,2.134375,18.4589800443459,0.0483870967741935,0.0421179428754341,199.833472106578,36.1642857142857,0.674846625766871,53.5888961038961,5.52571323225773,296.116872303384,253
2018-09-17,9,13.0473,2.184375,13.0820399113082,0.0645161290322581,0.0315884571565756,249.791840133222,34.6642857142857,0.787859218598644,43.9980708430913,7.20602876955515,317.051364300242,260
2018-09-24,9,13.3283,2.959375,11.9179600886918,0.032258064516129,0.147412800064019,208.159866777685,32.8428571428571,1.35938004520504,24.1601730573465,6.33805596974248,153.128529076126,267
2018-10-01,9,13.1904,3.215625,29.9334811529933,0.0645161290322581,0.168471771501736,308.076602830974,48.5785714285714,3.41298030351953,14.2334754696581,6.34182096696609,90.266153166275,274
2018-10-08,9,13.0627,3.3,40.7427937915743,0.0645161290322581,0.168471771501736,399.666944213156,61.7928571428571,4.63997416855021,13.3175002485336,6.46785021267389,86.1355968147629,281
2018-10-15,9,13.1973,3.234375,44.7339246119734,0.0483870967741935,0.221119200096029,349.708576186511,61.6642857142857,3.15143687439458,19.5670382025761,5.67116884815378,110.967977505085,288
2018-10-20,9,NA,NA,73.7250554323725,0.0645161290322581,0.263237142971463,449.6253122398,106.342857142857,3.13852114949952,33.8831099353322,4.22807252240543,143.26024609122,293
2018-10-22,9,12.9634,5.921875,64.3015521064302,0.0483870967741935,0.242178171533746,407.993338884263,88.3642857142857,3.86503067484663,22.8625056689342,4.61717463776549,105.560181330373,295
2018-10-29,9,11.969,229.696875,1.94013303769401,0.241935483870968,0.136883314345161,324.729392173189,18.7,0.697449144333226,26.8119907407407,17.3652081376037,465.595799796466,302
2018-11-19,9,7.9741,295.15625,1.21951219512195,0.548387096774194,0.147412800064019,241.465445462115,15.4857142857143,0.506942202131095,30.5472975432211,15.5927870685868,476.31750611221,323
2018-12-17,9,4.3914,350.9375,0.277161862527716,0.403225806451613,0.126353828626302,208.159866777685,10.0071428571429,0.258314497901195,38.7401517857143,20.8011287286766,805.838884263114,351
2019-01-21,9,3.4,400.9375,0.0554323725055432,0.0483870967741935,0.0105294857188585,174.854288093256,10.1785714285714,0.26154342912496,38.917328042328,17.17866690039,668.547815092361,21
2019-02-08,9,4.184,322.8,0.554323725055432,0,0.0105294857188585,166.527893422148,23.5714285714286,0.0678075556990636,347.622448979592,7.06481972093962,2455.88993299235,39
2019-03-18,9,5.7,361.25,0.665188470066519,0.612903225806452,0.105294857188585,158.201498751041,25,0.219567323216015,113.860294117647,6.32805995004163,720.514767105843,77
2019-04-01,9,6.7,288.4375,2.4390243902439,0.596774193548387,0.0737064000320096,158.201498751041,12.8571428571429,0.174362286083306,73.7380952380952,12.3045610139698,907.314891911062,91
2019-04-15,9,NA,NA,1.94013303769401,0.354838709677419,0.0737064000320096,224.8126561199,12.8571428571429,0.2486277042299,51.7124304267161,17.4854288093256,904.214020783546,105
2019-04-22,9,NA,NA,3.60310421286031,0.435483870967742,0.0631769143131511,183.180682764363,25.3928571428571,0.47788182111721,53.1362693050193,7.21386655049531,383.317955757589,112
2019-04-29,9,NA,NA,1.82926829268293,0.145161290322581,0.0631769143131511,233.139050791007,27.7142857142857,0.345495640942848,80.2160213618157,8.41223379142811,674.795925513785,119
2019-05-06,9,8.3,184.6875,8.81374722838138,0.516129032258065,0.021058971437717,183.180682764363,35.7857142857143,0.339037778495318,105.550816326531,5.11882147445326,540.295785258317,126
2019-05-13,9,8.4,162.5,17.0731707317073,0.0483870967741935,0.0105294857188585,199.833472106578,53.1428571428571,0.939618986115596,56.5578792341679,3.7603072708227,212.675004506554,133
2019-05-16,9,NA,NA,NA,NA,NA,NA,46.7142857142857,1.24636745237326,37.4803478904515,NA,NA,136
2019-05-20,9,8.6,117.1875,3.38137472283814,0.0483870967741935,0.0315884571565756,141.548709408826,35.7857142857143,1.74362286083306,20.5237698412698,3.95545295753206,81.1808061183582,140
2019-05-23,9,NA,NA,NA,NA,NA,NA,27.1428571428571,0.116241524055538,233.503968253968,NA,NA,143
2019-05-27,9,8.7,69.0625,1.27494456762749,0.0483870967741935,0.021058971437717,166.527893422148,15.2142857142857,0.316435259928964,48.0802478134111,10.9454953423008,526.26212849836,147
2019-05-30,9,NA,NA,NA,NA,NA,NA,27.5357142857143,0.73942525024217,37.2393480973175,NA,NA,150
2019-06-03,9,8.6908,4.90625,1.33037694013304,0.0483870967741935,0.0315884571565756,208.159866777685,25.7142857142857,0.561834032935099,45.7684729064039,8.09510593024332,370.500636442811,154
2019-06-03,9,8.6908,4.90625,1.33037694013304,0.0483870967741935,0.0315884571565756,208.159866777685,25.7142857142857,0.561834032935099,45.7684729064039,8.09510593024332,370.500636442811,154
2019-06-06,9,9.5675,146.58125,NA,NA,NA,NA,10.5,0.0807232805941233,130.074,NA,NA,157
2019-06-10,9,9.8561,182.03125,NA,NA,NA,141.548709408826,19.7142857142857,0.303519535033904,64.9522796352583,7.18000699899842,466.357822382057,161
2019-06-13,9,10.1177,209.25,NA,NA,NA,NA,27.5,0.280917016467549,97.8936781609195,NA,NA,164
2019-06-17,9,10.3476,226.10625,1.49667405764967,0.0483870967741935,0.0105294857188585,141.548709408826,12.8571428571429,0.193735873425896,66.3642857142857,11.0093440651309,730.627255065223,168
2019-06-20,9,10.0965,124.028125,NA,NA,NA,NA,20.4642857142857,0.309977397481434,66.0186383928571,NA,NA,171
2019-06-24,9,10.02,47.34375,11.5853658536585,0.0967741935483871,0.021058971437717,133.222314737719,26.4642857142857,0.22279625443978,118.782453416149,5.03404158253188,597.95580977205,175
2019-06-27,9,10.0135,0.3125,7.15077605321508,0.0806451612903226,0.021058971437717,149.875104079933,0,-0.226025185663545,0,Inf,-663.090281907934,178
2019-07-01,9,10.0362,24.61875,23.3370288248337,0.0483870967741935,0.0421179428754341,424.646128226478,46.0714285714286,0.548918308040039,83.9313025210084,9.21712526383053,773.60532889259,182
2019-07-03,9,10.0322,4.771875,NA,NA,NA,NA,25.9285714285714,0.129157248950597,200.751964285714,NA,NA,184
2019-07-08,9,10.164,23.303125,NA,NA,NA,133.222314737719,37.3928571428571,0.458508233774621,81.5532947686117,3.56277441514434,290.555992072334,189
2019-07-11,9,NA,NA,NA,NA,NA,99.9167360532889,20.0357142857143,0.300290603810139,66.7210829493087,4.98693156772209,332.733474792512,192
2019-07-15,9,10.9897,161.95625,8.14855875831486,0.0967741935483871,0.0737064000320096,208.159866777685,40.2857142857143,0.594123345172748,67.8069875776397,5.16708889164467,350.36473228831,196
2019-07-18,9,11.148,172.2125,8.42572062084257,0.0967741935483871,0.0315884571565756,233.139050791007,31.3928571428571,0.448821440103326,69.9450924974306,7.42649991143141,519.44722323723,199
2019-07-22,9,10.9336,0.3125,18.8470066518847,0.0483870967741935,0.0631769143131511,291.423813488759,49,1.45301905069422,33.7228888888889,5.94742476507672,200.564344527708,203
2019-07-24,9,NA,NA,NA,NA,NA,NA,57.6428571428571,0.629641588634162,91.5486813186813,NA,NA,205
2019-07-29,9,10.8844,3.61875,40.0221729490022,0.0483870967741935,0.0737064000320096,233.139050791007,70.3928571428571,0.594123345172748,118.48189052795,3.31197028013608,392.408500162908,210
2019-08-01,9,10.8854,3.115625,NA,NA,NA,NA,61.5,0.536002583144979,114.738253012048,NA,NA,213
2019-08-05,9,10.8379,2.8375,39.3569844789357,0.0483870967741935,0.0631769143131511,299.750208159867,58,0.542460445592509,106.920238095238,5.16810703723908,552.575234923278,217
2019-08-08,9,11.4248,61.33125,NA,NA,NA,NA,72.6428571428571,0.929932192444301,78.1162946428571,NA,NA,220
2019-08-12,9,11.6691,76.55625,19.9556541019956,0.0645161290322581,0.0315884571565756,133.222314737719,26.1428571428571,0.616725863739102,42.3897531787584,5.09593553641546,216.015449603515,224
2019-08-14,9,NA,NA,22.2838137472284,0.0483870967741935,0.0737064000320096,124.895920066611,NA,NA,NA,NA,NA,226
2019-08-19,9,11.9827,77.028125,23.3924611973392,0.112903225806452,0.0421179428754341,133.222314737719,37.2142857142857,0.997739748143365,37.2985899214055,3.57987026166614,133.52411286172,231
2019-08-22,9,11.7294,3.09375,30.5432372505543,0.112903225806452,0.0737064000320096,141.548709408826,52.5,1.75976751695189,29.8334862385321,2.69616589350145,80.4360280805751,234
2019-08-28,9,11.6327,1.5625,58.7583148558758,0.0483870967741935,0.105294857188585,224.8126561199,114.964285714286,1.82757507265095,62.9053697627461,1.95549996003641,123.011448057126,240
2019-09-02,9,11.6379,2.234375,91.4634146341463,0.0483870967741935,0.105294857188585,358.034970857619,157.821428571429,2.04068453341944,77.3374943490054,2.26860809776269,175.44846594083,245
2019-09-11,9,12.2913,17.971875,38.0266075388027,0.0483870967741935,0.021058971437717,99.9167360532889,61.6071428571429,1.07200516628996,57.4690727194492,1.62183687506788,93.2054613123602,254
2019-09-20,9,12.5653,35.41875,48.9467849223947,0.0483870967741935,0.0315884571565756,99.9167360532889,79.6071428571428,1.28511462705844,61.9455581478823,1.25512274988429,77.7492792856874,263
2019-09-27,9,12.7803,43.096875,51.1640798226164,0.0483870967741935,0.0421179428754341,133.222314737719,78.5357142857143,1.07200516628996,73.2605744406196,1.69632779111238,124.27394841648,270
2019-10-04,9,12.9888,52.3125,60.4212860310421,0.0806451612903226,0.0315884571565756,224.8126561199,98.8928571428571,0.9945108169196,99.4386943413729,2.27329518647786,226.053505195887,277
2019-10-11,9,13.198,60.46875,63.7472283813747,0.0483870967741935,0,91.5903413821815,91.3928571428571,0.946076848563126,96.6019380789859,1.00216082794102,96.8106782459441,284
2019-10-16,9,NA,NA,63.1929046563193,0.112903225806452,0,108.243130724396,86.9285714285714,0.784630287374879,110.789212228101,1.24519624498073,137.954311050805,289
2019-10-23,9,13.6224,99.2875,64.8558758314856,0.0483870967741935,0.0421179428754341,149.875104079933,92.4642857142857,0.723280594123345,127.840130739796,1.62089722450295,207.215713096229,296
2019-10-25,9,13.7024,134.415625,36.2527716186253,0.112903225806452,0.0421179428754341,241.465445462115,NA,NA,NA,NA,NA,298
2019-10-28,9,13.7343,138.946875,31.3747228381375,0.112903225806452,0.0421179428754341,199.833472106578,NA,NA,NA,NA,NA,301
2019-10-30,9,13.7502,144.496875,29.6563192904656,0.0483870967741935,0.0421179428754341,283.097418817652,59.7857142857143,0.73296738779464,81.5666771554437,4.7352017484434,386.234672281175,303
2019-11-08,9,11.6828,205.621875,2.99334811529934,0.0483870967741935,0.0947653714697267,391.340549542048,39,1.27542783338715,30.5779746835443,10.0343730651807,306.830805552335,312
2019-11-20,9,7.3809,257.559375,0.110864745011086,0.0483870967741935,0.126353828626302,474.604496253122,38.1428571428571,1.06231837261866,35.9052974381242,12.4428145085088,446.762955895416,324
